entry_idx,exit_idx,entry_time,exit_time,entry_price,exit_price,position,pnl,return_pct,prediction,correct
1,61,2024-07-01 11:01:00+00:00,2024-07-01 12:13:00+00:00,545.18,545.34,-5,-0.9000000000004093,-0.029348105212972205,-0.03027731491807815,False
61,121,2024-07-01 12:13:00+00:00,2024-07-01 13:15:00+00:00,545.34,544.84,5,-2.6,-0.09168592071001577,0.03516940766554164,False
121,181,2024-07-01 13:15:00+00:00,2024-07-01 14:15:00+00:00,544.84,542.92,7,-13.58000000000051,-0.3523970339916439,0.04292458674385262,False
181,241,2024-07-01 14:15:00+00:00,2024-07-01 15:15:00+00:00,542.92,543.85,-11,-10.450000000000701,-0.1712959552051985,-0.09138250820540485,False
241,301,2024-07-01 15:15:00+00:00,2024-07-01 16:15:00+00:00,543.85,544.95,5,5.400000000000114,0.2022616530293321,0.03297713230447739,True
710,770,2024-07-02 09:47:00+00:00,2024-07-02 11:41:00+00:00,543.25,542.97,5,-1.4999999999998637,-0.051541647491941595,0.033783298531591066,False
771,831,2024-07-02 11:42:00+00:00,2024-07-02 12:44:00+00:00,542.91,543.02,5,0.4500000000000682,0.020261185095137985,0.03522558777464717,True
838,898,2024-07-02 12:51:00+00:00,2024-07-02 13:51:00+00:00,542.97,545.26,7,15.889999999999745,0.4217544247380083,0.039522044923599634,True
898,958,2024-07-02 13:51:00+00:00,2024-07-02 14:51:00+00:00,545.26,545.63,-10,-3.9000000000000457,-0.06785753585445559,-0.06211788692425195,False
959,1019,2024-07-02 14:52:00+00:00,2024-07-02 15:52:00+00:00,545.6,546.24,5,3.0999999999999317,0.11730205278592123,0.034079836222672015,True
1493,1553,2024-07-03 10:50:00+00:00,2024-07-03 12:13:00+00:00,549.36,548.7097,5,-3.3515000000000783,-0.11837410805300998,0.03263260866536389,False
1553,1613,2024-07-03 12:13:00+00:00,2024-07-03 13:15:00+00:00,548.7097,548.45,9,-2.517299999999573,-0.047329216159282865,0.054956604407657844,False
1613,1673,2024-07-03 13:15:00+00:00,2024-07-03 14:15:00+00:00,548.45,549.8099,7,9.379299999999475,0.24795332300117148,0.0373915577219048,True
1673,1733,2024-07-03 14:15:00+00:00,2024-07-03 15:15:00+00:00,549.8099,550.295,5,2.3254999999999426,0.08823049566768233,0.03399839838784176,True
1743,1803,2024-07-03 15:25:00+00:00,2024-07-03 16:25:00+00:00,550.16,550.995,5,4.075000000000182,0.15177402937327986,0.03545046673661688,True
2059,2119,2024-07-05 11:14:00+00:00,2024-07-05 12:23:00+00:00,551.58,551.59,9,-0.09000000000008186,0.0018129736393616344,0.055195147382068085,True
2119,2179,2024-07-05 12:23:00+00:00,2024-07-05 13:24:00+00:00,551.59,551.69,5,0.40000000000011365,0.018129407712254162,0.036989604407833984,True
2189,2249,2024-07-05 13:34:00+00:00,2024-07-05 14:34:00+00:00,551.98,552.2503,5,1.2515000000001009,0.04896916554948009,0.03240775494174602,True
2254,2314,2024-07-05 14:39:00+00:00,2024-07-05 15:39:00+00:00,552.24,553.11,5,4.250000000000023,0.1575401999130821,0.03226201640999894,True
2758,2818,2024-07-08 10:45:00+00:00,2024-07-08 12:17:00+00:00,554.49,554.99,5,2.4,0.09017295172140165,0.03232995481583028,True
2826,2886,2024-07-08 12:27:00+00:00,2024-07-08 13:28:00+00:00,555.0,555.38,9,3.239999999999959,0.06846846846846766,0.04505342388542436,True
2894,2954,2024-07-08 13:36:00+00:00,2024-07-08 14:36:00+00:00,555.7199,555.0099,5,-3.650000000000182,-0.12776220538440972,0.035531904571447136,False
2970,3030,2024-07-08 14:52:00+00:00,2024-07-08 15:52:00+00:00,555.06,554.99,9,-0.8099999999994271,-0.012611249234305543,0.054905026055732005,False
3499,3559,2024-07-09 11:12:00+00:00,2024-07-09 12:31:00+00:00,556.41,556.17,5,-1.3000000000000456,-0.0431336604302599,0.03396842714979663,False
3561,3621,2024-07-09 12:34:00+00:00,2024-07-09 13:38:00+00:00,556.1213,556.44,5,1.4935000000001764,0.05730764133652771,0.03680041607980156,True
3623,3683,2024-07-09 13:40:00+00:00,2024-07-09 14:40:00+00:00,556.32,556.44,7,0.7000000000000318,0.021570319240725576,0.04039492848883604,True
3685,3745,2024-07-09 14:42:00+00:00,2024-07-09 15:42:00+00:00,556.61,556.0,5,-3.1500000000000683,-0.10959199439464141,0.03093970002970533,False
4216,4276,2024-07-10 11:45:00+00:00,2024-07-10 12:49:00+00:00,557.11,557.19,-5,-0.5000000000002046,-0.014359821220233155,-0.030379413010143106,False
4286,4346,2024-07-10 12:59:00+00:00,2024-07-10 14:00:00+00:00,557.13,557.285,5,0.6749999999998636,0.027821154847158244,0.03578477181811162,True
4354,4414,2024-07-10 14:08:00+00:00,2024-07-10 15:08:00+00:00,557.65,557.19,-5,2.1999999999996134,0.08248901640812745,-0.031166552159015946,True
4420,4480,2024-07-10 15:14:00+00:00,2024-07-10 16:14:00+00:00,557.07,558.09,5,4.999999999999909,0.1831008670364553,0.030246508261441554,True
4921,4981,2024-07-11 09:45:00+00:00,2024-07-11 11:54:00+00:00,561.04,560.81,7,-1.7500000000001275,-0.04099529445316166,0.03938225264486597,False
4981,5041,2024-07-11 11:54:00+00:00,2024-07-11 12:56:00+00:00,560.81,561.44,8,4.880000000000873,0.11233751181328956,0.05096451549408115,True
5091,5151,2024-07-11 13:46:00+00:00,2024-07-11 14:46:00+00:00,561.83,559.415,5,-12.175000000000386,-0.4298453268782509,0.030370652800415173,False
5177,5237,2024-07-11 15:12:00+00:00,2024-07-11 16:12:00+00:00,558.61,557.23,7,-9.799999999999969,-0.247041764379441,0.03878968987782266,False
5692,5752,2024-07-12 10:48:00+00:00,2024-07-12 12:21:00+00:00,557.08,556.92,8,-1.4400000000006548,-0.02872118905724166,0.04390334041438872,False
5752,5812,2024-07-12 12:21:00+00:00,2024-07-12 13:21:00+00:00,556.92,557.17,10,2.3000000000000003,0.04488975077210371,0.05924544849540707,True
5812,5872,2024-07-12 13:21:00+00:00,2024-07-12 14:21:00+00:00,557.17,559.6,5,12.050000000000319,0.43613259866828147,0.0322946436263401,True
5872,5932,2024-07-12 14:21:00+00:00,2024-07-12 15:21:00+00:00,559.6,561.33,7,11.970000000000127,0.30914939242316264,0.03953032822082266,True
6465,6525,2024-07-15 11:26:00+00:00,2024-07-15 12:35:00+00:00,562.26,561.91,-5,1.6500000000001136,0.0622487817024193,-0.03045447219557161,True
6526,6586,2024-07-15 12:36:00+00:00,2024-07-15 13:40:00+00:00,561.86,562.65,5,3.849999999999818,0.14060442103014337,0.03441365282936907,True
6586,6646,2024-07-15 13:40:00+00:00,2024-07-15 14:40:00+00:00,562.65,563.14,8,3.7600000000000726,0.08708788767439957,0.046481244199828936,True
6667,6727,2024-07-15 15:01:00+00:00,2024-07-15 16:01:00+00:00,564.04,563.52,10,-5.399999999999818,-0.09219204311750619,0.066958583856195,False
7187,7247,2024-07-16 10:33:00+00:00,2024-07-16 12:22:00+00:00,562.3,562.29,-5,-0.05000000000004548,0.0017784101013677584,-0.03351378566098202,True
7253,7313,2024-07-16 12:30:00+00:00,2024-07-16 13:31:00+00:00,562.37,563.0,-8,-5.199999999999964,-0.11202589042800923,-0.058793544920256215,False
7318,7378,2024-07-16 13:36:00+00:00,2024-07-16 14:36:00+00:00,563.08,562.77,7,-2.310000000000414,-0.05505434396534402,0.037284871176654584,False
7383,7443,2024-07-16 14:41:00+00:00,2024-07-16 15:41:00+00:00,563.51,563.085,8,-3.5599999999996363,-0.07542013451402008,0.04502917585105382,False
7934,7994,2024-07-17 09:50:00+00:00,2024-07-17 11:20:00+00:00,560.77,559.26,5,-7.649999999999954,-0.2692726073078073,0.03561321015356504,False
7995,8055,2024-07-17 11:21:00+00:00,2024-07-17 12:22:00+00:00,559.31,559.69,7,2.520000000000764,0.06794085569721785,0.0386088955443529,True
8056,8116,2024-07-17 12:23:00+00:00,2024-07-17 13:23:00+00:00,559.82,559.0,-8,6.4000000000004,0.14647565288843734,-0.05506214377086015,True
8116,8176,2024-07-17 13:23:00+00:00,2024-07-17 14:23:00+00:00,559.0,559.08,5,0.3000000000002046,0.014311270125230934,0.03305675455163293,True
8233,8293,2024-07-17 15:20:00+00:00,2024-07-17 16:20:00+00:00,558.305,557.7852,5,-2.6989999999995917,-0.09310323210430112,0.03222711969128018,False
8762,8822,2024-07-18 09:45:00+00:00,2024-07-18 11:24:00+00:00,557.9,557.92,7,-1.273321725836496e-13,0.0035848718408284298,0.041893833806455,True
8825,8885,2024-07-18 11:29:00+00:00,2024-07-18 12:33:00+00:00,557.81,558.4,5,2.850000000000159,0.10577078216597621,0.0359667805037118,True
8912,8972,2024-07-18 13:00:00+00:00,2024-07-18 14:00:00+00:00,558.84,558.64,-5,0.9000000000002274,0.03578841886766256,-0.03045447219557161,True
8981,9041,2024-07-18 14:09:00+00:00,2024-07-18 15:09:00+00:00,559.425,555.9,-8,28.039999999999818,0.6301112749698311,-0.053505594011853036,True
9041,9101,2024-07-18 15:09:00+00:00,2024-07-18 16:09:00+00:00,555.9,553.54,-5,11.700000000000069,0.4245367871919435,-0.0362892768238285,True
9581,9641,2024-07-19 10:07:00+00:00,2024-07-19 11:38:00+00:00,553.19,553.66,5,2.249999999999568,0.08496176720474223,0.032508855216086055,True
9642,9702,2024-07-19 11:39:00+00:00,2024-07-19 12:45:00+00:00,553.64,553.69,-5,-0.3500000000003411,-0.009031139368555055,-0.033946620016425545,False
9713,9773,2024-07-19 12:58:00+00:00,2024-07-19 13:58:00+00:00,553.9,553.01,-5,4.349999999999932,0.16067882289221636,-0.03351378566098202,True
9801,9861,2024-07-19 14:26:00+00:00,2024-07-19 15:26:00+00:00,551.7301,550.45,7,-9.100699999999634,-0.23201561778122085,0.04184424471173162,False
9861,9921,2024-07-19 15:26:00+00:00,2024-07-19 16:26:00+00:00,550.45,550.09,9,-3.420000000000123,-0.06540103551639814,0.044855709470653135,False
10355,10415,2024-07-22 09:56:00+00:00,2024-07-22 11:30:00+00:00,551.46,551.76,-5,-1.5999999999997727,-0.05440104450004615,-0.03337665986419493,False
10441,10501,2024-07-22 12:00:00+00:00,2024-07-22 13:00:00+00:00,552.17,552.31,-9,-1.4399999999998772,-0.025354510386291607,-0.052121217479702664,False
10541,10601,2024-07-22 13:40:00+00:00,2024-07-22 14:40:00+00:00,553.66,554.19,5,2.550000000000432,0.09572661922481061,0.035899208471496746,True
10604,10664,2024-07-22 14:43:00+00:00,2024-07-22 15:43:00+00:00,554.22,551.5511,9,-24.20010000000007,-0.481559669445348,0.05171356610247743,False
11161,11221,2024-07-23 10:25:00+00:00,2024-07-23 11:56:00+00:00,554.73,555.15,-5,-2.1999999999997955,-0.07571250878805168,-0.03351378566098202,False
11223,11283,2024-07-23 12:00:00+00:00,2024-07-23 13:04:00+00:00,555.31,554.84,-5,2.249999999999568,0.08463740973508736,-0.03587638460111454,True
11283,11343,2024-07-23 13:04:00+00:00,2024-07-23 14:05:00+00:00,554.84,555.755,5,4.4749999999998185,0.16491240718044187,0.03431070717551226,True
11343,11403,2024-07-23 14:05:00+00:00,2024-07-23 15:05:00+00:00,555.755,555.285,5,-2.4500000000001365,-0.08456963949942461,0.03624866944568624,False
11405,11465,2024-07-23 15:07:00+00:00,2024-07-23 16:07:00+00:00,555.47,556.21,5,3.6000000000000454,0.13322051595945938,0.0312023279061617,True
11989,12049,2024-07-24 09:47:00+00:00,2024-07-24 11:24:00+00:00,549.73,550.1,5,1.7500000000000226,0.06730576828625044,0.03545667486938865,True
12057,12117,2024-07-24 11:32:00+00:00,2024-07-24 12:37:00+00:00,550.0,548.63,5,-6.950000000000022,-0.24909090909090992,0.03437712111744048,False
12117,12177,2024-07-24 12:37:00+00:00,2024-07-24 13:37:00+00:00,548.63,548.22,5,-2.149999999999841,-0.07473160417767315,0.036733957237343545,False
12178,12238,2024-07-24 13:38:00+00:00,2024-07-24 14:38:00+00:00,547.865,545.535,-7,16.170000000000286,0.42528725142143425,-0.042366537255692414,True
12283,12343,2024-07-24 15:23:00+00:00,2024-07-24 16:23:00+00:00,544.45,544.4795,5,0.04749999999992269,0.005418312058037384,0.03429547125108963,True
12846,12906,2024-07-25 09:45:00+00:00,2024-07-25 10:56:00+00:00,540.53,540.73,7,1.2600000000003184,0.03700072151407794,0.04282140656925674,True
12937,12997,2024-07-25 11:27:00+00:00,2024-07-25 12:27:00+00:00,540.45,540.03,5,-2.200000000000364,-0.0777130169303493,0.03279577648648461,False
12997,13057,2024-07-25 12:27:00+00:00,2024-07-25 13:27:00+00:00,540.03,541.32,5,6.350000000000387,0.2388756180212354,0.03299314293714756,True
13063,13123,2024-07-25 13:33:00+00:00,2024-07-25 14:33:00+00:00,540.7,540.0201,-5,3.2995000000004437,0.12574440540042328,-0.03687553687666698,True
13123,13183,2024-07-25 14:33:00+00:00,2024-07-25 15:33:00+00:00,540.0201,543.3073,11,35.93920000000108,0.6087180829010065,0.21041214792847318,True
13701,13761,2024-07-26 09:45:00+00:00,2024-07-26 11:10:00+00:00,542.55,542.75,7,1.2600000000003184,0.03686296193900018,0.040364106507777484,True
13766,13826,2024-07-26 11:15:00+00:00,2024-07-26 12:17:00+00:00,542.66,542.99,5,1.5500000000002045,0.060811557881554,0.03150942402501332,True
13839,13899,2024-07-26 12:30:00+00:00,2024-07-26 13:30:00+00:00,543.29,541.69,-11,17.379999999999,0.29450201549815186,-0.08772456630838976,True
13899,13959,2024-07-26 13:30:00+00:00,2024-07-26 14:30:00+00:00,541.69,543.02,-11,-14.8499999999992,-0.24552788495263472,-0.206114508405595,False
13959,14019,2024-07-26 14:30:00+00:00,2024-07-26 15:30:00+00:00,543.02,543.36,-7,-2.520000000000223,-0.06261279510884163,-0.042106588139394184,False
14529,14589,2024-07-29 11:31:00+00:00,2024-07-29 12:35:00+00:00,546.94,547.59,-5,-3.3499999999998864,-0.11884301751562826,-0.03337665986419493,False
14601,14661,2024-07-29 12:48:00+00:00,2024-07-29 13:48:00+00:00,547.44,545.76,5,-8.500000000000318,-0.30688294607629396,0.0332951914715685,False
14680,14740,2024-07-29 14:07:00+00:00,2024-07-29 15:07:00+00:00,546.28,543.93,-7,16.31000000000016,0.4301823240828921,-0.04229152088411443,True
14748,14808,2024-07-29 15:15:00+00:00,2024-07-29 16:15:00+00:00,543.41,546.41,7,20.86,0.5520693399090926,0.040697382893064064,True
15240,15300,2024-07-30 09:57:00+00:00,2024-07-30 11:44:00+00:00,545.71,546.1,5,1.8499999999999317,0.07146652984185489,0.03156329257867893,True
15309,15369,2024-07-30 11:58:00+00:00,2024-07-30 13:02:00+00:00,545.82,545.87,5,0.14999999999977262,0.009160529112153187,0.03482585033209374,True
15371,15431,2024-07-30 13:04:00+00:00,2024-07-30 14:04:00+00:00,545.86,545.27,5,-3.0500000000001593,-0.10808632250028062,0.0348133902719225,False
15433,15493,2024-07-30 14:06:00+00:00,2024-07-30 15:06:00+00:00,545.81,541.305,-5,22.42499999999998,0.825378794818709,-0.03335686149403468,True
15493,15553,2024-07-30 15:06:00+00:00,2024-07-30 16:06:00+00:00,541.305,540.78,-11,5.554999999999749,0.09698783495441153,-0.3064774045931612,True
16078,16138,2024-07-31 09:49:00+00:00,2024-07-31 11:10:00+00:00,546.77,547.12,5,1.6500000000001136,0.06401229035975323,0.03179078373259489,True
16139,16199,2024-07-31 11:11:00+00:00,2024-07-31 12:12:00+00:00,546.98,547.42,7,2.939999999999586,0.08044169805110622,0.039522044923599634,True
16199,16259,2024-07-31 12:12:00+00:00,2024-07-31 13:14:00+00:00,547.42,549.23,-9,-16.47000000000053,-0.3306419202805998,-0.04358183003744984,False
16289,16349,2024-07-31 13:44:00+00:00,2024-07-31 14:44:00+00:00,547.76,550.618,-11,-31.65800000000067,-0.5217613553381154,-0.07041523639139882,False
16371,16431,2024-07-31 15:06:00+00:00,2024-07-31 16:06:00+00:00,550.57,550.49,5,-0.5000000000002046,-0.014530395771662262,0.030258244461464173,False
16934,16994,2024-08-01 09:45:00+00:00,2024-08-01 11:21:00+00:00,552.37,553.24,9,7.650000000000041,0.15750312290674812,0.05646633571384439,True
16994,17054,2024-08-01 11:21:00+00:00,2024-08-01 12:25:00+00:00,553.24,553.4,-5,-0.8999999999998408,-0.02892054081410747,-0.0325371534983817,False
17059,17119,2024-08-01 12:30:00+00:00,2024-08-01 13:31:00+00:00,553.68,553.12,-10,5.399999999999454,0.10114145354716542,-0.09412779938812178,True
17132,17192,2024-08-01 13:44:00+00:00,2024-08-01 14:44:00+00:00,554.58,548.7,10,-58.99999999999995,-1.0602618197554898,0.06286126273109144,False
17192,17252,2024-08-01 14:44:00+00:00,2024-08-01 15:44:00+00:00,548.7,544.62,-10,40.60000000000041,0.7435757244395919,-0.20018449968013588,True
17805,17865,2024-08-02 09:45:00+00:00,2024-08-02 10:57:00+00:00,537.13,537.62,7,3.2900000000000635,0.0912255878465193,0.038174358143299086,True
17875,17935,2024-08-02 11:08:00+00:00,2024-08-02 12:09:00+00:00,537.06,537.65,7,3.9900000000002227,0.1098573716158403,0.03840476051458537,True
17956,18016,2024-08-02 12:30:00+00:00,2024-08-02 13:30:00+00:00,534.48,535.59,11,11.99000000000015,0.20767849124382834,0.25221715560485064,True
18020,18080,2024-08-02 13:34:00+00:00,2024-08-02 14:34:00+00:00,534.05,530.28,-5,18.749999999999908,0.7059264113846985,-0.032033483535302984,True
18080,18140,2024-08-02 14:34:00+00:00,2024-08-02 15:34:00+00:00,530.28,529.96,-11,3.2999999999992995,0.06034547786074081,-0.10471900381938384,True
18712,18772,2024-08-05 09:45:00+00:00,2024-08-05 10:45:00+00:00,518.26,517.09,-11,12.64999999999955,0.225755412341288,-0.14235890899515902,True
18782,18842,2024-08-05 10:55:00+00:00,2024-08-05 11:55:00+00:00,517.21,514.97,-5,11.100000000000046,0.433092940971754,-0.030318295943906663,True
18842,18902,2024-08-05 11:55:00+00:00,2024-08-05 12:55:00+00:00,514.97,509.93,-11,55.220000000000226,0.978697788220677,-0.15163567518168436,True
18902,18962,2024-08-05 12:55:00+00:00,2024-08-05 13:55:00+00:00,509.93,515.88,12,71.15999999999987,1.1668268193673619,0.06574184635444928,True
18962,19022,2024-08-05 13:55:00+00:00,2024-08-05 14:55:00+00:00,515.88,517.88,11,21.78,0.3876870590059704,0.32953854962255175,True
19022,19082,2024-08-05 14:55:00+00:00,2024-08-05 15:55:00+00:00,517.88,520.4399,11,27.938899999999677,0.4943036996987662,0.10641394233562512,True
19651,19711,2024-08-06 09:45:00+00:00,2024-08-06 10:57:00+00:00,519.31,521.9,7,17.990000000000222,0.498738710981886,0.03783521519971188,True
19712,19772,2024-08-06 10:58:00+00:00,2024-08-06 11:58:00+00:00,521.81,521.56,-9,2.0700000000000003,0.047910158870086816,-0.05736252955901735,True
19776,19836,2024-08-06 12:02:00+00:00,2024-08-06 13:02:00+00:00,521.55,519.81,11,-19.3600000000001,-0.3336209375898781,0.06981323996750215,False
19844,19904,2024-08-06 13:10:00+00:00,2024-08-06 14:10:00+00:00,519.79,523.5351,5,18.625500000000464,0.7205025106293106,0.031184019786889314,True
19904,19964,2024-08-06 14:10:00+00:00,2024-08-06 15:10:00+00:00,523.5351,524.8,-9,-11.56409999999908,-0.24160748725346165,-0.05858846660865763,False
19969,20029,2024-08-06 15:15:00+00:00,2024-08-06 16:15:00+00:00,523.86,526.78,11,31.89999999999955,0.5574008322834266,0.06377298862663136,True
20575,20635,2024-08-07 09:46:00+00:00,2024-08-07 10:56:00+00:00,527.43,528.69,5,6.200000000000523,0.23889426084980087,0.03435407654382021,True
20635,20695,2024-08-07 10:56:00+00:00,2024-08-07 11:56:00+00:00,528.69,527.93,-5,3.700000000000523,0.14375153681743638,-0.03346313063162364,True
20695,20755,2024-08-07 11:56:00+00:00,2024-08-07 12:57:00+00:00,527.93,528.15,9,1.8000000000002456,0.04167219138901508,0.0454757333676745,True
20762,20822,2024-08-07 13:04:00+00:00,2024-08-07 14:04:00+00:00,528.0,530.18,5,10.79999999999975,0.4128787878787784,0.03534783945573706,True
20822,20882,2024-08-07 14:04:00+00:00,2024-08-07 15:04:00+00:00,530.18,530.8899,-9,-6.569100000000553,-0.1338979214606476,-0.056512330917280106,False
20882,20942,2024-08-07 15:04:00+00:00,2024-08-07 16:04:00+00:00,530.8899,526.18,-9,42.20910000000056,0.887170767422786,-0.05197225816820326,True
21478,21538,2024-08-08 09:53:00+00:00,2024-08-08 11:07:00+00:00,516.8,518.0,-12,-14.640000000000546,-0.23219814241486952,-0.0728321648871553,False
21538,21598,2024-08-08 11:07:00+00:00,2024-08-08 12:08:00+00:00,518.0,519.19,8,9.360000000000436,0.22972972972974026,0.03815797293779475,True
21604,21664,2024-08-08 12:14:00+00:00,2024-08-08 13:14:00+00:00,519.31,523.21,-6,-23.520000000000547,-0.750996514605937,-0.030153174747188025,False
21665,21725,2024-08-08 13:15:00+00:00,2024-08-08 14:15:00+00:00,523.36,526.38,-9,-27.359999999999836,-0.5770406603485139,-0.05064320984045856,False
21725,21785,2024-08-08 14:15:00+00:00,2024-08-08 15:15:00+00:00,526.38,526.89,-11,-5.829999999999901,-0.09688817964208193,-0.0913846050905083,False
21788,21848,2024-08-08 15:18:00+00:00,2024-08-08 16:18:00+00:00,526.81,528.4103,-5,-8.101500000000305,-0.30377175831895015,-0.031226005150756207,False
22330,22390,2024-08-09 09:47:00+00:00,2024-08-09 11:17:00+00:00,532.11,532.39,5,1.2999999999998635,0.052620698727701545,0.034225278629829756,True
22396,22456,2024-08-09 11:23:00+00:00,2024-08-09 12:24:00+00:00,531.8,529.45,5,-11.849999999999545,-0.441895449417057,0.03363555127721642,False
22456,22516,2024-08-09 12:24:00+00:00,2024-08-09 13:24:00+00:00,529.45,529.3,9,-1.5300000000008185,-0.028331287184831605,0.046439017958573074,False
22516,22576,2024-08-09 13:24:00+00:00,2024-08-09 14:24:00+00:00,529.3,530.79,5,7.350000000000046,0.2815038730398657,0.031102581952059064,True
22576,22636,2024-08-09 14:24:00+00:00,2024-08-09 15:24:00+00:00,530.79,531.63,-9,-7.740000000000286,-0.15825467699090637,-0.055275632540007315,False
23116,23176,2024-08-12 09:53:00+00:00,2024-08-12 11:35:00+00:00,533.63,534.33,5,3.4000000000002273,0.13117703277552714,0.033390791952921633,True
23220,23280,2024-08-12 12:23:00+00:00,2024-08-12 13:26:00+00:00,534.7,534.46,-5,1.1000000000000456,0.044884982233029565,-0.0329769224216415,True
23282,23342,2024-08-12 13:28:00+00:00,2024-08-12 14:28:00+00:00,534.01,534.28,9,2.2499999999998366,0.050560850920391344,0.04798761700513983,True
23342,23402,2024-08-12 14:28:00+00:00,2024-08-12 15:28:00+00:00,534.28,532.6801,11,-17.818899999999275,-0.299449726735033,0.0734051439848172,False
23402,23462,2024-08-12 15:28:00+00:00,2024-08-12 16:28:00+00:00,532.6801,533.88,-11,-13.418899999999526,-0.22525714777029532,-0.13372103735345886,False
23862,23922,2024-08-13 10:06:00+00:00,2024-08-13 11:22:00+00:00,534.99,533.96,5,-5.249999999999863,-0.1925269631208009,0.031690099805416067,False
23924,23984,2024-08-13 11:26:00+00:00,2024-08-13 12:27:00+00:00,533.95,535.0,5,5.149999999999773,0.1966476261822183,0.03363455029565508,True
23985,24045,2024-08-13 12:28:00+00:00,2024-08-13 13:28:00+00:00,535.0,536.49,5,7.350000000000046,0.278504672897198,0.03723949878472023,True
24045,24105,2024-08-13 13:28:00+00:00,2024-08-13 14:28:00+00:00,536.49,537.45,5,4.700000000000182,0.1789408935860941,0.03409489278137038,True
24108,24168,2024-08-13 14:31:00+00:00,2024-08-13 15:31:00+00:00,536.75,538.55,-5,-9.099999999999772,-0.3353516534699496,-0.03083628563680658,False
24672,24732,2024-08-14 10:46:00+00:00,2024-08-14 11:59:00+00:00,542.5,542.28,-5,1.0000000000001366,0.040552995391710096,-0.03351378566098202,True
24735,24795,2024-08-14 12:02:00+00:00,2024-08-14 13:02:00+00:00,542.17,542.95,5,3.800000000000432,0.1438663149934682,0.03502138149757683,True
24827,24887,2024-08-14 13:34:00+00:00,2024-08-14 14:34:00+00:00,542.27,540.23,-7,14.139999999999745,0.3761963597469828,-0.04044158588396725,True
24887,24947,2024-08-14 14:34:00+00:00,2024-08-14 15:34:00+00:00,540.23,543.7299,-9,-31.679100000000226,-0.6478536919460276,-0.05566724833713237,False
25418,25478,2024-08-15 10:20:00+00:00,2024-08-15 11:46:00+00:00,544.41,545.3,5,4.349999999999932,0.16347973035028496,0.03062851535183819,True
25479,25539,2024-08-15 11:47:00+00:00,2024-08-15 12:52:00+00:00,545.35,549.15,-5,-19.099999999999774,-0.6968002200421664,-0.03237010793310429,False
25539,25599,2024-08-15 12:52:00+00:00,2024-08-15 13:52:00+00:00,549.15,549.77,11,6.600000000000049,0.11290175726122272,0.06492114747205155,True
25600,25660,2024-08-15 13:53:00+00:00,2024-08-15 14:53:00+00:00,549.82,550.98,5,5.699999999999841,0.21097813829980142,0.03253387517135271,True
25660,25720,2024-08-15 14:53:00+00:00,2024-08-15 15:53:00+00:00,550.98,551.87,5,4.349999999999932,0.16153036407854846,0.031861997308016705,True
26201,26261,2024-08-16 09:46:00+00:00,2024-08-16 11:11:00+00:00,553.68,552.69,5,-5.049999999999477,-0.17880364109230884,0.03473230148038989,False
26262,26322,2024-08-16 11:12:00+00:00,2024-08-16 12:15:00+00:00,552.64,551.78,5,-4.400000000000068,-0.15561667631731574,0.03482585033209374,False
26322,26382,2024-08-16 12:15:00+00:00,2024-08-16 13:15:00+00:00,551.78,551.12,-11,7.039999999999649,0.11961288919496325,-0.10201116386606802,True
26398,26458,2024-08-16 13:31:00+00:00,2024-08-16 14:31:00+00:00,551.71,553.0537,9,11.913300000000113,0.24355186601656892,0.052968812933019534,True
26458,26518,2024-08-16 14:31:00+00:00,2024-08-16 15:31:00+00:00,553.0537,552.74,5,-1.6685000000001993,-0.05672143591120353,0.031861997308016705,False
26980,27040,2024-08-19 10:04:00+00:00,2024-08-19 11:34:00+00:00,554.4,554.61,-5,-1.1500000000001818,-0.037878787878794444,-0.03293689094093513,False
27041,27101,2024-08-19 11:35:00+00:00,2024-08-19 12:38:00+00:00,554.68,554.75,-5,-0.45000000000025014,-0.012619888944986304,-0.0307680577179209,False
27126,27186,2024-08-19 13:05:00+00:00,2024-08-19 14:05:00+00:00,555.15,554.92,-5,1.050000000000091,0.04143024407818035,-0.03045447219557161,True
27191,27251,2024-08-19 14:10:00+00:00,2024-08-19 15:10:00+00:00,555.56,556.59,5,5.050000000000432,0.18539851681188108,0.03253387517135271,True
27252,27312,2024-08-19 15:11:00+00:00,2024-08-19 16:11:00+00:00,556.57,556.485,5,-0.5250000000001819,-0.015272113121446784,0.03553940213031525,False
27797,27857,2024-08-20 11:24:00+00:00,2024-08-20 12:33:00+00:00,559.95,559.75,5,-1.1000000000002272,-0.03571747477454156,0.0348133902719225,False
27857,27917,2024-08-20 12:33:00+00:00,2024-08-20 13:33:00+00:00,559.75,559.47,9,-2.6999999999997546,-0.050022331397940635,0.053792054121030115,False
27922,27982,2024-08-20 13:38:00+00:00,2024-08-20 14:38:00+00:00,559.74,558.23,9,-13.769999999999918,-0.26976810662092954,0.04324418069409624,False
27997,28057,2024-08-20 14:53:00+00:00,2024-08-20 15:53:00+00:00,558.9215,558.54,5,-2.0075000000003684,-0.06825645461841666,0.030546921355771844,False
28492,28552,2024-08-21 09:54:00+00:00,2024-08-21 11:47:00+00:00,558.6,559.33,5,3.550000000000091,0.13068385248836703,0.03062851535183819,True
28567,28627,2024-08-21 12:04:00+00:00,2024-08-21 13:13:00+00:00,559.4,559.71,5,1.4500000000002955,0.05541651769754364,0.030356385992711406,True
28655,28715,2024-08-21 13:41:00+00:00,2024-08-21 14:41:00+00:00,559.92,561.82,7,13.160000000000636,0.3393341905986732,0.037700737794461356,True
28716,28776,2024-08-21 14:42:00+00:00,2024-08-21 15:42:00+00:00,561.96,559.78,11,-24.2000000000007,-0.38792796640331406,0.09244956834451858,False
29230,29290,2024-08-22 09:57:00+00:00,2024-08-22 11:49:00+00:00,561.11,561.98,5,4.250000000000023,0.1550498119798265,0.0346216440550234,True
29300,29360,2024-08-22 12:00:00+00:00,2024-08-22 13:00:00+00:00,562.09,562.28,-5,-1.0499999999997043,-0.033802415983195014,-0.03392395944242723,False
29360,29420,2024-08-22 13:00:00+00:00,2024-08-22 14:01:00+00:00,562.28,562.15,-5,0.5499999999999773,0.023120153660097363,-0.03045447219557161,True
29426,29486,2024-08-22 14:07:00+00:00,2024-08-22 15:07:00+00:00,561.575,561.02,-9,4.815000000000573,0.09882918577217,-0.046851206266928035,True
29492,29552,2024-08-22 15:13:00+00:00,2024-08-22 16:13:00+00:00,560.33,558.49,5,-9.300000000000159,-0.3283779201542005,0.03534417150129563,False
29988,30048,2024-08-23 09:45:00+00:00,2024-08-23 11:22:00+00:00,558.87,559.15,-5,-1.4999999999998637,-0.050101096856151286,-0.0307680577179209,False
30078,30138,2024-08-23 12:00:00+00:00,2024-08-23 13:04:00+00:00,559.53,559.86,-11,-3.8500000000004504,-0.05897807088092523,-0.2650729123284324,False
30138,30198,2024-08-23 13:04:00+00:00,2024-08-23 14:04:00+00:00,559.86,561.7,-5,-9.300000000000159,-0.3286535919694266,-0.031223955816434047,False
30199,30259,2024-08-23 14:05:00+00:00,2024-08-23 15:05:00+00:00,561.12,560.34,-9,6.839999999999755,0.13900769888793355,-0.05589570986376876,True
30259,30319,2024-08-23 15:05:00+00:00,2024-08-23 16:05:00+00:00,560.34,558.83,-9,13.409999999999918,0.26947924474426077,-0.04790270196052403,True
30754,30814,2024-08-26 10:44:00+00:00,2024-08-26 11:58:00+00:00,562.9,563.0,5,0.40000000000011365,0.017765144785934047,0.0343982728593602,True
30815,30875,2024-08-26 11:59:00+00:00,2024-08-26 13:02:00+00:00,562.95,563.05,5,0.3999999999995452,0.017763566924222228,0.03264455704890826,True
30884,30944,2024-08-26 13:12:00+00:00,2024-08-26 14:12:00+00:00,563.29,562.215,-5,5.274999999999659,0.19084308260397517,-0.0329769224216415,True
30963,31023,2024-08-26 14:31:00+00:00,2024-08-26 15:31:00+00:00,561.41,560.28,9,-10.349999999999959,-0.20127892271245532,0.05507428646065415,False
31497,31557,2024-08-27 10:10:00+00:00,2024-08-27 12:03:00+00:00,560.77,560.36,7,-3.0099999999997773,-0.07311375430211463,0.03861796563018089,False
31559,31619,2024-08-27 12:05:00+00:00,2024-08-27 13:09:00+00:00,560.36,558.84,5,-7.699999999999909,-0.27125419373259724,0.03127838371244537,False
31624,31684,2024-08-27 13:14:00+00:00,2024-08-27 14:14:00+00:00,558.76,559.95,5,5.850000000000273,0.21297157992699092,0.035467543002806114,True
31690,31750,2024-08-27 14:20:00+00:00,2024-08-27 15:20:00+00:00,560.09,561.23,5,5.599999999999932,0.20353871699190956,0.034079836222672015,True
31757,31817,2024-08-27 15:27:00+00:00,2024-08-27 16:27:00+00:00,560.94,560.68,5,-1.400000000000523,-0.04635076835314019,0.03403134206866448,False
32249,32309,2024-08-28 10:56:00+00:00,2024-08-28 12:29:00+00:00,561.81,561.29,7,-3.779999999999873,-0.09255798223598402,0.03733727215392762,False
32309,32369,2024-08-28 12:29:00+00:00,2024-08-28 13:39:00+00:00,561.29,560.93,5,-1.9000000000000683,-0.06413796789538628,0.033221052560650666,False
32374,32434,2024-08-28 13:44:00+00:00,2024-08-28 14:44:00+00:00,560.945,560.2399,5,-3.625500000000079,-0.12569859790175789,0.03482954477773385,False
32434,32494,2024-08-28 14:44:00+00:00,2024-08-28 15:44:00+00:00,560.2399,557.98,9,-20.519100000000144,-0.40338076598971545,0.04313640389895697,False
33069,33129,2024-08-29 09:51:00+00:00,2024-08-29 11:04:00+00:00,560.01,558.92,-5,5.3500000000001595,0.19463938143962284,-0.0325371534983817,True
33130,33190,2024-08-29 11:05:00+00:00,2024-08-29 12:11:00+00:00,558.97,559.63,7,4.479999999999777,0.11807431525841602,0.040476080480633794,True
33207,33267,2024-08-29 12:28:00+00:00,2024-08-29 13:28:00+00:00,560.0,560.24,-5,-1.3000000000000456,-0.04285714285714448,-0.0329769224216415,False
33267,33327,2024-08-29 13:28:00+00:00,2024-08-29 14:28:00+00:00,560.24,561.8,-9,-14.219999999999509,-0.2784520919605786,-0.052682667097994094,False
33330,33390,2024-08-29 14:31:00+00:00,2024-08-29 15:31:00+00:00,562.03,562.25,-9,-2.1600000000002453,-0.03914381794566612,-0.057288383168409195,False
33889,33949,2024-08-30 11:06:00+00:00,2024-08-30 12:18:00+00:00,561.16,561.48,-5,-1.7000000000002502,-0.057024734478589,-0.030368320275367473,False
33950,34010,2024-08-30 12:19:00+00:00,2024-08-30 13:19:00+00:00,561.43,560.87,-5,2.699999999999727,0.09974529326896417,-0.036115453239439786,True
34030,34090,2024-08-30 13:39:00+00:00,2024-08-30 14:39:00+00:00,561.47,561.67,7,1.2599999999995226,0.035620781163718765,0.03735533523619687,True
34093,34153,2024-08-30 14:42:00+00:00,2024-08-30 15:42:00+00:00,562.06,558.8,5,-16.399999999999956,-0.5800092516813137,0.034079836222672015,False
34627,34687,2024-09-03 09:45:00+00:00,2024-09-03 10:53:00+00:00,561.2,561.36,7,0.9799999999997773,0.028510334996430534,0.040973189251435234,True
34696,34756,2024-09-03 11:05:00+00:00,2024-09-03 12:11:00+00:00,561.0,560.98,5,-0.19999999999990908,-0.003565062388588558,0.0348133902719225,False
34756,34816,2024-09-03 12:11:00+00:00,2024-09-03 13:13:00+00:00,560.98,560.47,5,-2.6499999999999546,-0.09091233199044367,0.03196326433706109,False
34817,34877,2024-09-03 13:14:00+00:00,2024-09-03 14:14:00+00:00,560.55,556.54,9,-36.26999999999991,-0.7153688341807138,0.04726500918352768,False
34877,34937,2024-09-03 14:14:00+00:00,2024-09-03 15:14:00+00:00,556.54,556.4099,-11,1.2110999999996739,0.023376576706071506,-0.07746501816597748,True
34939,34999,2024-09-03 15:16:00+00:00,2024-09-03 16:16:00+00:00,556.34,556.2,7,-1.1199999999999044,-0.02516446777150418,0.03961083148686805,False
35489,35549,2024-09-04 09:52:00+00:00,2024-09-04 11:33:00+00:00,550.2,550.06,7,-1.1200000000007002,-0.025445292620883322,0.03820240281244977,False
35554,35614,2024-09-04 11:39:00+00:00,2024-09-04 12:42:00+00:00,550.0,550.1,5,0.40000000000011365,0.018181818181822317,0.03561774976706269,True
35619,35679,2024-09-04 12:47:00+00:00,2024-09-04 13:47:00+00:00,550.65,551.6871,5,5.085500000000048,0.18834105148461083,0.03328163351360265,True
35679,35739,2024-09-04 13:47:00+00:00,2024-09-04 14:47:00+00:00,551.6871,553.11,-11,-15.871900000000297,-0.25791793935367113,-0.12304426443637077,False
35740,35800,2024-09-04 14:48:00+00:00,2024-09-04 15:48:00+00:00,552.79,551.95,-5,4.099999999999591,0.15195643915409435,-0.03369620467705062,True
36262,36322,2024-09-05 09:45:00+00:00,2024-09-05 11:28:00+00:00,551.11,551.48,5,1.7500000000000226,0.06713723213151722,0.03269938096098405,True
36339,36399,2024-09-05 11:46:00+00:00,2024-09-05 12:46:00+00:00,551.1,550.08,5,-5.199999999999909,-0.18508437670113986,0.03179078373259489,False
36407,36467,2024-09-05 12:54:00+00:00,2024-09-05 13:54:00+00:00,550.1,551.8,5,8.39999999999966,0.3090347209598131,0.03130933321286513,True
36473,36533,2024-09-05 14:00:00+00:00,2024-09-05 15:00:00+00:00,552.75,550.04,-11,29.5900000000004,0.4902758932609745,-0.3684374003162327,True
36533,36593,2024-09-05 15:00:00+00:00,2024-09-05 16:00:00+00:00,550.04,547.61,-11,26.50999999999945,0.4417860519234874,-0.11927826275490862,True
37062,37122,2024-09-06 09:45:00+00:00,2024-09-06 11:29:00+00:00,545.76,546.12,7,2.3800000000000954,0.06596306068601833,0.03820240281244977,True
37142,37202,2024-09-06 11:49:00+00:00,2024-09-06 12:50:00+00:00,546.56,550.05,-5,-17.550000000000047,-0.6385392271662781,-0.03085420963812504,False
37204,37264,2024-09-06 12:52:00+00:00,2024-09-06 13:52:00+00:00,550.02,549.32,9,-6.479999999999386,-0.12726809934182973,0.0521554416512177,False
37264,37324,2024-09-06 13:52:00+00:00,2024-09-06 14:52:00+00:00,549.32,542.55,-9,60.75000000000087,1.2324328260394841,-0.04377795078709848,True
37324,37384,2024-09-06 14:52:00+00:00,2024-09-06 15:52:00+00:00,542.55,540.52,-11,22.1099999999997,0.37415906368076174,-0.15100344698645263,True
37927,37987,2024-09-09 10:42:00+00:00,2024-09-09 11:46:00+00:00,543.98,544.03,7,0.20999999999968166,0.00919151439390318,0.03843692639064535,True
37987,38047,2024-09-09 11:46:00+00:00,2024-09-09 12:48:00+00:00,544.03,543.65,5,-1.9999999999999774,-0.06984908920463861,0.03632382452800804,False
38048,38108,2024-09-09 12:49:00+00:00,2024-09-09 13:50:00+00:00,543.63,545.2,5,7.7500000000002505,0.2887993672166823,0.0348133902719225,True
38108,38168,2024-09-09 13:50:00+00:00,2024-09-09 14:50:00+00:00,545.2,544.04,-5,5.70000000000041,0.21276595744682353,-0.030071544508867128,True
38177,38237,2024-09-09 14:59:00+00:00,2024-09-09 15:59:00+00:00,543.31,545.99,7,18.620000000000445,0.4932727172332672,0.04239885313573609,True
38713,38773,2024-09-10 09:45:00+00:00,2024-09-10 11:18:00+00:00,546.04,546.27,7,1.4700000000001274,0.04212145630357084,0.03866779412008017,True
38775,38835,2024-09-10 11:20:00+00:00,2024-09-10 12:26:00+00:00,546.24,547.7814,5,7.606999999999767,0.28218365553601954,0.0332951914715685,True
38835,38895,2024-09-10 12:26:00+00:00,2024-09-10 13:27:00+00:00,547.7814,548.35,11,6.034600000000664,0.10380053064964609,0.06630611318215916,True
38909,38969,2024-09-10 13:41:00+00:00,2024-09-10 14:41:00+00:00,548.17,546.78,5,-7.049999999999931,-0.2535709725085259,0.031916613851734464,False
38978,39038,2024-09-10 14:50:00+00:00,2024-09-10 15:50:00+00:00,546.1,545.171,5,-4.744999999999868,-0.1701153634865361,0.03403602945784626,False
39490,39550,2024-09-11 09:45:00+00:00,2024-09-11 11:46:00+00:00,547.0,548.23,5,6.050000000000091,0.2248628884826359,0.03595213175460529,True
39550,39610,2024-09-11 11:46:00+00:00,2024-09-11 12:47:00+00:00,548.23,547.5,-5,3.550000000000091,0.13315579227696736,-0.0348819776968611,True
39610,39670,2024-09-11 12:47:00+00:00,2024-09-11 13:47:00+00:00,547.5,545.545,-11,21.28500000000045,0.3570776255707837,-0.11997995303901972,True
39670,39730,2024-09-11 13:47:00+00:00,2024-09-11 14:47:00+00:00,545.545,540.1,7,-38.254999999999555,-0.9980844843230049,0.0420130096403276,False
39730,39790,2024-09-11 14:47:00+00:00,2024-09-11 15:47:00+00:00,540.1,544.7,-9,-41.5800000000002,-0.8516941307165382,-0.04563832002612301,False
40292,40352,2024-09-12 10:21:00+00:00,2024-09-12 11:58:00+00:00,555.56,555.93,5,1.7500000000000226,0.06659946720426319,0.03492497250079065,True
40353,40413,2024-09-12 12:00:00+00:00,2024-09-12 13:00:00+00:00,556.08,555.14,-11,10.1200000000006,0.16904042583801873,-0.09953465325726149,True
40413,40473,2024-09-12 13:00:00+00:00,2024-09-12 14:00:00+00:00,555.14,553.583,9,-14.193000000000147,-0.2804697914039731,0.054549221537445756,False
40473,40533,2024-09-12 14:00:00+00:00,2024-09-12 15:00:00+00:00,553.583,554.21,-9,-5.823000000000597,-0.11326214858477708,-0.05666397175078346,False
40533,40593,2024-09-12 15:00:00+00:00,2024-09-12 16:00:00+00:00,554.21,554.49,-11,-3.2999999999997,-0.050522365168433024,-0.0617133474616276,False
41056,41116,2024-09-13 09:47:00+00:00,2024-09-13 11:40:00+00:00,560.44,559.84,-5,2.9000000000001136,0.10705873956177694,-0.030368320275367473,True
41116,41176,2024-09-13 11:40:00+00:00,2024-09-13 12:51:00+00:00,559.84,560.1019,5,1.2094999999998437,0.04678122320662488,0.03638689449822222,True
41176,41236,2024-09-13 12:51:00+00:00,2024-09-13 13:51:00+00:00,560.1019,561.165,5,5.215499999999816,0.18980474802887887,0.033662320460810226,True
41236,41296,2024-09-13 13:51:00+00:00,2024-09-13 14:51:00+00:00,561.165,561.781,9,5.363999999999869,0.10977163579339153,0.05328806419120793,True
41301,41361,2024-09-13 14:56:00+00:00,2024-09-13 15:56:00+00:00,562.03,562.685,5,3.1749999999998635,0.11654182161094119,0.034079836222672015,True
41781,41841,2024-09-16 10:09:00+00:00,2024-09-16 11:58:00+00:00,562.0,561.71,5,-1.5499999999998182,-0.05160142348753801,0.030571530365800157,False
41841,41901,2024-09-16 11:58:00+00:00,2024-09-16 13:02:00+00:00,561.71,561.58,5,-0.7499999999999772,-0.023143615032667292,0.03502138149757683,False
41902,41962,2024-09-16 13:03:00+00:00,2024-09-16 14:05:00+00:00,561.57,562.45,5,4.299999999999978,0.1567035276100923,0.033538866483685065,True
41962,42022,2024-09-16 14:05:00+00:00,2024-09-16 15:05:00+00:00,562.45,560.63,7,-12.88000000000035,-0.3235843186061072,0.03894959541099734,False
42037,42097,2024-09-16 15:20:00+00:00,2024-09-16 16:20:00+00:00,561.1,560.5399,5,-2.90050000000017,-0.09982177864908823,0.03498259790776187,False
42545,42605,2024-09-17 09:49:00+00:00,2024-09-17 11:23:00+00:00,564.8,564.21,-5,2.8499999999995906,0.1044617563739232,-0.03118392433572768,True
42605,42665,2024-09-17 11:23:00+00:00,2024-09-17 12:27:00+00:00,564.21,565.0,7,5.389999999999745,0.14001878733095185,0.04026323765266426,True
42668,42728,2024-09-17 12:30:00+00:00,2024-09-17 13:30:00+00:00,565.2,565.11,-5,0.35000000000015913,0.015923566878986523,-0.034600694577326285,True
42767,42827,2024-09-17 14:09:00+00:00,2024-09-17 15:09:00+00:00,565.83,565.5398,9,-2.791800000000244,-0.05128748917519876,0.05113800040408159,False
43320,43380,2024-09-18 10:07:00+00:00,2024-09-18 12:06:00+00:00,563.82,563.18,-5,3.1000000000005,0.11351140434892341,-0.030368320275367473,True
43382,43442,2024-09-18 12:08:00+00:00,2024-09-18 13:15:00+00:00,563.31,563.93,5,3.0000000000000226,0.11006373045037449,0.03482585033209374,True
43457,43517,2024-09-18 13:30:00+00:00,2024-09-18 14:30:00+00:00,563.18,562.77,-5,1.9499999999998407,0.07280088071308785,-0.03159572172834772,True
43521,43581,2024-09-18 14:34:00+00:00,2024-09-18 15:34:00+00:00,562.51,562.36,5,-0.8499999999998863,-0.026666192601016384,0.030533087628781395,False
44157,44217,2024-09-19 10:11:00+00:00,2024-09-19 11:15:00+00:00,570.17,570.235,-5,-0.4250000000002729,-0.011400108739508318,-0.0329769224216415,False
44232,44292,2024-09-19 11:31:00+00:00,2024-09-19 12:31:00+00:00,570.3,570.37,5,0.2500000000002501,0.01227424162722252,0.036058824300476015,True
44292,44352,2024-09-19 12:31:00+00:00,2024-09-19 13:31:00+00:00,570.37,570.44,5,0.2500000000002501,0.012272735242044641,0.03442096318605149,True
44367,44427,2024-09-19 13:46:00+00:00,2024-09-19 14:46:00+00:00,568.56,570.24,-10,-17.000000000000636,-0.29548332629802726,-0.24478909992000017,False
44449,44509,2024-09-19 15:08:00+00:00,2024-09-19 16:08:00+00:00,569.65,571.25,-7,-11.34000000000016,-0.28087422101290666,-0.04031787711151075,False
44975,45035,2024-09-20 09:45:00+00:00,2024-09-20 11:26:00+00:00,568.1,567.94,9,-1.6199999999997134,-0.02816405562400425,0.055470760883683586,False
45036,45096,2024-09-20 11:28:00+00:00,2024-09-20 12:31:00+00:00,567.8,568.75,10,9.300000000000455,0.1673124339556262,0.05884571105285364,True
45098,45158,2024-09-20 12:33:00+00:00,2024-09-20 13:33:00+00:00,568.791,567.89,-5,4.405000000000337,0.1584061632480238,-0.03129350826826091,True
45184,45244,2024-09-20 13:59:00+00:00,2024-09-20 14:59:00+00:00,567.149,566.395,-9,6.606000000000172,0.1329456633089398,-0.04860898697214605,True
45813,45873,2024-09-23 10:03:00+00:00,2024-09-23 11:47:00+00:00,569.17,569.03,-5,0.5999999999999318,0.024597220514079515,-0.03293689094093513,True
45881,45941,2024-09-23 11:57:00+00:00,2024-09-23 13:06:00+00:00,569.15,569.43,-5,-1.4999999999998637,-0.04919616972678077,-0.0329769224216415,False
45943,46003,2024-09-23 13:08:00+00:00,2024-09-23 14:08:00+00:00,569.45,569.5101,7,0.2806999999994423,0.010554043375172592,0.03826074980843236,True
46006,46066,2024-09-23 14:11:00+00:00,2024-09-23 15:11:00+00:00,569.5285,569.17,-10,3.385000000000491,0.0629468059983037,-0.06636814532280927,True
46071,46131,2024-09-23 15:16:00+00:00,2024-09-23 16:16:00+00:00,569.03,568.78,5,-1.35,-0.043934414705727294,0.03327998822264059,False
46513,46573,2024-09-24 09:47:00+00:00,2024-09-24 11:37:00+00:00,570.68,570.36,9,-3.059999999999427,-0.05607345622764708,0.055359514293399345,False
46573,46633,2024-09-24 11:37:00+00:00,2024-09-24 12:50:00+00:00,570.36,570.18,7,-1.4000000000004456,-0.03155901535873197,0.037914891196678395,False
46647,46707,2024-09-24 13:04:00+00:00,2024-09-24 14:04:00+00:00,570.44,568.2,-5,11.100000000000046,0.39267933524998405,-0.03337665986419493,True
46707,46767,2024-09-24 14:04:00+00:00,2024-09-24 15:04:00+00:00,568.2,569.51,-10,-13.299999999999454,-0.23055262231607623,-0.06229424965103701,False
46771,46831,2024-09-24 15:08:00+00:00,2024-09-24 16:08:00+00:00,569.495,570.681,7,8.162000000000248,0.20825468177947754,0.03748972545661175,True
47243,47303,2024-09-25 09:47:00+00:00,2024-09-25 11:48:00+00:00,570.41,570.87,5,2.200000000000182,0.08064374747988927,0.033783298531591066,True
47313,47373,2024-09-25 12:01:00+00:00,2024-09-25 13:10:00+00:00,571.12,571.15,-10,-0.4999999999997272,-0.005252836531722355,-0.2205067725451775,False
47392,47452,2024-09-25 13:30:00+00:00,2024-09-25 14:30:00+00:00,571.78,571.14,-10,6.199999999999863,0.1119311623351615,-0.11249422846476077,True
47461,47521,2024-09-25 14:39:00+00:00,2024-09-25 15:39:00+00:00,571.29,571.12,5,-0.9499999999997953,-0.02975721612490313,0.035681951587546,False
48025,48085,2024-09-26 10:03:00+00:00,2024-09-26 11:36:00+00:00,574.4,574.6,5,0.9000000000002274,0.03481894150418619,0.03236399684105882,True
48094,48154,2024-09-26 11:46:00+00:00,2024-09-26 12:47:00+00:00,574.43,574.6,5,0.7500000000003638,0.02959455460196591,0.03482585033209374,True
48157,48217,2024-09-26 12:50:00+00:00,2024-09-26 13:50:00+00:00,574.54,573.47,5,-5.449999999999681,-0.18623594527795043,0.03170140315496946,False
48258,48318,2024-09-26 14:31:00+00:00,2024-09-26 15:31:00+00:00,572.57,571.03,-9,13.680000000000696,0.26896274691305466,-0.051019556791548376,True
48806,48866,2024-09-27 09:48:00+00:00,2024-09-27 11:59:00+00:00,572.42,572.64,5,1.0000000000001366,0.038433318192940026,0.03155072539199481,True
48866,48926,2024-09-27 11:59:00+00:00,2024-09-27 13:00:00+00:00,572.64,573.43,-5,-4.049999999999818,-0.13795753003631664,-0.030368320275367473,False
48936,48996,2024-09-27 13:10:00+00:00,2024-09-27 14:10:00+00:00,573.66,573.27,8,-3.279999999999891,-0.06798452044764954,0.04713072554948957,False
49010,49070,2024-09-27 14:24:00+00:00,2024-09-27 15:24:00+00:00,573.74,573.0499,5,-3.5505000000001474,-0.12028096350263698,0.03452816945830549,False
49076,49136,2024-09-27 15:30:00+00:00,2024-09-27 16:30:00+00:00,572.995,572.2,8,-6.519999999999673,-0.13874466618381645,0.044135619006061895,False
49580,49640,2024-09-30 10:34:00+00:00,2024-09-30 11:46:00+00:00,571.01,569.93,5,-5.500000000000204,-0.18913854398347507,0.0346216440550234,False
49640,49700,2024-09-30 11:46:00+00:00,2024-09-30 12:52:00+00:00,569.93,570.37,9,3.780000000000491,0.07720246346043455,0.055470760883683586,True
49707,49767,2024-09-30 13:01:00+00:00,2024-09-30 14:03:00+00:00,570.07,570.91,5,4.099999999999591,0.1473503253986209,0.03482585033209374,True
49770,49830,2024-09-30 14:06:00+00:00,2024-09-30 15:06:00+00:00,571.02,571.53,5,2.4499999999999544,0.08931385940947618,0.031916613851734464,True
49838,49898,2024-09-30 15:14:00+00:00,2024-09-30 16:14:00+00:00,571.59,572.0644,5,2.27199999999973,0.08299655347363424,0.03328163351360265,True
50399,50459,2024-10-01 10:15:00+00:00,2024-10-01 11:32:00+00:00,573.6,573.73,-5,-0.7499999999999772,-0.022663877266386932,-0.03351378566098202,False
50462,50522,2024-10-01 11:35:00+00:00,2024-10-01 12:48:00+00:00,573.6,573.39,5,-1.1500000000001818,-0.03661087866109421,0.0351751034188444,False
50522,50582,2024-10-01 12:48:00+00:00,2024-10-01 13:51:00+00:00,573.39,568.86,5,-22.74999999999986,-0.7900381938994354,0.03636651794626523,False
50582,50642,2024-10-01 13:51:00+00:00,2024-10-01 14:51:00+00:00,568.86,567.77,-10,10.700000000000319,0.1916112927609661,-0.2898759770548736,True
50660,50720,2024-10-01 15:09:00+00:00,2024-10-01 16:09:00+00:00,566.2699,569.1199,-9,-25.830000000000204,-0.5032935707866554,-0.0580217183573325,False
51205,51265,2024-10-02 09:45:00+00:00,2024-10-02 11:05:00+00:00,567.2,567.68,5,2.2999999999995224,0.08462623413256425,0.0359667805037118,True
51266,51326,2024-10-02 11:07:00+00:00,2024-10-02 12:15:00+00:00,567.33,567.76,5,2.04999999999975,0.07579362980980205,0.03684825948533237,True
51328,51388,2024-10-02 12:17:00+00:00,2024-10-02 13:19:00+00:00,567.4,567.57,5,0.7500000000003638,0.029961226647880288,0.03150037368730291,True
51388,51448,2024-10-02 13:19:00+00:00,2024-10-02 14:19:00+00:00,567.57,568.46,5,4.349999999999932,0.1568088517715852,0.03401327138045707,True
51457,51517,2024-10-02 14:28:00+00:00,2024-10-02 15:28:00+00:00,568.25,569.32,5,5.2500000000002505,0.18829740431149145,0.03245353772122282,True
51993,52053,2024-10-03 09:48:00+00:00,2024-10-03 11:41:00+00:00,567.0,567.93,5,4.54999999999975,0.16402116402115519,0.031198810552453642,True
52064,52124,2024-10-03 11:52:00+00:00,2024-10-03 12:56:00+00:00,568.12,567.64,-5,2.300000000000091,0.08448919242413894,-0.030368320275367473,True
52124,52184,2024-10-03 12:56:00+00:00,2024-10-03 13:56:00+00:00,567.64,567.78,7,0.8399999999999045,0.024663519131841727,0.039522044923599634,True
52188,52248,2024-10-03 14:00:00+00:00,2024-10-03 15:00:00+00:00,568.58,566.6699,-9,17.01090000000051,0.33594217172606433,-0.04973966275614009,True
52248,52308,2024-10-03 15:00:00+00:00,2024-10-03 16:00:00+00:00,566.6699,568.51,-10,-18.601000000000067,-0.3247216765880818,-0.08350622913566487,False
52796,52856,2024-10-04 09:53:00+00:00,2024-10-04 11:34:00+00:00,568.7,569.66,-5,-4.899999999999613,-0.16880604888340472,-0.03351378566098202,False
52879,52939,2024-10-04 12:01:00+00:00,2024-10-04 13:01:00+00:00,569.53,572.98,-10,-34.70000000000046,-0.6057626463926475,-0.2670167979162194,False
52944,53004,2024-10-04 13:06:00+00:00,2024-10-04 14:06:00+00:00,572.75,570.93,5,-9.20000000000025,-0.3177651680488957,0.032007204069339004,False
53005,53065,2024-10-04 14:07:00+00:00,2024-10-04 15:07:00+00:00,570.63,570.5766,-8,0.26720000000008437,0.009358077913886504,-0.05230790956416979,True
53065,53125,2024-10-04 15:07:00+00:00,2024-10-04 16:07:00+00:00,570.5766,570.44,8,-1.2527999999994426,-0.023940694378271093,0.045539858501767824,False
53585,53645,2024-10-07 09:45:00+00:00,2024-10-07 11:21:00+00:00,569.94,570.235,5,1.3749999999997953,0.051759834368522835,0.03636651794626523,True
53673,53733,2024-10-07 11:53:00+00:00,2024-10-07 12:59:00+00:00,570.6,570.88,-5,-1.4999999999998637,-0.049071153172094754,-0.033114048218428595,False
53741,53801,2024-10-07 13:08:00+00:00,2024-10-07 14:10:00+00:00,571.24,571.11,-5,0.5499999999999773,0.02275750997829204,-0.03656247557774044,True
53801,53861,2024-10-07 14:10:00+00:00,2024-10-07 15:10:00+00:00,571.11,571.23,5,0.5000000000000228,0.02101171403057284,0.03683356939769788,True
53868,53928,2024-10-07 15:17:00+00:00,2024-10-07 16:17:00+00:00,571.46,571.03,5,-2.2500000000003184,-0.07524586147762986,0.03126617045705743,False
54394,54454,2024-10-08 09:45:00+00:00,2024-10-08 11:22:00+00:00,569.82,569.83,-5,-0.14999999999995453,-0.0017549401565390658,-0.03315547742823836,False
54463,54523,2024-10-08 11:32:00+00:00,2024-10-08 12:43:00+00:00,570.13,569.66,-5,2.2500000000001363,0.08243733885254718,-0.03085420963812504,True
54523,54583,2024-10-08 12:43:00+00:00,2024-10-08 13:45:00+00:00,569.66,569.7,5,0.10000000000038653,0.007021732261362447,0.0348133902719225,True
54593,54653,2024-10-08 13:55:00+00:00,2024-10-08 14:55:00+00:00,570.6201,571.9601,-8,-10.880000000000255,-0.23483224653320692,-0.04329367499793345,False
54653,54713,2024-10-08 14:55:00+00:00,2024-10-08 15:55:00+00:00,571.9601,572.27,-5,-1.6494999999998528,-0.05418210116404457,-0.030046591167890723,False
55182,55242,2024-10-09 10:12:00+00:00,2024-10-09 11:57:00+00:00,572.82,572.88,-5,-0.3999999999997272,-0.01047449460562575,-0.033114048218428595,False
55243,55303,2024-10-09 11:58:00+00:00,2024-10-09 13:06:00+00:00,572.7,573.29,7,3.989999999999427,0.1030207787672286,0.039122307481046205,True
55303,55363,2024-10-09 13:06:00+00:00,2024-10-09 14:07:00+00:00,573.29,573.93,-5,-3.299999999999932,-0.11163634460743888,-0.0329769224216415,False
55363,55423,2024-10-09 14:07:00+00:00,2024-10-09 15:07:00+00:00,573.93,575.32,5,6.850000000000501,0.24218981408884363,0.03270473879355575,True
55423,55483,2024-10-09 15:07:00+00:00,2024-10-09 16:07:00+00:00,575.32,576.6111,8,10.168799999999319,0.22441423903217594,0.05601332708077387,True
55942,56002,2024-10-10 09:45:00+00:00,2024-10-10 11:39:00+00:00,576.34,576.53,5,0.8499999999997044,0.03296665162923637,0.0359667805037118,True
56023,56083,2024-10-10 12:03:00+00:00,2024-10-10 13:03:00+00:00,576.83,575.71,-5,5.500000000000023,0.1941646585649159,-0.03045447219557161,True
56086,56146,2024-10-10 13:06:00+00:00,2024-10-10 14:06:00+00:00,575.77,575.99,5,1.0000000000001366,0.038209701790650315,0.03038581707781995,True
56146,56206,2024-10-10 14:06:00+00:00,2024-10-10 15:06:00+00:00,575.99,575.63,-10,3.4000000000001362,0.06250108508828515,-0.06627549694307523,True
56219,56279,2024-10-10 15:19:00+00:00,2024-10-10 16:19:00+00:00,576.28,577.495,8,9.560000000000255,0.2108350107586645,0.04880013174979532,True
56695,56755,2024-10-11 09:46:00+00:00,2024-10-11 11:48:00+00:00,575.48,576.0,5,2.499999999999909,0.09035935219294881,0.03162733348594946,True
56761,56821,2024-10-11 11:55:00+00:00,2024-10-11 12:58:00+00:00,575.91,576.13,5,1.0000000000001366,0.038200413259020904,0.03234708091567257,True
56821,56881,2024-10-11 12:58:00+00:00,2024-10-11 14:00:00+00:00,576.13,577.105,5,4.775000000000114,0.1692326384670166,0.033996535840908476,True
56884,56944,2024-10-11 14:03:00+00:00,2024-10-11 15:03:00+00:00,577.4,579.13,7,11.970000000000127,0.2996189816418459,0.0395241684592111,True
56954,57014,2024-10-11 15:13:00+00:00,2024-10-11 16:13:00+00:00,579.55,579.0,5,-2.8499999999997727,-0.09490121646103952,0.03183517601690421,False
57474,57534,2024-10-14 10:09:00+00:00,2024-10-14 11:37:00+00:00,580.54,580.37,-5,0.7499999999997954,0.029283081269156144,-0.03351378566098202,True
57540,57600,2024-10-14 11:43:00+00:00,2024-10-14 12:49:00+00:00,580.5,580.74,5,1.1000000000000456,0.04134366925064756,0.0337100117608752,True
57612,57672,2024-10-14 13:01:00+00:00,2024-10-14 14:01:00+00:00,581.07,583.315,-5,-11.325000000000022,-0.38635620493228084,-0.0329769224216415,False
57672,57732,2024-10-14 14:01:00+00:00,2024-10-14 15:01:00+00:00,583.315,582.57,10,-7.650000000000046,-0.12771829971799192,0.05984522197986918,False
57744,57804,2024-10-14 15:13:00+00:00,2024-10-14 16:13:00+00:00,583.08,583.6,5,2.499999999999909,0.08918158743225317,0.03198604563215173,True
58255,58315,2024-10-15 09:45:00+00:00,2024-10-15 11:15:00+00:00,584.0,584.2,5,0.9000000000002274,0.03424657534247354,0.03636651794626523,True
58339,58399,2024-10-15 11:49:00+00:00,2024-10-15 12:57:00+00:00,584.1,584.57,5,2.2500000000001363,0.08046567368601734,0.03072745329160389,True
58412,58472,2024-10-15 13:10:00+00:00,2024-10-15 14:12:00+00:00,584.8,583.99,-5,3.949999999999727,0.13850889192885524,-0.0329769224216415,True
58494,58554,2024-10-15 14:34:00+00:00,2024-10-15 15:34:00+00:00,582.4999,582.6,-7,-0.8406999999999835,-0.017184552306360505,-0.04025919177238915,False
59058,59118,2024-10-16 10:16:00+00:00,2024-10-16 11:53:00+00:00,579.85,580.22,5,1.7500000000000226,0.06380960593256955,0.0359667805037118,True
59139,59199,2024-10-16 12:17:00+00:00,2024-10-16 13:22:00+00:00,580.17,579.8809,5,-1.545499999999811,-0.04983022217625216,0.030928134160575802,False
59199,59259,2024-10-16 13:22:00+00:00,2024-10-16 14:22:00+00:00,579.8809,580.42,10,5.1909999999996215,0.09296736622985206,0.05924544849540707,True
59259,59319,2024-10-16 14:22:00+00:00,2024-10-16 15:22:00+00:00,580.42,580.25,8,-1.5199999999996725,-0.02928913545362997,0.05778890584623707,False
59322,59382,2024-10-16 15:25:00+00:00,2024-10-16 16:25:00+00:00,580.35,580.8701,5,2.5004999999997835,0.0896183337641004,0.03001174535215449,True
59832,59892,2024-10-17 09:48:00+00:00,2024-10-17 11:17:00+00:00,584.85,584.75,-5,0.40000000000011365,0.017098401299482386,-0.03337665986419493,True
59905,59965,2024-10-17 11:38:00+00:00,2024-10-17 12:42:00+00:00,584.7,585.18,7,3.2199999999993314,0.0820933812211227,0.04290810799672007,True
59982,60042,2024-10-17 12:59:00+00:00,2024-10-17 13:59:00+00:00,585.46,584.06,-5,6.900000000000455,0.23912820688007566,-0.0329769224216415,True
60058,60118,2024-10-17 14:15:00+00:00,2024-10-17 15:15:00+00:00,583.56,583.64,-5,-0.5000000000002046,-0.013708958804585806,-0.031053871542060366,False
60126,60186,2024-10-17 15:23:00+00:00,2024-10-17 16:23:00+00:00,583.49,584.34,5,4.150000000000114,0.14567516152805066,0.03562143218702038,True
60613,60673,2024-10-18 10:47:00+00:00,2024-10-18 11:59:00+00:00,583.56,583.82,7,1.6800000000007322,0.044554116114899005,0.03836256676026938,True
60673,60733,2024-10-18 11:59:00+00:00,2024-10-18 13:12:00+00:00,583.82,584.05,5,1.0499999999995226,0.039395704155374,0.030339259892869112,True
60736,60796,2024-10-18 13:15:00+00:00,2024-10-18 14:16:00+00:00,584.34,583.31,-5,5.050000000000432,0.17626724167438243,-0.0329769224216415,True
60797,60857,2024-10-18 14:17:00+00:00,2024-10-18 15:17:00+00:00,583.4,584.0,5,2.9000000000001136,0.10284538909839265,0.031710312810239276,True
60868,60928,2024-10-18 15:28:00+00:00,2024-10-18 16:28:00+00:00,584.21,584.149,-5,0.20500000000017732,0.010441450848159988,-0.03174344687906284,True
61299,61359,2024-10-21 09:57:00+00:00,2024-10-21 11:33:00+00:00,583.89,582.73,5,-5.8999999999998405,-0.1986675572453661,0.03256346825737566,False
61362,61422,2024-10-21 11:36:00+00:00,2024-10-21 12:48:00+00:00,582.65,583.35,5,3.4000000000002273,0.12014073629109165,0.03256346825737566,True
61450,61510,2024-10-21 13:16:00+00:00,2024-10-21 14:16:00+00:00,583.6,584.75,-7,-8.189999999999841,-0.1970527758738823,-0.04020985899470033,False
61511,61571,2024-10-21 14:17:00+00:00,2024-10-21 15:17:00+00:00,584.77,581.17,5,-18.100000000000115,-0.6156266566342361,0.03270473879355575,False
61582,61642,2024-10-21 15:28:00+00:00,2024-10-21 16:28:00+00:00,580.78,582.1187,5,6.593500000000086,0.23050036158270207,0.036706330652949024,True
62061,62121,2024-10-22 09:45:00+00:00,2024-10-22 11:15:00+00:00,580.99,581.03,5,0.0999999999998181,0.006884800082611339,0.03502138149757683,True
62123,62183,2024-10-22 11:17:00+00:00,2024-10-22 12:21:00+00:00,581.09,581.62,5,2.5499999999998635,0.0912079023903307,0.0339997050129754,True
62184,62244,2024-10-22 12:23:00+00:00,2024-10-22 13:23:00+00:00,581.67,581.18,-5,2.3500000000000454,0.08424020492719396,-0.030368320275367473,True
62265,62325,2024-10-22 13:44:00+00:00,2024-10-22 14:44:00+00:00,580.92,581.17,5,1.1500000000000001,0.04303518556772017,0.030258244461464173,True
62325,62385,2024-10-22 14:44:00+00:00,2024-10-22 15:44:00+00:00,581.17,582.23,5,5.200000000000296,0.18239069463325003,0.03198814371499386,True
62859,62919,2024-10-23 09:45:00+00:00,2024-10-23 11:34:00+00:00,582.37,582.01,8,-3.0400000000001093,-0.06181637103559827,0.04838706069879321,False
62920,62980,2024-10-23 11:35:00+00:00,2024-10-23 12:47:00+00:00,582.04,581.61,5,-2.24999999999975,-0.07387808398047385,0.0346216440550234,False
62980,63040,2024-10-23 12:47:00+00:00,2024-10-23 13:50:00+00:00,581.61,581.27,5,-1.8000000000001593,-0.058458417152392805,0.03419768472325099,False
63043,63103,2024-10-23 13:53:00+00:00,2024-10-23 14:53:00+00:00,581.28,580.5801,5,-3.5994999999997845,-0.1204066886870281,0.031775962769770995,False
63109,63169,2024-10-23 14:59:00+00:00,2024-10-23 15:59:00+00:00,580.49,579.835,5,-3.3749999999998637,-0.1128357077641256,0.03279662066486846,False
63653,63713,2024-10-24 10:01:00+00:00,2024-10-24 11:23:00+00:00,580.4,580.75,5,1.6500000000001136,0.06030323914542088,0.03227327060926419,True
63717,63777,2024-10-24 11:27:00+00:00,2024-10-24 12:36:00+00:00,580.72,580.9,5,0.7999999999997499,0.03099600495935218,0.032177192845683086,True
63781,63841,2024-10-24 12:40:00+00:00,2024-10-24 13:43:00+00:00,580.73,579.0499,5,-8.500500000000192,-0.28930828440067474,0.03196326433706109,False
63841,63901,2024-10-24 13:43:00+00:00,2024-10-24 14:43:00+00:00,579.0499,579.52,5,2.250500000000011,0.0811847130964019,0.031203863303435,True
63902,63962,2024-10-24 14:44:00+00:00,2024-10-24 15:44:00+00:00,579.56,578.06,5,-7.6,-0.25881703361170544,0.031283472417144534,False
64414,64474,2024-10-25 10:05:00+00:00,2024-10-25 11:49:00+00:00,580.96,581.0,-5,-0.29999999999981813,-0.0068851556045104,-0.03351378566098202,False
64485,64545,2024-10-25 12:02:00+00:00,2024-10-25 13:08:00+00:00,580.97,581.54,-8,-4.719999999999491,-0.09811177857719612,-0.047616648443336344,False
64552,64612,2024-10-25 13:15:00+00:00,2024-10-25 14:15:00+00:00,581.7499,583.8401,-5,-10.550999999999908,-0.35929529167086777,-0.03045447219557161,False
64613,64673,2024-10-25 14:16:00+00:00,2024-10-25 15:16:00+00:00,583.86,583.32,5,-2.799999999999818,-0.09248792518753873,0.03399839838784176,False
64679,64739,2024-10-25 15:22:00+00:00,2024-10-25 16:22:00+00:00,583.11,582.3999,5,-3.6505000000000565,-0.12177805216854647,0.034927065826449874,False
65235,65295,2024-10-28 10:01:00+00:00,2024-10-28 11:31:00+00:00,582.95,581.76,-5,5.850000000000273,0.20413414529548923,-0.03337665986419493,True
65295,65355,2024-10-28 11:31:00+00:00,2024-10-28 12:31:00+00:00,581.76,581.46,8,-2.5599999999996363,-0.051567656765668754,0.05157434446487151,False
65366,65426,2024-10-28 12:42:00+00:00,2024-10-28 13:43:00+00:00,582.15,581.79,-7,2.3800000000000954,0.061839732027830226,-0.03803108897697246,True
65432,65492,2024-10-28 13:49:00+00:00,2024-10-28 14:49:00+00:00,581.83,582.3,-5,-2.449999999999568,-0.080779609164174,-0.0326676019192206,False
65492,65552,2024-10-28 14:49:00+00:00,2024-10-28 15:49:00+00:00,582.3,581.15,5,-5.849999999999886,-0.19749270135668512,0.030867605799337772,False
65998,66058,2024-10-29 09:52:00+00:00,2024-10-29 11:34:00+00:00,580.86,580.2,5,-3.399999999999841,-0.11362462555520576,0.03108913487326406,False
66058,66118,2024-10-29 11:34:00+00:00,2024-10-29 12:42:00+00:00,580.2,579.78,5,-2.200000000000364,-0.0723888314374479,0.033797947280697564,False
66118,66178,2024-10-29 12:42:00+00:00,2024-10-29 13:43:00+00:00,579.78,579.2,5,-2.9999999999996363,-0.10003794542756343,0.03202707092850289,False
66190,66250,2024-10-29 13:55:00+00:00,2024-10-29 14:55:00+00:00,579.87,581.19,5,6.5000000000002505,0.22763722903410247,0.03407833565279111,True
66250,66310,2024-10-29 14:55:00+00:00,2024-10-29 15:55:00+00:00,581.19,581.18,5,-0.15000000000052297,-0.0017206077186642217,0.0326558765883933,False
66783,66843,2024-10-30 09:47:00+00:00,2024-10-30 11:09:00+00:00,582.75,582.28,5,-2.4500000000001365,-0.08065208065208535,0.0359667805037118,False
66843,66903,2024-10-30 11:09:00+00:00,2024-10-30 12:16:00+00:00,582.28,582.08,5,-1.0999999999996588,-0.034347736484153985,0.030152026591328707,False
66908,66968,2024-10-30 12:22:00+00:00,2024-10-30 13:23:00+00:00,581.67,581.07,7,-4.339999999999364,-0.10315127133940363,0.04046463868738871,False
66969,67029,2024-10-30 13:24:00+00:00,2024-10-30 14:24:00+00:00,581.06,582.54,5,7.300000000000091,0.25470691494854547,0.030124506037099045,True
67030,67090,2024-10-30 14:25:00+00:00,2024-10-30 15:25:00+00:00,582.57,582.235,7,-2.485000000000255,-0.05750381928352581,0.04035102879231175,False
67092,67152,2024-10-30 15:27:00+00:00,2024-10-30 16:27:00+00:00,582.4498,582.455,5,-0.07399999999970533,0.0008927808027505436,0.032622404009168195,True
67637,67697,2024-10-31 09:49:00+00:00,2024-10-31 11:23:00+00:00,575.32,576.12,5,3.8999999999997725,0.13905304873808566,0.0324980170918364,True
67697,67757,2024-10-31 11:23:00+00:00,2024-10-31 12:23:00+00:00,576.12,576.64,-5,-2.699999999999909,-0.09025897382489444,-0.03085420963812504,False
67758,67818,2024-10-31 12:24:00+00:00,2024-10-31 13:24:00+00:00,576.79,576.1,-5,3.3499999999997043,0.11962759409836178,-0.03656247557774044,True
67819,67879,2024-10-31 13:25:00+00:00,2024-10-31 14:25:00+00:00,575.9,572.78,10,-31.400000000000045,-0.5417607223476306,0.06168873772743533,False
67882,67942,2024-10-31 14:28:00+00:00,2024-10-31 15:28:00+00:00,571.97,571.01,-8,7.520000000000291,0.16784097068028678,-0.04561222874366634,True
68492,68552,2024-11-01 10:04:00+00:00,2024-11-01 11:28:00+00:00,571.04,571.26,-5,-1.2000000000001363,-0.03852619781451865,-0.0329769224216415,False
68558,68618,2024-11-01 11:36:00+00:00,2024-11-01 12:40:00+00:00,571.55,571.8,-5,-1.35,-0.04374070510016621,-0.03351378566098202,False
68618,68678,2024-11-01 12:40:00+00:00,2024-11-01 13:40:00+00:00,571.8,572.84,-8,-8.480000000000619,-0.18188177684506424,-0.04939372624407517,False
68678,68738,2024-11-01 13:40:00+00:00,2024-11-01 14:40:00+00:00,572.84,574.3,8,11.519999999999381,0.2548704699392365,0.049015144632715384,True
68741,68801,2024-11-01 14:43:00+00:00,2024-11-01 15:43:00+00:00,573.49,574.48,-8,-8.080000000000073,-0.172627247205707,-0.045500176822963645,False
69271,69331,2024-11-04 10:46:00+00:00,2024-11-04 12:45:00+00:00,572.7,571.35,-5,6.650000000000114,0.23572551073861056,-0.03258582659920559,True
69331,69391,2024-11-04 12:45:00+00:00,2024-11-04 13:58:00+00:00,571.35,571.62,5,1.2499999999999092,0.04725649776843998,0.036047458586965106,True
69391,69451,2024-11-04 13:58:00+00:00,2024-11-04 14:58:00+00:00,571.62,571.29,7,-2.4500000000002866,-0.057730660228830506,0.04066297509521769,False
69465,69525,2024-11-04 15:12:00+00:00,2024-11-04 16:12:00+00:00,571.4521,572.09,7,4.325300000000411,0.11162790372107458,0.04002669810467484,True
70020,70080,2024-11-05 10:42:00+00:00,2024-11-05 12:40:00+00:00,570.68,570.44,5,-1.2999999999994771,-0.04205509217072535,0.03291097645781271,False
70080,70140,2024-11-05 12:40:00+00:00,2024-11-05 13:57:00+00:00,570.44,570.77,5,1.5499999999996361,0.05785008063949359,0.030878646269891948,True
70140,70200,2024-11-05 13:57:00+00:00,2024-11-05 14:58:00+00:00,570.77,573.735,5,14.72500000000016,0.5194736934316856,0.030720142934921466,True
70201,70261,2024-11-05 14:59:00+00:00,2024-11-05 15:59:00+00:00,573.98,574.005,5,0.02499999999988631,0.004355552458269846,0.03594755652808851,True
70823,70883,2024-11-06 09:50:00+00:00,2024-11-06 10:52:00+00:00,589.47,589.86,-10,-4.099999999999864,-0.06616112779276068,-0.06725819813473473,False
70883,70943,2024-11-06 10:52:00+00:00,2024-11-06 11:53:00+00:00,589.86,587.61,5,-11.35,-0.3814464449191334,0.03183517601690421,False
70945,71005,2024-11-06 11:55:00+00:00,2024-11-06 12:55:00+00:00,587.77,590.03,5,11.199999999999955,0.384504142776935,0.03447040859864603,True
71012,71072,2024-11-06 13:02:00+00:00,2024-11-06 14:02:00+00:00,587.44,588.1,10,6.3999999999996815,0.11235189976848156,0.7084779823513301,True
71074,71134,2024-11-06 14:04:00+00:00,2024-11-06 15:04:00+00:00,588.0896,586.685,8,-11.396800000000585,-0.23884115617757448,0.044855709470653135,False
71134,71194,2024-11-06 15:04:00+00:00,2024-11-06 16:04:00+00:00,586.685,586.6272,-10,0.37799999999929235,0.009851964853359,-0.07235597149589867,True
71768,71828,2024-11-07 11:10:00+00:00,2024-11-07 12:41:00+00:00,592.12,592.55,6,2.4599999999996998,0.07262041478077923,0.04070962145085916,True
71834,71894,2024-11-07 12:47:00+00:00,2024-11-07 13:47:00+00:00,592.29,592.81,5,2.499999999999909,0.08779483023518578,0.03153207788019956,True
71895,71955,2024-11-07 13:48:00+00:00,2024-11-07 14:48:00+00:00,592.75,593.5201,5,3.7504999999997835,0.12991986503584255,0.031074597064009297,True
71958,72018,2024-11-07 14:51:00+00:00,2024-11-07 15:51:00+00:00,593.58,594.73,5,5.649999999999887,0.1937396812561032,0.034079836222672015,True
72558,72618,2024-11-08 10:22:00+00:00,2024-11-08 11:31:00+00:00,596.0,595.28,6,-4.440000000000164,-0.12080536912752136,0.03891810120397587,False
72621,72681,2024-11-08 11:36:00+00:00,2024-11-08 12:56:00+00:00,595.19,595.9,5,3.4499999999996134,0.1192896386027861,0.0359667805037118,True
72688,72748,2024-11-08 13:03:00+00:00,2024-11-08 14:07:00+00:00,595.98,595.65,-5,1.5500000000002045,0.0553709856035506,-0.0329769224216415,True
72751,72811,2024-11-08 14:10:00+00:00,2024-11-08 15:10:00+00:00,595.65,596.68,5,5.049999999999864,0.1729203391253207,0.03264455704890826,True
72821,72881,2024-11-08 15:20:00+00:00,2024-11-08 16:20:00+00:00,597.32,597.92,5,2.899999999999545,0.10044867072924211,0.03125267044478064,True
73359,73419,2024-11-11 10:57:00+00:00,2024-11-11 12:45:00+00:00,599.65,600.78,6,6.659999999999973,0.18844325856749697,0.042375706631899095,True
73419,73479,2024-11-11 12:45:00+00:00,2024-11-11 13:48:00+00:00,600.78,600.0,-5,3.7999999999998635,0.12983121941475628,-0.03237010793310429,True
73479,73539,2024-11-11 13:48:00+00:00,2024-11-11 14:49:00+00:00,600.0,599.285,5,-3.6750000000001593,-0.11916666666667197,0.03419768472325099,False
73562,73622,2024-11-11 15:12:00+00:00,2024-11-11 16:12:00+00:00,598.86,599.375,8,3.9599999999998907,0.08599672711484928,0.043032492825385786,True
74114,74174,2024-11-12 09:47:00+00:00,2024-11-12 11:06:00+00:00,597.81,597.74,8,-0.7199999999994907,-0.011709405998550767,0.055470760883683586,False
74201,74261,2024-11-12 11:48:00+00:00,2024-11-12 13:00:00+00:00,597.52,598.74,5,6.000000000000137,0.2041772660329407,0.03196326433706109,True
74261,74321,2024-11-12 13:00:00+00:00,2024-11-12 14:03:00+00:00,598.74,598.52,-10,2.000000000000273,0.03674382870695582,-0.4268407446786418,True
74353,74413,2024-11-12 14:37:00+00:00,2024-11-12 15:37:00+00:00,599.09,598.315,5,-3.9749999999998864,-0.1293628670149689,0.035531904571447136,False
74950,75010,2024-11-13 09:48:00+00:00,2024-11-13 12:14:00+00:00,596.6,595.58,-5,4.999999999999909,0.17096882333221283,-0.03061714132789683,True
75010,75070,2024-11-13 12:14:00+00:00,2024-11-13 13:24:00+00:00,595.58,596.0,5,1.9999999999997953,0.07051949360286763,0.03636651794626523,True
75076,75136,2024-11-13 13:30:00+00:00,2024-11-13 14:30:00+00:00,597.75,597.46,-5,1.349999999999818,0.048515265579249456,-0.03051996169562324,True
75136,75196,2024-11-13 14:30:00+00:00,2024-11-13 15:30:00+00:00,597.46,596.39,6,-6.5400000000003,-0.17909148729622903,0.0424370465643612,False
75767,75827,2024-11-14 10:51:00+00:00,2024-11-14 12:20:00+00:00,597.63,597.94,5,1.4500000000002955,0.05187155932601427,0.03473230148038989,True
75840,75900,2024-11-14 12:37:00+00:00,2024-11-14 13:45:00+00:00,597.84,597.41,5,-2.2500000000003184,-0.07192559882243806,0.03113234043764614,False
75901,75961,2024-11-14 13:46:00+00:00,2024-11-14 14:46:00+00:00,597.04,596.02,5,-5.199999999999909,-0.1708428246013637,0.032669483035076496,False
75998,76058,2024-11-14 15:23:00+00:00,2024-11-14 16:23:00+00:00,595.45,596.365,6,5.369999999999782,0.15366529515491872,0.040569748653926235,True
76558,76618,2024-11-15 09:45:00+00:00,2024-11-15 11:25:00+00:00,590.1,590.65,6,3.179999999999727,0.09320454160311041,0.04210493171162437,True
76618,76678,2024-11-15 11:25:00+00:00,2024-11-15 12:39:00+00:00,590.65,590.95,-5,-1.6000000000003411,-0.05079150088886282,-0.0307680577179209,False
76692,76752,2024-11-15 12:56:00+00:00,2024-11-15 13:58:00+00:00,591.33,590.35,-5,4.800000000000091,0.16572810444253092,-0.034040025351670535,True
76752,76812,2024-11-15 13:58:00+00:00,2024-11-15 14:58:00+00:00,590.35,588.63,10,-17.400000000000272,-0.29135258744812864,0.06402109876251194,False
76815,76875,2024-11-15 15:01:00+00:00,2024-11-15 16:01:00+00:00,588.17,586.17,-6,11.879999999999999,0.3400377441896051,-0.038606144237479635,True
77378,77438,2024-11-18 09:49:00+00:00,2024-11-18 11:58:00+00:00,585.97,586.04,8,0.39999999999949065,0.011946004061630516,0.04441376214606495,True
77438,77498,2024-11-18 11:58:00+00:00,2024-11-18 13:08:00+00:00,586.04,585.78,5,-1.3999999999999546,-0.04436557231588133,0.03229720004967975,False
77502,77562,2024-11-18 13:12:00+00:00,2024-11-18 14:12:00+00:00,585.81,586.43,7,4.200000000000031,0.10583636332599385,0.037690110986106515,True
77564,77624,2024-11-18 14:14:00+00:00,2024-11-18 15:14:00+00:00,586.6,586.766,-5,-0.9299999999996998,-0.02829867030343334,-0.03045447219557161,False
77626,77686,2024-11-18 15:16:00+00:00,2024-11-18 16:16:00+00:00,586.99,588.4,8,11.119999999999745,0.2402085214398828,0.05056110568403469,True
78174,78234,2024-11-19 09:45:00+00:00,2024-11-19 11:25:00+00:00,584.85,585.9,-10,-10.699999999999545,-0.17953321364451647,-0.0945072506896446,False
78234,78294,2024-11-19 11:25:00+00:00,2024-11-19 12:38:00+00:00,585.9,586.66,5,3.6999999999999544,0.1297149684246443,0.03349246995548669,True
78323,78383,2024-11-19 13:17:00+00:00,2024-11-19 14:17:00+00:00,586.28,584.3,5,-10.00000000000009,-0.3377225898887935,0.03585578535110356,False
78395,78455,2024-11-19 14:29:00+00:00,2024-11-19 15:29:00+00:00,584.756,586.46,-8,-13.792000000000517,-0.29140359397767013,-0.04416163703144074,False
78455,78515,2024-11-19 15:29:00+00:00,2024-11-19 16:29:00+00:00,586.46,588.8999,-10,-24.59899999999966,-0.4160386045084005,-0.061182542290333354,False
78975,79035,2024-11-20 09:48:00+00:00,2024-11-20 11:48:00+00:00,591.46,590.95,5,-2.6499999999999546,-0.08622730193081374,0.03062851535183819,False
79035,79095,2024-11-20 11:48:00+00:00,2024-11-20 13:09:00+00:00,590.95,591.68,5,3.5499999999995224,0.1235299094677899,0.03344437693055081,True
79120,79180,2024-11-20 13:34:00+00:00,2024-11-20 14:35:00+00:00,591.31,589.25,5,-10.399999999999727,-0.3483790228475665,0.034068650549222666,False
79181,79241,2024-11-20 14:36:00+00:00,2024-11-20 15:36:00+00:00,588.82,586.35,-10,24.500000000000274,0.41948303386434344,-0.07662051905606355,True
79771,79831,2024-11-21 09:50:00+00:00,2024-11-21 11:39:00+00:00,588.23,590.29,5,10.199999999999728,0.35020315182835715,0.03249975557697205,True
79855,79915,2024-11-21 12:08:00+00:00,2024-11-21 13:09:00+00:00,591.59,591.6,-5,-0.14999999999995453,-0.0016903598776164075,-0.032400027701594614,False
79915,79975,2024-11-21 13:09:00+00:00,2024-11-21 14:09:00+00:00,591.6,593.18,5,7.799999999999637,0.26707234617983894,0.032686691613539064,True
79989,80049,2024-11-21 14:23:00+00:00,2024-11-21 15:23:00+00:00,593.51,589.3199,-5,20.85050000000015,0.7059864197738925,-0.03656247557774044,True
80050,80110,2024-11-21 15:24:00+00:00,2024-11-21 16:24:00+00:00,589.1299,592.28,-10,-31.70099999999952,-0.5347038064100892,-0.08391248134973152,False
80605,80665,2024-11-22 09:51:00+00:00,2024-11-22 11:43:00+00:00,591.98,592.3,8,2.3999999999994905,0.054055880266214454,0.04344438106915473,True
80674,80734,2024-11-22 12:00:00+00:00,2024-11-22 13:18:00+00:00,593.05,593.56,-5,-2.6499999999999546,-0.08599612174352768,-0.03242558065401361,False
80751,80811,2024-11-22 13:35:00+00:00,2024-11-22 14:36:00+00:00,593.27,594.459,5,5.844999999999823,0.2004146510020673,0.03062851535183819,True
80812,80872,2024-11-22 14:37:00+00:00,2024-11-22 15:37:00+00:00,594.14,594.23,-8,-0.8800000000002547,-0.015147944928810018,-0.05526109730083039,False
81429,81489,2024-11-25 10:58:00+00:00,2024-11-25 12:26:00+00:00,598.79,598.03,-5,3.6999999999999544,0.12692262729838358,-0.0368034849355849,True
81489,81549,2024-11-25 12:26:00+00:00,2024-11-25 13:35:00+00:00,598.03,598.62,8,4.5600000000002545,0.09865725799709578,0.04463342591641262,True
81553,81613,2024-11-25 13:39:00+00:00,2024-11-25 14:39:00+00:00,598.9,600.65,-5,-8.85,-0.2922023710135248,-0.03045447219557161,False
81620,81680,2024-11-25 14:46:00+00:00,2024-11-25 15:46:00+00:00,600.33,598.41,-10,19.00000000000073,0.31982409674680135,-0.08503429767003733,True
82222,82282,2024-11-26 10:04:00+00:00,2024-11-26 12:08:00+00:00,598.01,599.07,-5,-5.400000000000295,-0.17725456096052894,-0.03351378566098202,False
82287,82347,2024-11-26 12:13:00+00:00,2024-11-26 13:17:00+00:00,599.1,598.71,-5,1.8499999999999317,0.06509764646970227,-0.0307680577179209,True
82347,82407,2024-11-26 13:17:00+00:00,2024-11-26 14:22:00+00:00,598.71,599.06,6,1.9799999999994542,0.058459020226805804,0.039522044923599634,True
82410,82470,2024-11-26 14:25:00+00:00,2024-11-26 15:25:00+00:00,598.81,598.17,5,-3.299999999999932,-0.1068786426412362,0.03659110077529256,False
83007,83067,2024-11-27 09:45:00+00:00,2024-11-27 12:14:00+00:00,599.7,600.18,5,2.2999999999995224,0.08004002000998907,0.030236842359281337,True
83074,83134,2024-11-27 12:22:00+00:00,2024-11-27 13:31:00+00:00,600.43,600.81,-5,-1.9999999999999774,-0.06328797694985186,-0.0329769224216415,False
83136,83196,2024-11-27 13:33:00+00:00,2024-11-27 14:35:00+00:00,600.84,600.32,-5,2.499999999999909,0.0865455029625161,-0.03085420963812504,True
83773,83833,2024-11-29 12:08:00+00:00,2024-11-29 13:21:00+00:00,600.54,600.21,5,-1.7499999999996363,-0.054950544509928936,0.03482585033209374,False
83833,83893,2024-11-29 13:21:00+00:00,2024-11-29 14:25:00+00:00,600.21,600.15,10,-0.8000000000005912,-0.009996501224581249,0.06138074298549557,False
83895,83955,2024-11-29 14:27:00+00:00,2024-11-29 15:27:00+00:00,600.0,601.34,5,6.6000000000001595,0.22333333333333863,0.0348133902719225,True
84314,84374,2024-12-02 09:45:00+00:00,2024-12-02 12:04:00+00:00,601.4,601.92,10,4.999999999999818,0.08646491519786861,0.07883203877066168,True
84375,84435,2024-12-02 12:05:00+00:00,2024-12-02 13:20:00+00:00,602.04,602.7,-5,-3.4000000000004094,-0.10962726729122349,-0.03276984537565772,False
84464,84524,2024-12-02 13:49:00+00:00,2024-12-02 14:50:00+00:00,602.34,603.0,5,3.1999999999998407,0.1095726666002537,0.030246508261441554,True
84526,84586,2024-12-02 14:52:00+00:00,2024-12-02 15:52:00+00:00,602.85,603.08,5,1.050000000000091,0.0381521108070031,0.03001174535215449,True
85063,85123,2024-12-03 10:34:00+00:00,2024-12-03 12:36:00+00:00,603.71,604.029,5,1.4949999999997998,0.052839939706143674,0.03482585033209374,True
85127,85187,2024-12-03 12:43:00+00:00,2024-12-03 14:02:00+00:00,604.11,603.81,-5,1.400000000000341,0.04965983016339213,-0.030024117432596593,True
85187,85247,2024-12-03 14:02:00+00:00,2024-12-03 15:03:00+00:00,603.81,603.31,5,-2.6,-0.08280750567231414,0.03305675455163293,False
85269,85329,2024-12-03 15:25:00+00:00,2024-12-03 16:25:00+00:00,602.74,603.0,8,1.9199999999999273,0.04313634402893302,0.044302749233667664,True
85811,85871,2024-12-04 11:06:00+00:00,2024-12-04 12:35:00+00:00,605.72,605.74,-5,-0.19999999999990908,-0.00330185564286829,-0.03276984537565772,False
85876,85936,2024-12-04 12:44:00+00:00,2024-12-04 13:51:00+00:00,605.69,605.93,5,1.0999999999994772,0.03962423021676029,0.03232995481583028,True
85937,85997,2024-12-04 13:52:00+00:00,2024-12-04 14:53:00+00:00,605.63,605.95,5,1.50000000000025,0.05283754107294058,0.03474431532458343,True
86029,86089,2024-12-04 15:25:00+00:00,2024-12-04 16:25:00+00:00,605.71,606.3794,5,3.24699999999998,0.11051493288867544,0.03220924774256968,True
86519,86579,2024-12-05 10:10:00+00:00,2024-12-05 13:03:00+00:00,607.48,607.49,-5,-0.14999999999995453,-0.0016461447290430802,-0.03112335329546741,False
86591,86651,2024-12-05 13:15:00+00:00,2024-12-05 14:28:00+00:00,607.31,607.65,6,1.9200000000001909,0.05598458777231264,0.04151273984656081,True
86701,86761,2024-12-05 15:18:00+00:00,2024-12-05 16:18:00+00:00,607.66,607.27,5,-2.049999999999932,-0.06418062732448843,0.030832445923643575,False
87206,87266,2024-12-06 09:52:00+00:00,2024-12-06 12:49:00+00:00,606.57,606.42,-5,0.6500000000004548,0.024729215094727884,-0.0307680577179209,True
87270,87330,2024-12-06 12:55:00+00:00,2024-12-06 13:57:00+00:00,606.37,607.5,5,5.549999999999978,0.18635486584098743,0.03227327060926419,True
87366,87426,2024-12-06 14:33:00+00:00,2024-12-06 15:33:00+00:00,608.2012,608.65,5,2.144000000000028,0.0737913703557319,0.03270473879355575,True
87943,88003,2024-12-09 10:15:00+00:00,2024-12-09 12:06:00+00:00,607.61,607.6,6,-0.17999999999994543,-0.0016457925313919956,0.0423585805320568,False
88014,88074,2024-12-09 12:19:00+00:00,2024-12-09 13:32:00+00:00,607.53,607.71,5,0.8000000000003183,0.02962816651030627,0.03178952512680247,True
88078,88138,2024-12-09 13:36:00+00:00,2024-12-09 14:44:00+00:00,607.58,607.32,5,-1.3999999999999546,-0.04279271865433209,0.03721628269760834,False
88138,88198,2024-12-09 14:44:00+00:00,2024-12-09 15:44:00+00:00,607.32,605.98,6,-8.160000000000192,-0.22064150694856613,0.0396166212037738,False
88676,88736,2024-12-10 09:47:00+00:00,2024-12-10 12:27:00+00:00,604.02,605.27,8,9.84,0.20694678984139597,0.055870498326237014,True
88753,88813,2024-12-10 13:00:00+00:00,2024-12-10 14:04:00+00:00,604.35,604.98,10,6.099999999999954,0.10424422933730379,0.24282968273336297,True
88813,88873,2024-12-10 14:04:00+00:00,2024-12-10 15:05:00+00:00,604.98,605.1699,5,0.84949999999983,0.031389467420404965,0.03074433131273794,True
88875,88935,2024-12-10 15:07:00+00:00,2024-12-10 16:07:00+00:00,605.2901,604.86,5,-2.250500000000193,-0.07105683704392961,0.034079836222672015,False
89397,89457,2024-12-11 10:20:00+00:00,2024-12-11 12:54:00+00:00,603.25,603.43,5,0.7999999999997499,0.029838375466216326,0.03636651794626523,True
89459,89519,2024-12-11 12:57:00+00:00,2024-12-11 13:57:00+00:00,603.39,605.26,5,9.250000000000023,0.3099156432821234,0.035379731539659565,True
89527,89587,2024-12-11 14:05:00+00:00,2024-12-11 15:05:00+00:00,605.63,606.6995,-5,-5.44749999999974,-0.17659296930468243,-0.03656247557774044,False
89601,89661,2024-12-11 15:19:00+00:00,2024-12-11 16:19:00+00:00,606.8,606.97,6,0.9000000000004367,0.028015820698759523,0.037700737794461356,True
90127,90187,2024-12-12 09:51:00+00:00,2024-12-12 12:28:00+00:00,606.67,606.73,5,0.20000000000029555,0.009890055549155079,0.03636651794626523,True
90190,90250,2024-12-12 12:31:00+00:00,2024-12-12 13:38:00+00:00,606.62,605.95,6,-4.1399999999997545,-0.11044805644389553,0.03836256676026938,False
90250,90310,2024-12-12 13:38:00+00:00,2024-12-12 14:38:00+00:00,605.95,606.13,5,0.7999999999997499,0.02970542123936793,0.03699356413605718,True
90310,90370,2024-12-12 14:38:00+00:00,2024-12-12 15:38:00+00:00,606.13,606.84,5,3.450000000000182,0.11713658786069595,0.03041531934396806,True
90907,90967,2024-12-13 09:46:00+00:00,2024-12-13 12:05:00+00:00,606.47,606.73,-5,-1.3999999999999546,-0.042871040612065044,-0.033114048218428595,False
90977,91037,2024-12-13 12:15:00+00:00,2024-12-13 13:31:00+00:00,606.81,607.05,5,1.1000000000000456,0.03955109507094628,0.0361404290805491,True
91037,91097,2024-12-13 13:31:00+00:00,2024-12-13 14:32:00+00:00,607.05,606.14,6,-5.579999999999809,-0.14990527963099715,0.04135890912382119,False
91103,91163,2024-12-13 14:38:00+00:00,2024-12-13 15:38:00+00:00,606.35,604.8313,6,-9.232199999999803,-0.2504659025315358,0.038647471959977,False
91636,91696,2024-12-16 09:58:00+00:00,2024-12-16 12:14:00+00:00,605.16,605.73,-5,-2.95000000000025,-0.09418996628991508,-0.03112335329546741,False
91696,91756,2024-12-16 12:14:00+00:00,2024-12-16 13:37:00+00:00,605.73,606.1004,-5,-1.9520000000000892,-0.06114935697423238,-0.03337665986419493,False
91763,91823,2024-12-16 13:44:00+00:00,2024-12-16 14:47:00+00:00,606.19,605.745,-5,2.12500000000025,0.07340932710867056,-0.03279976514414804,True
91828,91888,2024-12-16 14:52:00+00:00,2024-12-16 15:52:00+00:00,605.99,606.69,5,3.4000000000002273,0.11551345731778502,0.03301140792861982,True
92383,92443,2024-12-17 09:46:00+00:00,2024-12-17 12:14:00+00:00,605.08,604.98,5,-0.6000000000001137,-0.01652674026575374,0.0359667805037118,False
92443,92503,2024-12-17 12:14:00+00:00,2024-12-17 13:21:00+00:00,604.98,604.35,5,-3.2499999999999774,-0.10413567390657467,0.0324980170918364,False
92503,92563,2024-12-17 13:21:00+00:00,2024-12-17 14:23:00+00:00,604.35,604.54,5,0.8499999999997044,0.031438735831875717,0.03636651794626523,True
92567,92627,2024-12-17 14:27:00+00:00,2024-12-17 15:27:00+00:00,604.34,603.24,5,-5.600000000000113,-0.1820167455405935,0.030246508261441554,False
93133,93193,2024-12-18 09:50:00+00:00,2024-12-18 12:26:00+00:00,605.28,606.0,-5,-3.7000000000001365,-0.11895321173672141,-0.0307680577179209,False
93208,93268,2024-12-18 12:44:00+00:00,2024-12-18 13:57:00+00:00,605.8,604.9,5,-4.599999999999886,-0.14856388246945815,0.03721628269760834,False
93283,93343,2024-12-18 14:12:00+00:00,2024-12-18 15:12:00+00:00,604.27,604.91,-5,-3.299999999999932,-0.10591291972131438,-0.03428352599346332,False
93976,94036,2024-12-19 09:58:00+00:00,2024-12-19 11:30:00+00:00,588.83,588.91,5,0.29999999999963617,0.01358626428679368,0.03350318269722283,True
94036,94096,2024-12-19 11:30:00+00:00,2024-12-19 12:34:00+00:00,588.91,590.32,5,6.95000000000041,0.23942537909019748,0.031858365743384,True
94115,94175,2024-12-19 12:53:00+00:00,2024-12-19 13:53:00+00:00,590.76,590.52,5,-1.3000000000000456,-0.04062563477554491,0.0312527970298707,False
94175,94235,2024-12-19 13:53:00+00:00,2024-12-19 14:53:00+00:00,590.52,590.57,5,0.15000000000034105,0.008467113730283176,0.034713433987615644,True
94235,94295,2024-12-19 14:53:00+00:00,2024-12-19 15:53:00+00:00,590.57,589.59,-10,9.600000000000183,0.16594137866806952,-0.05961469772082334,True
94848,94908,2024-12-20 09:45:00+00:00,2024-12-20 10:57:00+00:00,579.57,580.01,7,2.939999999999586,0.07591835326189086,0.03813211738243168,True
94913,94973,2024-12-20 11:03:00+00:00,2024-12-20 12:08:00+00:00,579.77,578.78,7,-7.070000000000064,-0.1707573693016212,0.03759625608403841,False
94973,95033,2024-12-20 12:08:00+00:00,2024-12-20 13:08:00+00:00,578.78,579.2,8,3.200000000000582,0.07256643284150675,0.04303792210876686,True
95033,95093,2024-12-20 13:08:00+00:00,2024-12-20 14:08:00+00:00,579.2,581.44,5,11.100000000000046,0.3867403314917142,0.034038827351706144,True
95106,95166,2024-12-20 14:21:00+00:00,2024-12-20 15:21:00+00:00,581.68,584.59,8,23.120000000000655,0.5002750653280296,0.04563786707152342,True
95167,95227,2024-12-20 15:22:00+00:00,2024-12-20 16:22:00+00:00,584.69,592.11,8,59.199999999999676,1.2690485556448645,0.04958118078089837,True
95763,95823,2024-12-23 10:22:00+00:00,2024-12-23 11:52:00+00:00,592.55,590.6,5,-9.849999999999659,-0.3290861530672402,0.03062851535183819,False
95823,95883,2024-12-23 11:52:00+00:00,2024-12-23 12:59:00+00:00,590.6,591.78,5,5.79999999999975,0.1997968167964697,0.034887345980669664,True
95883,95943,2024-12-23 12:59:00+00:00,2024-12-23 13:59:00+00:00,591.78,589.88,-5,9.399999999999887,0.3210652607387842,-0.030840947375829028,True
95944,96004,2024-12-23 14:00:00+00:00,2024-12-23 15:00:00+00:00,589.74,589.94,5,0.9000000000002274,0.033913249906746275,0.03206117260015092,True
96004,96064,2024-12-23 15:00:00+00:00,2024-12-23 16:00:00+00:00,589.94,589.35,-8,4.5600000000002545,0.10001017052582158,-0.04837522341108001,True
96541,96601,2024-12-24 09:48:00+00:00,2024-12-24 12:43:00+00:00,595.65,595.419,-5,1.0549999999999728,0.038781163434902136,-0.03293689094093513,True
96602,96662,2024-12-24 12:44:00+00:00,2024-12-24 13:54:00+00:00,595.38,595.8,5,1.9999999999997953,0.07054318250528387,0.03585461802340568,True
96667,96727,2024-12-24 14:01:00+00:00,2024-12-24 15:02:00+00:00,595.92,597.5618,-5,-8.308999999999946,-0.27550677943347923,-0.0329769224216415,False
96727,96787,2024-12-24 15:02:00+00:00,2024-12-24 16:02:00+00:00,597.5618,599.25,8,13.345600000000413,0.28251471228583414,0.04488217039778212,True
97088,97148,2024-12-26 09:50:00+00:00,2024-12-26 11:53:00+00:00,599.6,599.09,5,-2.6499999999999546,-0.08505670446964492,0.03473230148038989,False
97149,97209,2024-12-26 11:54:00+00:00,2024-12-26 13:13:00+00:00,599.18,599.41,5,1.050000000000091,0.03838579391835813,0.030977548455735516,True
97226,97286,2024-12-26 13:31:00+00:00,2024-12-26 14:33:00+00:00,599.17,599.76,5,2.850000000000159,0.09846954954354055,0.0346216440550234,True
97287,97347,2024-12-26 14:34:00+00:00,2024-12-26 15:34:00+00:00,599.91,600.37,5,2.200000000000182,0.07667816839193152,0.035531904571447136,True
97832,97892,2024-12-27 09:45:00+00:00,2024-12-27 12:27:00+00:00,599.57,599.72,5,0.6499999999998863,0.025017929516149447,0.03537253627131938,True
97907,97967,2024-12-27 13:01:00+00:00,2024-12-27 14:06:00+00:00,599.36,598.48,6,-5.399999999999973,-0.1468232781633735,0.039522044923599634,False
97967,98027,2024-12-27 14:06:00+00:00,2024-12-27 15:07:00+00:00,598.48,594.48,8,-32.16,-0.6683598449405159,0.045400242122959046,False
98027,98087,2024-12-27 15:07:00+00:00,2024-12-27 16:07:00+00:00,594.48,593.13,-10,13.300000000000228,0.22708922083165503,-0.2541855950710916,True
98549,98609,2024-12-30 09:47:00+00:00,2024-12-30 12:24:00+00:00,593.36,592.87,8,-4.080000000000073,-0.08258055817716212,0.051905557735616205,False
98609,98669,2024-12-30 12:24:00+00:00,2024-12-30 13:26:00+00:00,592.87,589.32,5,-17.849999999999774,-0.5987821950849183,0.036337177271828336,False
98670,98730,2024-12-30 13:27:00+00:00,2024-12-30 14:27:00+00:00,589.27,587.91,5,-6.900000000000068,-0.23079403329543563,0.032481069563078536,False
98736,98796,2024-12-30 14:33:00+00:00,2024-12-30 15:33:00+00:00,586.69,585.215,-10,14.550000000000228,0.2514104552659876,-0.08715784915887999,True
