Date,Actual_Price,Actual_Change,Predicted_Change,Predicted_Price,Predicted_Change_Pct,Confidence,Confidence_Lower_Bound,Confidence_Upper_Bound,Is_High_Confidence,Price_Error,Abs_Price_Error,Change_Error,Abs_Change_Error,Direction_Correct
2025-01-03,585.0792846679688,0.0,23.004213241157053,608.0834979091258,3.93,0.9,3.9820137462214547,42.02641273609265,1,23.004213241157004,23.004213241157004,23.004213241157053,23.004213241157053,0
2025-01-06,588.4497680664062,3.3704833984375,15.987926476833175,604.4376945432394,2.72,0.7,-3.0342730181024233,35.01012597176877,0,15.987926476833195,15.987926476833195,12.617443078395675,12.617443078395675,1
2025-01-07,581.7979125976562,-6.65185546875,12.580360161702526,594.3782727593588,2.16,0.7,-6.441839333233073,31.602559656638125,0,12.580360161702515,12.580360161702515,19.232215630452526,19.232215630452526,0
2025-01-08,582.6478881835938,0.8499755859375,15.146229501990607,597.7941176855844,2.6,0.7,-3.8759699929449916,34.16842899692621,0,15.14622950199066,15.14622950199066,14.296253916053107,14.296253916053107,1
2025-01-10,573.7523193359375,-8.89556884765625,15.69564655424046,589.447965890178,2.74,0.7,-3.326552940695139,34.71784604917606,0,15.695646554240511,15.695646554240511,24.59121540189671,24.59121540189671,0
2025-01-13,574.6419067382812,0.88958740234375,29.79356029711378,604.435467035395,5.18,0.9,10.77136080217818,48.81575979204938,1,29.7935602971138,29.7935602971138,28.90397289477003,28.90397289477003,1
2025-01-14,575.4325561523438,0.7906494140625,26.194772241527303,601.627328393871,4.55,0.9,7.172572746591705,45.2169717364629,1,26.19477224152729,26.19477224152729,25.404122827464803,25.404122827464803,1
2025-01-15,585.8997192382812,10.4671630859375,25.546932106764075,611.4466513450453,4.36,0.9,6.524732611828476,44.569131601699674,1,25.546932106764075,25.546932106764075,15.079769020826575,15.079769020826575,1
2025-01-16,584.7728881835938,-1.1268310546875,14.658685920477073,599.4315741040708,2.51,0.7,-4.363513574458526,33.680885415412675,0,14.658685920477069,14.658685920477069,15.785516975164573,15.785516975164573,0
2025-01-17,590.64404296875,5.87115478515625,14.044407853808195,604.6884508225583,2.38,0.7,-4.9777916411274035,33.066607348743794,0,14.044407853808252,14.044407853808252,8.173253068651945,8.173253068651945,1
2025-01-21,596.0504150390625,5.4063720703125,9.22241343376761,605.2728284728302,1.55,0.5,-9.799786061167989,28.24461292870321,0,9.222413433767656,9.222413433767656,3.81604136345511,3.81604136345511,1
2025-01-22,599.4011840820312,3.35076904296875,9.543781414042225,608.9449654960735,1.59,0.5,-9.478418080893373,28.565980908977824,0,9.5437814140422,9.5437814140422,6.1930123710734755,6.1930123710734755,1
2025-01-23,602.6727294921875,3.27154541015625,8.558968782687135,611.2316982748746,1.42,0.5,-10.463230712248464,27.581168277622734,0,8.558968782687089,8.558968782687089,5.287423372530885,5.287423372530885,1
2025-01-24,600.913330078125,-1.7593994140625,8.56912184070475,609.4824519188297,1.43,0.5,-10.45307765423085,27.591321335640348,0,8.569121840704724,8.569121840704724,10.32852125476725,10.32852125476725,0
2025-01-27,592.4132080078125,-8.5001220703125,10.293680309333402,602.7068883171459,1.74,0.7,-8.728519185602197,29.315879804269002,0,10.293680309333354,10.293680309333354,18.793802379645903,18.793802379645903,0
2025-01-28,597.50341796875,5.0902099609375,14.944479023923535,612.4478969926736,2.5,0.7,-4.077720471012064,33.96667851885913,0,14.944479023923577,14.944479023923577,9.854269062986035,9.854269062986035,1
2025-01-29,594.8248291015625,-2.6785888671875,11.192078032672683,606.0169071342352,1.88,0.7,-7.830121462262916,30.21427752760828,0,11.192078032672725,11.192078032672725,13.870666899860183,13.870666899860183,0
2025-01-30,598.0173950195312,3.19256591796875,12.85065675590775,610.868051775439,2.15,0.7,-6.171542739027849,31.87285625084335,0,12.850656755907721,12.850656755907721,9.658090837939,9.658090837939,1
2025-01-31,594.8347778320312,-3.1826171875,11.655305691278457,606.4900835233097,1.96,0.7,-7.366893803657142,30.677505186214056,0,11.6553056912785,11.6553056912785,14.837922878778457,14.837922878778457,0
2025-02-03,590.831787109375,-4.00299072265625,13.914170063330602,604.7459571727056,2.36,0.7,-5.108029431604997,32.9363695582662,0,13.91417006333063,13.91417006333063,17.91716078598685,17.91716078598685,0
2025-02-04,594.7952270507812,3.96343994140625,17.10317247209605,611.8983995228773,2.88,0.7,-1.9190270228395505,36.12537196703165,0,17.10317247209605,17.10317247209605,13.139732530689798,13.139732530689798,1
2025-02-05,597.2069091796875,2.41168212890625,11.218217939214133,608.4251271189016,1.88,0.7,-7.803981555721466,30.240417434149734,0,11.218217939214128,11.218217939214128,8.806535810307883,8.806535810307883,1
2025-02-06,599.2825317382812,2.07562255859375,9.893312386558538,609.1758441248398,1.65,0.7,-9.12888710837706,28.915511881494137,0,9.893312386558591,9.893312386558591,7.817689827964788,7.817689827964788,1
2025-02-07,593.7969970703125,-5.48553466796875,11.186077246280343,604.9830743165928,1.88,0.7,-7.836122248655256,30.20827674121594,0,11.18607724628032,11.18607724628032,16.67161191424909,16.67161191424909,0
2025-02-10,597.82958984375,4.0325927734375,16.845623097990476,614.6752129417405,2.82,0.7,-2.176576396945123,35.867822592926075,0,16.845623097990483,16.845623097990483,12.813030324552976,12.813030324552976,1
2025-02-11,598.2843017578125,0.4547119140625,10.884595127580381,609.1688968853929,1.82,0.7,-8.137604367355218,29.90679462251598,0,10.884595127580383,10.884595127580383,10.429883213517881,10.429883213517881,1
2025-02-12,596.3568725585938,-1.92742919921875,15.45855364747977,611.8154262060735,2.59,0.7,-3.5636458474558292,34.48075314241537,0,15.458553647479789,15.458553647479789,17.385982846698518,17.385982846698518,0
2025-02-13,602.6529541015625,6.29608154296875,20.569138197607327,623.2220922991698,3.41,0.9,1.5469387026717278,39.59133769254292,1,20.569138197607344,20.569138197607344,14.273056654638577,14.273056654638577,1
2025-02-14,602.6232299804688,-0.02972412109375,17.844761490555943,620.4679914710247,2.96,0.7,-1.1774380043796562,36.866960985491545,0,17.844761490555925,17.844761490555925,17.874485611649693,17.874485611649693,0
2025-02-18,604.3925170898438,1.769287109375,15.959767919370814,620.3522850092146,2.64,0.7,-3.0624315755647853,34.98196741430641,0,15.959767919370847,15.959767919370847,14.190480809995814,14.190480809995814,1
2025-02-19,605.8157958984375,1.42327880859375,16.13792875029385,621.9537246487314,2.66,0.7,-2.88427074464175,35.160128245229444,0,16.137928750293895,16.137928750293895,14.714649941700099,14.714649941700099,1
2025-02-20,603.29541015625,-2.5203857421875,17.67175268066909,620.9671628369191,2.93,0.7,-1.3504468142665083,36.69395217560469,0,17.6717526806691,17.6717526806691,20.19213842285659,20.19213842285659,0
2025-02-21,592.9766235351562,-10.31878662109375,18.7455497150031,611.7221732501594,3.16,0.7,-0.27664977993249806,37.7677492099387,0,18.745549715003108,18.745549715003108,29.06433633609685,29.06433633609685,0
2025-02-24,590.2781982421875,-2.69842529296875,24.220425471103574,614.4986237132911,4.1,0.9,5.198225976167976,43.24262496603917,1,24.220425471103567,24.220425471103567,26.918850764072324,26.918850764072324,0
2025-02-25,587.3427734375,-2.9354248046875,25.022808880861355,612.3655823183614,4.26,0.9,6.000609385925756,44.045008375796954,1,25.022808880861362,25.022808880861362,27.958233685548855,27.958233685548855,0
2025-02-26,587.63916015625,0.29638671875,26.215924186228257,613.8550843424782,4.46,0.9,7.193724691292658,45.238123681163856,1,26.21592418622822,26.21592418622822,25.919537467478257,25.919537467478257,1
2025-02-27,578.2593994140625,-9.3797607421875,25.39124890576473,603.6506483198273,4.39,0.9,6.369049410829131,44.41344840070033,1,25.39124890576477,25.39124890576477,34.771009647952226,34.771009647952226,0
2025-02-28,587.283447265625,9.0240478515625,31.790415434894467,619.0738627005195,5.41,0.9,12.768215939958868,50.81261492983006,1,31.7904154348945,31.7904154348945,22.766367583331967,22.766367583331967,1
2025-03-03,576.9942626953125,-10.2891845703125,20.29906944193632,597.2933321372489,3.52,0.9,1.2768699470007228,39.32126893687192,1,20.299069441936354,20.299069441936354,30.58825401224882,30.58825401224882,0
2025-03-04,570.1644897460938,-6.82977294921875,32.3817907270612,602.546280473155,5.68,0.9,13.359591232125602,51.4039902219968,1,32.38179072706123,32.38179072706123,39.21156367627995,39.21156367627995,0
2025-03-05,576.29248046875,6.12799072265625,31.776217365676793,608.0686978344268,5.51,0.9,12.754017870741194,50.79841686061239,1,31.776217365676757,31.776217365676757,25.648226643020543,25.648226643020543,1
2025-03-06,566.0626220703125,-10.2298583984375,27.14974137328512,593.2123634435976,4.8,0.9,8.127541878349522,46.171940868220716,1,27.14974137328511,27.14974137328511,37.379599771722624,37.379599771722624,0
2025-03-07,569.2353515625,3.1727294921875,32.33512365383524,601.5704752163352,5.68,0.9,13.31292415889964,51.35732314877084,1,32.33512365383524,32.33512365383524,29.16239416164774,29.16239416164774,1
2025-03-10,554.073486328125,-15.161865234375,28.765099061396256,582.8385853895213,5.19,0.9,9.742899566460657,47.787298556331855,1,28.765099061396313,28.765099061396313,43.926964295771256,43.926964295771256,0
2025-03-11,549.4674682617188,-4.60601806640625,33.11241199700762,582.5798802587263,6.03,0.9,14.09021250207202,52.13461149194322,1,33.1124119970076,33.1124119970076,37.71843006341387,37.71843006341387,0
2025-03-12,552.38330078125,2.91583251953125,32.63845139436454,585.0217521756146,5.91,0.9,13.616251899428939,51.660650889300136,1,32.63845139436455,32.63845139436455,29.722618874833287,29.722618874833287,1
2025-03-13,545.019775390625,-7.363525390625,28.892122205839716,573.9118975964648,5.3,0.9,9.869922710904117,47.91432170077532,1,28.89212220583977,28.89212220583977,36.25564759646471,36.25564759646471,0
2025-03-14,556.2775268554688,11.25775146484375,30.759152141478886,587.0366789969477,5.53,0.9,11.736952646543287,49.781351636414485,1,30.75915214147892,30.75915214147892,19.501400676635136,19.501400676635136,1
2025-03-17,560.5671997070312,4.2896728515625,25.541583531824507,586.1087832388557,4.56,0.9,6.519384036888908,44.563783026760106,1,25.54158353182447,25.54158353182447,21.251910680262007,21.251910680262007,1
2025-03-18,554.50830078125,-6.05889892578125,25.703816290488053,580.212117071738,4.64,0.9,6.681616795552454,44.726015785423655,1,25.70381629048802,25.70381629048802,31.762715216269303,31.762715216269303,0
2025-03-19,560.54736328125,6.0390625,27.947210164318495,588.4945734455684,4.99,0.9,8.925010669382896,46.9694096592541,1,27.94721016431845,27.94721016431845,21.908147664318495,21.908147664318495,1
2025-03-20,558.9264526367188,-1.62091064453125,22.45401047297238,581.3804631096912,4.02,0.9,3.4318109780367827,41.47620996790798,1,22.454010472972413,22.454010472972413,24.07492111750363,24.07492111750363,0
2025-03-21,559.1107788085938,0.184326171875,19.36925145827381,578.4800302668675,3.46,0.7,0.34705196333820965,38.39145095320941,0,19.369251458273766,19.369251458273766,19.18492528639881,19.18492528639881,1
2025-03-24,569.1236572265625,10.01287841796875,18.886592314489445,588.010249541052,3.32,0.7,-0.13560718044615427,37.90879180942504,0,18.886592314489462,18.886592314489462,8.873713896520695,8.873713896520695,1
2025-03-25,570.4917602539062,1.36810302734375,18.17605009594267,588.6678103498489,3.19,0.7,-0.8461493989929281,37.19824959087827,0,18.176050095942628,18.176050095942628,16.80794706859892,16.80794706859892,1
2025-03-26,563.6810913085938,-6.8106689453125,14.394749645857273,578.075840954451,2.55,0.7,-4.627449849078326,33.41694914079287,0,14.394749645857246,14.394749645857246,21.205418591169774,21.205418591169774,0
2025-03-27,562.18408203125,-1.49700927734375,19.478602439245105,581.6626844704952,3.46,0.9,0.4564029443095059,38.5008019341807,1,19.47860243924515,19.47860243924515,20.975611716588855,20.975611716588855,0
2025-03-28,550.8626708984375,-11.3214111328125,17.47631226286952,568.338983161307,3.17,0.7,-1.5458872320660788,36.49851175780512,0,17.476312262869556,17.476312262869556,28.79772339568202,28.79772339568202,0
2025-03-31,554.5604248046875,3.69775390625,19.586091930289392,574.1465167349769,3.53,0.9,0.5638924353537931,38.60829142522499,1,19.5860919302894,19.5860919302894,15.888338024039392,15.888338024039392,1
2025-04-01,556.1268310546875,1.56640625,17.99831436381137,574.1251454184988,3.24,0.7,-1.0238851311242279,37.020513858746966,0,17.998314363811346,17.998314363811346,16.43190811381137,16.43190811381137,1
2025-04-02,559.6461791992188,3.51934814453125,21.901043075663193,581.547222274882,3.91,0.9,2.878843580727594,40.92324257059879,1,21.90104307566321,21.90104307566321,18.381694931131943,18.381694931131943,1
2025-04-03,532.0663452148438,-27.579833984375,20.173025925592437,552.2393711404362,3.79,0.9,1.1508264306568385,39.19522542052803,1,20.17302592559247,20.17302592559247,47.75285990996744,47.75285990996744,0
2025-04-04,500.9176330566406,-31.148712158203125,31.945955464128797,532.8635885207694,6.38,0.9,12.923755969193198,50.96815495906439,1,31.945955464128815,31.945955464128815,63.094667622331926,63.094667622331926,0
2025-04-07,500.0254211425781,-0.8922119140625,32.80160156649969,532.8270227090778,6.56,0.9,13.779402071564093,51.82380106143529,1,32.8016015664997,32.8016015664997,33.69381348056219,33.69381348056219,0
2025-04-08,492.193603515625,-7.831817626953125,30.622777010754167,522.8163805263791,6.22,0.9,11.600577515818568,49.64497650568977,1,30.622777010754135,30.622777010754135,38.45459463770729,38.45459463770729,0
2025-04-09,543.8834838867188,51.68988037109375,33.18147089080695,577.0649547775257,6.1,0.9,14.15927139587135,52.20367038574255,1,33.18147089080696,33.18147089080696,-18.5084094802868,18.5084094802868,1
2025-04-10,520.051025390625,-23.83245849609375,23.151173119553405,543.2021985101784,4.45,0.9,4.128973624617807,42.173372614489004,1,23.15117311955339,23.15117311955339,46.983631615647155,46.983631615647155,0
2025-04-11,529.3302001953125,9.2791748046875,26.580314189761506,555.910514385074,5.02,0.9,7.558114694825907,45.6025136846971,1,26.580314189761452,26.580314189761452,17.301139385074006,17.301139385074006,1
2025-04-14,534.4654541015625,5.13525390625,23.57377797569434,558.0392320772569,4.41,0.9,4.551578480758742,42.59597747062994,1,23.573777975694384,23.573777975694384,18.43852406944434,18.43852406944434,1
2025-04-15,532.9684448242188,-1.49700927734375,23.50421966040228,556.4726644846211,4.41,0.9,4.4820201654666825,42.52641915533788,1,23.504219660402327,23.504219660402327,25.00122893774603,25.00122893774603,0
2025-04-16,521.1216430664062,-11.8468017578125,22.997561667297532,544.1192047337038,4.41,0.9,3.9753621723619332,42.01976116223313,1,22.997561667297532,22.997561667297532,34.84436342511003,34.84436342511003,0
2025-04-17,521.8651733398438,0.7435302734375,26.649394312399302,548.514567652243,5.11,0.9,7.627194817463703,45.6715938073349,1,26.649394312399295,26.649394312399295,25.905864038961802,25.905864038961802,1
2025-04-21,509.4433898925781,-12.421783447265625,22.35167160382749,531.7950614964057,4.39,0.9,3.329472108891892,41.37387109876309,1,22.351671603827526,22.351671603827526,34.773455051093116,34.773455051093116,0
2025-04-22,522.6979370117188,13.254547119140625,22.507529491085915,545.2054665028047,4.31,0.9,3.485329996150316,41.52972898602151,1,22.50752949108596,22.50752949108596,9.25298237194529,9.25298237194529,1
2025-04-23,530.79736328125,8.09942626953125,21.26682860161814,552.0641918828682,4.01,0.9,2.2446291066825417,40.289028096553736,1,21.26682860161816,21.26682860161816,13.16740233208689,13.16740233208689,1
2025-04-24,541.9700927734375,11.1727294921875,21.693713270361222,563.6638060437987,4.0,0.9,2.6715137754256233,40.71591276529682,1,21.693713270361172,21.693713270361172,10.520983778173722,10.520983778173722,1
2025-04-25,545.8860473632812,3.91595458984375,17.322996930347337,563.2090442936286,3.17,0.7,-1.699202564588262,36.345196425282936,0,17.322996930347358,17.322996930347358,13.407042340503587,13.407042340503587,1
2025-04-28,546.0941772460938,0.2081298828125,16.138109501506907,562.2322867476007,2.96,0.7,-2.8840899934286917,35.16030899644251,0,16.13810950150696,16.13810950150696,15.929979618694407,15.929979618694407,1
2025-04-29,549.5342407226562,3.4400634765625,15.757413867645859,565.2916545903021,2.87,0.7,-3.26478562728974,34.77961336258146,0,15.757413867645823,15.757413867645823,12.317350391083359,12.317350391083359,1
2025-04-30,549.7523193359375,0.21807861328125,12.421842250102614,562.1741615860401,2.26,0.7,-6.600357244832985,31.444041745038213,0,12.4218422501026,12.4218422501026,12.203763636821364,12.203763636821364,1
2025-05-01,553.6483764648438,3.89605712890625,14.44039608497051,568.0887725498143,2.61,0.7,-4.581803409965088,33.46259557990611,0,14.44039608497053,14.44039608497053,10.54433895606426,10.54433895606426,1
2025-05-02,561.8668823242188,8.218505859375,12.483987185654703,574.3508695098734,2.22,0.7,-6.538212309280896,31.506186680590304,0,12.483987185654655,12.483987185654655,4.265481326279703,4.265481326279703,1
2025-05-05,558.6448974609375,-3.22198486328125,11.644676842660242,570.2895743035978,2.08,0.7,-7.377522652275356,30.66687633759584,0,11.64467684266026,11.64467684266026,14.866661705941492,14.866661705941492,0
2025-05-06,553.9755249023438,-4.66937255859375,8.775712062755261,562.751236965099,1.58,0.5,-10.246487432180338,27.79791155769086,0,8.775712062755247,8.775712062755247,13.445084621349011,13.445084621349011,0
2025-05-07,556.3052978515625,2.32977294921875,10.05758209653895,566.3628799481014,1.81,0.7,-8.96461739839665,29.07978159147455,0,10.057582096538908,10.057582096538908,7.727809147320199,7.727809147320199,1
2025-05-08,560.1814575195312,3.87615966796875,8.30092712708095,568.4823846466122,1.48,0.5,-10.721272367854649,27.32312662201655,0,8.300927127080968,8.300927127080968,4.4247674591122,4.4247674591122,1
2025-05-09,559.4677734375,-0.71368408203125,5.430197949263535,564.8979713867635,0.97,0.5,-13.592001545672064,24.452397444199136,0,5.4301979492635155,5.4301979492635155,6.143882031294785,6.143882031294785,0
2025-05-12,577.9567260742188,18.48895263671875,9.986813265034488,587.9435393392532,1.73,0.7,-9.03538622990111,29.009012759970087,0,9.98681326503447,9.98681326503447,-8.502139371684262,8.502139371684262,1
2025-05-13,581.7734985351562,3.8167724609375,6.2245224060653594,587.9980209412216,1.07,0.5,-12.79767708887024,25.24672190100096,0,6.224522406065375,6.224522406065375,2.4077499451278594,2.4077499451278594,1
2025-05-14,582.5170288085938,0.7435302734375,3.231269233375617,585.7482980419694,0.55,0.3,-15.790930261559982,22.253468728311216,0,3.231269233375656,3.231269233375656,2.487738959938117,2.487738959938117,1
2025-05-15,585.3622436523438,2.84521484375,2.599655264922867,587.9618989172666,0.44,0.3,-16.422544230012733,21.621854759858465,0,2.5996552649228306,2.5996552649228306,-0.24555957882713297,0.24555957882713297,1
2025-05-16,589.0699462890625,3.70770263671875,0.41436995035525354,589.4843162394178,0.07,0.3,-18.607829544580344,19.436569445290854,0,0.414369950355308,0.414369950355308,-3.2933326863634966,3.2933326863634966,1
2025-05-19,589.7142944335938,0.64434814453125,-10.098825719440525,579.6154687141533,-1.71,0.7,-29.121025214376125,8.923373775495074,0,-10.09882571944047,10.09882571944047,-10.743173863971775,10.743173863971775,0
2025-05-20,587.7315673828125,-1.98272705078125,-10.37866565094551,577.352901731867,-1.77,0.7,-29.40086514588111,8.643533843990088,0,-10.37866565094555,10.37866565094555,-8.39593860016426,8.39593860016426,1
2025-05-21,577.8277587890625,-9.90380859375,-8.68764312495509,569.1401156641074,-1.5,0.5,-27.709842619890686,10.33455636998051,0,-8.687643124955116,8.687643124955116,1.2161654687949106,1.2161654687949106,1
2025-05-22,578.0558471679688,0.22808837890625,0.71814421676311,578.7739913847319,0.12,0.3,-18.304055278172488,19.74034371169871,0,0.7181442167631076,0.7181442167631076,0.49005583785686,0.49005583785686,1
2025-05-23,574.1102294921875,-3.94561767578125,-2.806233904756643,571.3039955874309,-0.49,0.3,-21.82843339969224,16.215965590178957,0,-2.8062339047565956,2.8062339047565956,1.1393837710246069,1.1393837710246069,1
2025-05-27,586.0462646484375,11.93603515625,0.10017333962013338,586.1464379880576,0.02,0.3,-18.922026155315464,19.122372834555733,0,0.10017333962014163,0.10017333962014163,-11.835861816629867,11.835861816629867,1
2025-05-28,582.6558227539062,-3.39044189453125,-4.054847783379098,578.6009749705272,-0.7,0.3,-23.077047278314698,14.9673517115565,0,-4.054847783379046,4.054847783379046,-0.6644058888478481,0.6644058888478481,1
2025-05-29,584.9557495117188,2.2999267578125,-2.0078830729321115,582.9478664387866,-0.34,0.3,-21.03008256786771,17.01431642200349,0,-2.0078830729321453,2.0078830729321453,-4.3078098307446115,4.3078098307446115,0
2025-05-30,584.301513671875,-0.65423583984375,-4.251698776243057,580.0498148956319,-0.73,0.3,-23.273898271178656,14.770500718692542,0,-4.2516987762430745,4.2516987762430745,-3.5974629363993067,3.5974629363993067,1
2025-06-02,587.5928955078125,3.2913818359375,-1.8482180684999694,585.7446774393126,-0.31,0.3,-20.870417563435566,17.17398142643563,0,-1.848218068499932,1.848218068499932,-5.139599904437469,5.139599904437469,0
2025-06-03,590.943603515625,3.3507080078125,-3.869093976721952,587.074509538903,-0.65,0.3,-22.89129347165755,15.153105518213646,0,-3.869093976721956,3.869093976721956,-7.2198019845344525,7.2198019845344525,0
2025-06-04,590.7849731445312,-0.15863037109375,-3.913861428369203,586.8711117161621,-0.66,0.3,-22.9360609233048,15.108338066566397,0,-3.9138614283691595,3.9138614283691595,-3.755231057275453,3.755231057275453,1
2025-06-05,587.9298095703125,-2.85516357421875,-4.26461277262907,583.6651967976834,-0.73,0.3,-23.28681226756467,14.75758672230653,0,-4.264612772629107,4.264612772629107,-1.4094491984103197,1.4094491984103197,1
2025-06-06,593.96728515625,6.0374755859375,-2.151804869389342,591.8154802868606,-0.36,0.3,-21.17400436432494,16.870394625546258,0,-2.151804869389366,2.151804869389366,-8.189280455326841,8.189280455326841,0
2025-06-09,594.5026245117188,0.53533935546875,-9.044982948274345,585.4576415634444,-1.52,0.5,-28.067182443209944,9.977216546661253,0,-9.04498294827431,9.04498294827431,-9.580322303743095,9.580322303743095,0
2025-06-10,597.873291015625,3.37066650390625,-11.014521128107777,586.8587698875173,-1.84,0.7,-30.036720623043376,8.007678366827822,0,-11.01452112810773,11.01452112810773,-14.385187632014027,14.385187632014027,0
2025-06-11,596.1680908203125,-1.7052001953125,-14.252154790911291,581.9159360294012,-2.39,0.7,-33.27435428584689,4.770044704024308,0,-14.252154790911277,14.252154790911277,-12.546954595598791,12.546954595598791,1
2025-06-12,598.5374755859375,2.369384765625,-11.37587984032801,587.1615957456095,-1.9,0.7,-30.39807933526361,7.6463196546075896,0,-11.375879840328025,11.375879840328025,-13.74526460595301,13.74526460595301,0
2025-06-13,591.8458251953125,-6.691650390625,-10.921276775506813,580.9245484198057,-1.85,0.7,-29.94347627044241,8.100922719428786,0,-10.92127677550684,10.92127677550684,-4.229626384881813,4.229626384881813,1
2025-06-16,597.4766845703125,5.630859375,-5.476821515390272,591.9998630549222,-0.92,0.5,-24.49902101032587,13.545377979545327,0,-5.47682151539027,5.47682151539027,-11.107680890390272,11.107680890390272,0
2025-06-17,592.3712158203125,-5.10546875,-4.730689050132317,587.6405267701801,-0.8,0.3,-23.752888545067915,14.291510444803283,0,-4.730689050132355,4.730689050132355,0.3747796998676831,0.3747796998676831,1
2025-06-18,592.2819213867188,-0.08929443359375,-3.981391841235638,588.3005295454831,-0.67,0.3,-23.003591336171237,15.04080765369996,0,-3.981391841235677,3.981391841235677,-3.892097407641888,3.892097407641888,1
2025-06-20,590.8909912109375,-1.39093017578125,-4.341712081264888,586.5492791296726,-0.73,0.3,-23.363911576200486,14.680487413670711,0,-4.341712081264859,4.341712081264859,-2.9507819054836384,2.9507819054836384,1
2025-06-23,596.7274780273438,5.83648681640625,-1.389187976609689,595.338290050734,-0.23,0.3,-20.41138747154529,17.633011518325908,0,-1.389187976609719,1.389187976609719,-7.225674793015939,7.225674793015939,0
2025-06-24,603.3196411132812,6.5921630859375,-6.766404524831265,596.55323658845,-1.12,0.5,-25.788604019766865,12.255794970104333,0,-6.766404524831273,6.766404524831273,-13.358567610768766,13.358567610768766,0
2025-06-25,603.65771484375,0.33807373046875,-14.000554383874396,589.6571604598756,-2.32,0.7,-33.02275387880999,5.021645111061202,0,-14.000554383874373,14.000554383874373,-14.338628114343146,14.338628114343146,0
2025-06-26,608.380615234375,4.722900390625,-14.514090079513803,593.8665251548612,-2.39,0.7,-33.5362895744494,4.508109415421796,0,-14.514090079513835,14.514090079513835,-19.236990470138803,19.236990470138803,0
2025-06-27,611.4032592773438,3.02264404296875,-14.109139178256083,597.2941200990876,-2.31,0.7,-33.13133867319168,4.913060316679516,0,-14.1091391782561,14.1091391782561,-17.131783221224833,17.131783221224833,0
2025-06-30,614.3264770507812,2.9232177734375,-13.808471864650427,600.5180051861308,-2.25,0.7,-32.83067135958603,5.213727630285172,0,-13.808471864650414,13.808471864650414,-16.73168963808793,16.73168963808793,0
2025-07-01,614.127685546875,-0.19879150390625,-13.307349970617873,600.8203355762571,-2.17,0.7,-32.32954946555347,5.714849524317726,0,-13.307349970617906,13.307349970617906,-13.108558466711623,13.108558466711623,1
2025-07-02,616.9117431640625,2.7840576171875,-13.290852618133512,603.620890545929,-2.15,0.7,-32.31305211306911,5.731346876802087,0,-13.2908526181335,13.2908526181335,-16.074910235321013,16.074910235321013,0
2025-07-03,621.7738647460938,4.86212158203125,-13.325582545293672,608.4482822008001,-2.14,0.7,-32.34778204022927,5.6966169496419266,0,-13.325582545293628,13.325582545293628,-18.18770412732492,18.18770412732492,0
2025-07-07,617.1403198242188,-4.633544921875,-13.35476689346323,603.7855529307556,-2.16,0.7,-32.37696638839883,5.667432601472369,0,-13.354766893463193,13.354766893463193,-8.72122197158823,8.72122197158823,1
2025-07-08,616.8023681640625,-0.33795166015625,-9.987309692423224,606.8150584716393,-1.62,0.7,-29.009509187358823,9.034889802512375,0,-9.987309692423196,9.987309692423196,-9.649358032266974,9.649358032266974,1
2025-07-09,620.5010986328125,3.69873046875,-2.812852214012545,617.6882464188,-0.45,0.3,-21.835051708948143,16.209347280923055,0,-2.812852214012537,2.812852214012537,-6.511582682762545,6.511582682762545,0
2025-07-10,622.2510375976562,1.74993896484375,-10.029626726244764,612.2214108714115,-1.61,0.7,-29.051826221180363,8.992572768690835,0,-10.029626726244715,10.029626726244715,-11.779565691088514,11.779565691088514,0
2025-07-11,620.0636596679688,-2.1873779296875,-9.91446409008845,610.1491955778803,-1.6,0.7,-28.93666358502405,9.10773540484715,0,-9.914464090088472,9.914464090088472,-7.727086160400949,7.727086160400949,1
2025-07-14,621.246826171875,1.18316650390625,-4.359482303638826,616.8873438682361,-0.7,0.3,-23.381681798574427,14.662717191296773,0,-4.359482303638856,4.359482303638856,-5.542648807545076,5.542648807545076,0
2025-07-15,618.592041015625,-2.65478515625,-4.83256788316827,613.7594731324567,-0.78,0.3,-23.85476737810387,14.189631611767329,0,-4.832567883168281,4.832567883168281,-2.17778272691827,2.17778272691827,1
2025-07-16,620.66015625,2.068115234375,-3.115786261638503,617.5443699883615,-0.5,0.3,-22.137985756574103,15.906413233297096,0,-3.1157862616385046,3.1157862616385046,-5.183901496013503,5.183901496013503,0
2025-07-17,624.4583740234375,3.7982177734375,-5.318010144663158,619.1403638787743,-0.85,0.5,-24.340209639598758,13.70418935027244,0,-5.3180101446631625,5.3180101446631625,-9.116227918100659,9.116227918100659,0
2025-07-18,624.0010375976562,-0.45733642578125,-6.218103416183237,617.782934181473,-1.0,0.5,-25.240302911118835,12.804096078752362,0,-6.218103416183226,6.218103416183226,-5.760766990401987,5.760766990401987,1
2025-07-21,625.1842651367188,1.1832275390625,-5.015154790765687,620.1691103459531,-0.8,0.5,-24.037354285701284,14.007044704169912,0,-5.015154790765678,5.015154790765678,-6.198382329828187,6.198382329828187,0
2025-07-22,625.2737426757812,0.0894775390625,-4.555380410430093,620.7183622653512,-0.73,0.3,-23.577579905365692,14.466819084505506,0,-4.555380410430075,4.555380410430075,-4.644857949492593,4.644857949492593,0
2025-07-23,630.5932006835938,5.3194580078125,-3.314943092100421,627.2782575914933,-0.53,0.3,-22.33714258703602,15.707256402835178,0,-3.314943092100407,3.314943092100407,-8.634401099912921,8.634401099912921,0
2025-07-24,630.802001953125,0.20880126953125,-15.31636143880028,615.4856405143247,-2.43,0.7,-34.33856093373588,3.7058380561353186,0,-15.3163614388003,15.3163614388003,-15.52516270833153,15.52516270833153,0
2025-07-25,633.4667358398438,2.66473388671875,-17.170789601102246,616.2959462387415,-2.71,0.7,-36.19298909603785,1.8514098938333525,0,-17.17078960110223,17.17078960110223,-19.835523487820996,19.835523487820996,0
2025-07-28,633.3076782226562,-0.1590576171875,-17.66419906652031,615.643479156136,-2.79,0.7,-36.68639856145591,1.3580004284152878,0,-17.66419906652027,17.66419906652027,-17.50514144933281,17.50514144933281,1
2025-07-29,631.6372680664062,-1.67041015625,-17.27463481255113,614.3626332538552,-2.73,0.7,-36.29683430748673,1.7475646823844677,0,-17.274634812551085,17.274634812551085,-15.604224656301131,15.604224656301131,1
2025-07-30,630.841796875,-0.79547119140625,-13.7070222542235,617.1347746207765,-2.17,0.7,-32.729221749159095,5.315177240712099,0,-13.707022254223489,13.707022254223489,-12.91155106281725,12.91155106281725,1
2025-07-31,628.475341796875,-2.366455078125,-4.6501315599516255,623.8252102369233,-0.74,0.3,-23.672331054887223,14.372067934983974,0,-4.65013155995166,4.65013155995166,-2.2836764818266255,2.2836764818266255,1
2025-08-01,618.1743774414062,-10.30096435546875,-0.23477823851675822,617.9395992028894,-0.04,0.3,-19.256977733452356,18.787421256418842,0,-0.23477823851681023,0.23477823851681023,10.066186116951991,10.066186116951991,1
2025-08-04,627.570556640625,9.39617919921875,4.773315119645547,632.3438717602705,0.76,0.3,-14.248884375290052,23.795514614581144,0,4.773315119645531,4.773315119645531,-4.622864079573203,4.622864079573203,1
2025-08-05,624.3887939453125,-3.1817626953125,-0.8992311845924148,623.4895627607201,-0.14,0.3,-19.921430679528015,18.122968310343182,0,-0.899231184592395,0.899231184592395,2.2825315107200854,2.2825315107200854,1
2025-08-06,629.17138671875,4.7825927734375,-0.06338125035007279,629.1080054683999,-0.01,0.3,-19.08558074528567,18.958818244585526,0,-0.06338125035006215,0.06338125035006215,-4.845974023787573,4.845974023787573,0
2025-08-07,628.6444091796875,-0.5269775390625,-0.573903172728202,628.0705060069592,-0.09,0.3,-19.5961026676638,18.448296322207398,0,-0.5739031727282509,0.5739031727282509,-0.046925633665702016,0.046925633665702016,1
2025-08-08,633.5462646484375,4.90185546875,-0.61221653130014,632.9340481171373,-0.1,0.3,-19.63441602623574,18.409982963635457,0,-0.6122165313001915,0.6122165313001915,-5.51407200005014,5.51407200005014,0
2025-08-11,632.29345703125,-1.2528076171875,-7.824299412627226,624.4691576186228,-1.24,0.5,-26.846498907562825,11.197900082308372,0,-7.82429941262717,7.82429941262717,-6.571491795439726,6.571491795439726,1
2025-08-12,639.0248413085938,6.73138427734375,-2.9228310791784264,636.1020102294153,-0.46,0.3,-21.945030574114025,16.099368415757173,0,-2.9228310791784224,2.9228310791784224,-9.654215356522176,9.654215356522176,0
2025-08-13,641.2123413085938,2.1875,-10.99025263160533,630.2220886769884,-1.71,0.7,-30.01245212654093,8.031946863330269,0,-10.990252631605358,10.990252631605358,-13.17775263160533,13.17775263160533,0
2025-08-14,641.27197265625,0.05963134765625,-11.213729822761637,630.0582428334884,-1.75,0.7,-30.235929317697234,7.8084696721739615,0,-11.213729822761593,11.213729822761593,-11.273361170417887,11.273361170417887,0
2025-08-15,639.7705688476562,-1.50140380859375,-9.236992958134675,630.5335758895216,-1.44,0.5,-28.259192453070273,9.785206536800924,0,-9.236992958134692,9.236992958134692,-7.735589149540925,7.735589149540925,1
2025-08-18,639.6314086914062,-0.13916015625,-10.907646284175572,628.7237624072307,-1.71,0.7,-29.92984577911117,8.114553210760027,0,-10.907646284175598,10.907646284175598,-10.768486127925572,10.768486127925572,1
2025-08-19,636.1612548828125,-3.47015380859375,-1.842083780221666,634.3191711025909,-0.29,0.3,-20.864283275157266,17.18011571471393,0,-1.8420837802216283,1.8420837802216283,1.628070028372084,1.628070028372084,1
2025-08-20,634.470947265625,-1.6903076171875,-3.01449367553511,631.4564535900898,-0.48,0.3,-22.03669317047071,16.00770581940049,0,-3.0144936755351637,3.0144936755351637,-1.32418605834761,1.32418605834761,1
2025-08-21,631.9255981445312,-2.54534912109375,-2.431689333811019,629.4939088107202,-0.38,0.3,-21.453888828746617,16.59051016112458,0,-2.4316893338110503,2.4316893338110503,0.11365978728273118,0.11365978728273118,1
2025-08-22,641.6299438476562,9.704345703125,2.1225900750558155,643.752533922712,0.33,0.3,-16.899609419879784,21.144789569991413,0,2.1225900750557685,2.1225900750557685,-7.5817556280691845,7.5817556280691845,1
2025-08-25,638.8060913085938,-2.8238525390625,-1.9317283283300057,636.8743629802638,-0.3,0.3,-20.953927823265605,17.090471166605592,0,-1.9317283283299957,1.9317283283299957,0.8921242107324943,0.8921242107324943,1
2025-08-26,641.4807739257812,2.6746826171875,-1.1593112381218196,640.3214626876594,-0.18,0.3,-20.18151073305742,17.86288825681378,0,-1.1593112381218589,1.1593112381218589,-3.83399385530932,3.83399385530932,0
2025-08-27,642.9423828125,1.46160888671875,-2.2080642757402797,640.7343185367597,-0.34,0.3,-21.23026377067588,16.814135219195318,0,-2.2080642757402984,2.2080642757402984,-3.6696731624590297,3.6696731624590297,0
2025-08-28,645.2192993164062,2.27691650390625,-1.4204050856940251,643.7988942307122,-0.22,0.3,-20.442604580629624,17.601794409241574,0,-1.4204050856940285,1.4204050856940285,-3.697321589600275,3.697321589600275,0
2025-08-29,641.3713989257812,-3.847900390625,1.145616256991177,642.5170151827724,0.18,0.3,-17.876583237944423,20.167815751926774,0,1.1456162569911612,1.1456162569911612,4.993516647616177,4.993516647616177,0
2025-09-02,636.6187133789062,-4.752685546875,4.028324693417166,640.6470380723234,0.63,0.3,-14.993874801518434,23.050524188352764,0,4.028324693417176,4.028324693417176,8.781010240292165,8.781010240292165,0
2025-09-03,640.06884765625,3.45013427734375,10.169951364002793,650.2387990202528,1.59,0.7,-8.852248130932805,29.19215085893839,0,10.169951364002827,10.169951364002827,6.719817086659043,6.719817086659043,1
2025-09-04,645.418212890625,5.349365234375,8.907123783694347,654.3253366743194,1.38,0.5,-10.115075711241252,27.929323278629944,0,8.907123783694374,8.907123783694374,3.557758549319347,3.557758549319347,1
2025-09-05,643.5488891601562,-1.86932373046875,7.960571739295675,651.5094608994519,1.24,0.5,-11.061627755639924,26.982771234231272,0,7.960571739295688,7.960571739295688,9.829895469764425,9.829895469764425,0
2025-09-08,645.1298828125,1.58099365234375,9.835143242522776,654.9650260550228,1.52,0.7,-9.187056252412823,28.857342737458374,0,9.835143242522804,9.835143242522804,8.254149590179026,8.254149590179026,1
2025-09-09,646.6212768554688,1.49139404296875,8.001811348887632,654.6230882043563,1.24,0.5,-11.020388146047967,27.02401084382323,0,8.0018113488876,8.0018113488876,6.510417305918882,6.510417305918882,1
2025-09-10,648.4905395507812,1.8692626953125,7.732807823313509,656.2233473740947,1.19,0.5,-11.28939167162209,26.755007318249106,0,7.732807823313465,7.732807823313465,5.863545128001009,5.863545128001009,1
2025-09-11,653.8796997070312,5.38916015625,8.261165723661492,662.1408654306928,1.26,0.5,-10.761033771274107,27.28336521859709,0,8.26116572366152,8.26116572366152,2.8720055674114917,2.8720055674114917,1
2025-09-12,653.6608276367188,-0.2188720703125,9.52749187147145,663.1883195081901,1.46,0.5,-9.49470762346415,28.549691366407046,0,9.527491871471398,9.527491871471398,9.74636394178395,9.74636394178395,0
2025-09-15,657.1409301757812,3.4801025390625,10.365052454252243,667.5059826300335,1.58,0.7,-8.657147040683355,29.387251949187842,0,10.365052454252236,10.365052454252236,6.884949915189743,6.884949915189743,1
2025-09-16,656.2361450195312,-0.90478515625,7.395333677287247,663.6314786968185,1.13,0.5,-11.626865817648351,26.417533172222846,0,7.395333677287226,7.395333677287226,8.300118833537248,8.300118833537248,0
2025-09-17,655.4208374023438,-0.8153076171875,4.4704150022147715,659.8912524045585,0.68,0.3,-14.551784492720827,23.49261449715037,0,4.470415002214736,4.470415002214736,5.2857226194022715,5.2857226194022715,0
2025-09-18,658.4832153320312,3.0623779296875,5.235859238065672,663.719074570097,0.8,0.5,-13.786340256869927,24.25805873300127,0,5.2358592380657,5.2358592380657,2.1734813083781717,2.1734813083781717,1
2025-09-19,661.74462890625,3.26141357421875,4.123741763016865,665.8683706692668,0.62,0.3,-14.898457731918734,23.145941257952465,0,4.123741763016824,4.123741763016824,0.8623281887981147,0.8623281887981147,1
2025-09-22,664.8753662109375,3.1307373046875,-9.655593351622942,655.2197728593145,-1.45,0.5,-28.67779284655854,9.366606143312657,0,-9.655593351622997,9.655593351622997,-12.786330656310442,12.786330656310442,0
2025-09-23,661.256103515625,-3.6192626953125,-11.227052849725165,650.0290506658998,-1.7,0.7,-30.249252344660764,7.795146645210433,0,-11.227052849725169,11.227052849725169,-7.607790154412665,7.607790154412665,1
2025-09-24,659.1522216796875,-2.1038818359375,-8.538085241311437,650.614136438376,-1.3,0.5,-27.560284736247034,10.484114253624162,0,-8.538085241311478,8.538085241311478,-6.434203405373937,6.434203405373937,1
2025-09-25,656.1112670898438,-3.04095458984375,-2.751430740495337,653.3598363493484,-0.42,0.3,-21.773630235430936,16.27076875444026,0,-2.7514307404953797,2.7514307404953797,0.2895238493484129,0.2895238493484129,1
2025-09-26,659.8701782226562,3.7589111328125,-3.877618471596295,655.99255975106,-0.59,0.3,-22.899817966531895,15.144581023339304,0,-3.8776184715962927,3.8776184715962927,-7.6365296044087945,7.6365296044087945,0
2025-09-29,661.7246704101562,1.8544921875,-5.712663721332384,656.0120066888238,-0.86,0.5,-24.734863216267982,13.309535773603216,0,-5.712663721332433,5.712663721332433,-7.567155908832384,7.567155908832384,0
2025-09-30,664.21728515625,2.49261474609375,-5.977016015738309,658.2402691405117,-0.9,0.5,-24.999215510673906,13.04518347919729,0,-5.977016015738286,5.977016015738286,-8.46963076183206,8.46963076183206,0
2025-10-01,666.4806518554688,2.26336669921875,-5.5404145179928035,660.940237337476,-0.83,0.5,-24.562614012928403,13.481784976942794,0,-5.540414517992758,5.540414517992758,-7.8037812172115535,7.8037812172115535,0
2025-10-02,667.248291015625,0.76763916015625,-10.658933585845297,656.5893574297797,-1.6,0.7,-29.681133080780896,8.363265909090302,0,-10.658933585845261,10.658933585845261,-11.426572746001547,11.426572746001547,0
2025-10-03,667.2384033203125,-0.0098876953125,-9.36665890243538,657.8717444178772,-1.4,0.5,-28.38885839737098,9.655540592500218,0,-9.366658902435347,9.366658902435347,-9.35677120712288,9.35677120712288,1
2025-10-06,669.6312866210938,2.39288330078125,-10.353117454786233,659.2781691663075,-1.55,0.7,-29.37531694972183,8.669082040149366,0,-10.35311745478623,10.35311745478623,-12.746000755567483,12.746000755567483,0
2025-10-07,667.1486206054688,-2.482666015625,-9.145078799130346,658.0035418063384,-1.37,0.5,-28.167278294065945,9.877120695805253,0,-9.145078799130374,9.145078799130374,-6.662412783505346,6.662412783505346,1
2025-10-08,671.1268920898438,3.978271484375,-2.1953888155861376,668.9315032742576,-0.33,0.3,-21.217588310521737,16.82681067934946,0,-2.1953888155861705,2.1953888155861705,-6.173660299961138,6.173660299961138,0
2025-10-09,669.1826171875,-1.94427490234375,-10.917561969827542,658.2650552176725,-1.63,0.7,-29.93976146476314,8.104637525108057,0,-10.917561969827489,10.917561969827489,-8.973287067483792,8.973287067483792,1
2025-10-10,651.0960693359375,-18.0865478515625,-2.4059249555699367,648.6901443803675,-0.37,0.3,-21.428124450505535,16.616274539365662,0,-2.405924955569958,2.405924955569958,15.680622895992563,15.680622895992563,1
2025-10-13,661.0865478515625,9.990478515625,10.509411685556714,671.5959595371193,1.59,0.7,-8.512787809378885,29.531611180492312,0,10.509411685556756,10.509411685556756,0.5189331699317137,0.5189331699317137,1
2025-10-14,660.2789306640625,-0.8076171875,2.7557261474975605,663.03465681156,0.42,0.3,-16.266473347438037,21.77792564243316,0,2.755726147497512,2.755726147497512,3.5633433349975605,3.5633433349975605,0
2025-10-15,663.2102661132812,2.93133544921875,6.266693033395879,669.4769591466771,0.94,0.5,-12.75550646153972,25.288892528331477,0,6.266693033395882,6.266693033395882,3.335357584177129,3.335357584177129,1
2025-10-16,658.6936645507812,-4.5166015625,5.143583338687979,663.8372478894693,0.78,0.5,-13.87861615624762,24.165782833623577,0,5.143583338688018,5.143583338688018,9.660184901187979,9.660184901187979,0
2025-10-17,662.4326171875,3.73895263671875,7.586467147482547,670.0190843349825,1.15,0.5,-11.435732347453051,26.608666642418147,0,7.5864671474824945,7.5864671474824945,3.847514510763797,3.847514510763797,1
2025-10-20,669.3222045898438,6.88958740234375,9.813123723766042,679.1353283136098,1.47,0.7,-9.209075771169557,28.83532321870164,0,9.813123723766012,9.813123723766012,2.923536321422292,2.923536321422292,1
2025-10-21,669.3121948242188,-0.010009765625,6.514388205787531,675.8265830300063,0.97,0.5,-12.507811289148068,25.536587700723132,0,6.514388205787554,6.514388205787554,6.524397971412531,6.524397971412531,0
2025-10-22,665.83251953125,-3.47967529296875,5.901135778258939,671.7336553095089,0.89,0.5,-13.121063716676659,24.92333527319454,0,5.90113577825889,5.90113577825889,9.38081107122769,9.38081107122769,0
2025-10-23,669.7808837890625,3.9483642578125,9.003644212996115,678.7845280020587,1.34,0.5,-10.018555281939484,28.025843707931713,0,9.003644212996164,9.003644212996164,5.0552799551836145,5.0552799551836145,1
2025-10-24,675.2546997070312,5.47381591796875,8.10429008821353,683.3589897952447,1.2,0.5,-10.91790940672207,27.12648958314913,0,8.104290088213475,8.104290088213475,2.6304741702447796,2.6304741702447796,1
2025-10-27,683.2211303710938,7.9664306640625,5.752979993407916,688.9741103645017,0.84,0.5,-13.269219501527683,24.775179488343515,0,5.752979993407962,5.752979993407962,-2.2134506706545842,2.2134506706545842,1
2025-10-28,685.0357666015625,1.81463623046875,3.841774785143617,688.8775413867061,0.56,0.3,-15.180424709791982,22.863974280079216,0,3.8417747851435706,3.8417747851435706,2.027138554674867,2.027138554674867,1
2025-10-29,685.3648071289062,0.32904052734375,3.0544821023829556,688.4192892312892,0.45,0.3,-15.967717392552643,22.076681597318554,0,3.0544821023829627,3.0544821023829627,2.7254415750392056,2.7254415750392056,1
2025-10-30,677.8270874023438,-7.5377197265625,4.160747590232707,681.9878349925765,0.61,0.3,-14.861451904702893,23.182947085168305,0,4.160747590232745,4.160747590232745,11.698467316795206,11.698467316795206,0
2025-10-31,680.050537109375,2.22344970703125,5.217997026872005,685.268534136247,0.77,0.5,-13.804202468063593,24.240196521807604,0,5.217997026872013,5.217997026872013,2.9945473198407546,2.9945473198407546,1
2025-11-03,681.3267822265625,1.2762451171875,3.1588118850185367,684.485594111581,0.46,0.3,-15.863387609917062,22.181011379954136,0,3.1588118850185083,3.1588118850185083,1.8825667678310367,1.8825667678310367,1
2025-11-04,673.2506103515625,-8.076171875,3.195574056101707,676.4461844076642,0.47,0.3,-15.826625438833892,22.217773551037304,0,3.195574056101691,3.195574056101691,11.271745931101707,11.271745931101707,0
2025-11-05,675.583740234375,2.3331298828125,6.51930451604905,682.103044750424,0.96,0.5,-12.502894978886548,25.54150401098465,0,6.519304516049033,6.519304516049033,4.18617463323655,4.18617463323655,1
2025-11-06,668.3351440429688,-7.24859619140625,3.521610137047796,671.8567541800165,0.53,0.3,-15.500589357887803,22.543809631983393,0,3.5216101370477872,3.5216101370477872,10.770206328454046,10.770206328454046,0
2025-11-07,668.9931640625,0.65802001953125,5.765691998366503,674.7588560608665,0.86,0.5,-13.256507496569096,24.7878914933021,0,5.765691998366492,5.765691998366492,5.107671978835253,5.107671978835253,1
2025-11-10,679.432373046875,10.439208984375,4.098600136731521,683.5309731836065,0.6,0.3,-14.92359935820408,23.12079963166712,0,4.098600136731534,4.098600136731534,-6.340608847643479,6.340608847643479,1
2025-11-11,680.9877319335938,1.55535888671875,-1.304405577639279,679.6833263559545,-0.19,0.3,-20.32660507257488,17.71779391729632,0,-1.3044055776392725,1.3044055776392725,-2.8597644643580287,2.8597644643580287,0
2025-11-12,681.3666381835938,0.37890625,0.039522789309361164,681.4061609729031,0.01,0.3,-18.982676705626236,19.06172228424496,0,0.03952278930933062,0.03952278930933062,-0.33938346069063885,0.33938346069063885,1
2025-11-13,670.0599975585938,-11.306640625,-0.045835099794971634,670.0141624587988,-0.01,0.3,-19.06803459473057,18.976364395140628,0,-0.04583509979499922,0.04583509979499922,11.26080552520503,11.26080552520503,1
2025-11-14,669.9503784179688,-0.109619140625,8.80193011121572,678.7523085291845,1.31,0.5,-10.220269383719879,27.824129606151317,0,8.801930111215711,8.801930111215711,8.91154925184072,8.91154925184072,0
2025-11-17,663.7088012695312,-6.2415771484375,7.890309786955189,671.5991110564864,1.19,0.5,-11.13188970798041,26.912509281890788,0,7.890309786955186,7.890309786955186,14.13188693539269,14.13188693539269,0
2025-11-18,658.1353149414062,-5.573486328125,19.534946121966325,677.6702610633725,2.97,0.9,0.5127466270307259,38.55714561690192,1,19.5349461219663,19.5349461219663,25.108432450091325,25.108432450091325,0
2025-11-19,660.6777954101562,2.54248046875,22.754812564426597,683.4326079745829,3.44,0.9,3.7326130694909985,41.77701205936219,1,22.75481256442663,22.75481256442663,20.212332095676597,20.212332095676597,1
2025-11-20,650.6075439453125,-10.07025146484375,20.37532224254301,670.9828661878555,3.13,0.9,1.3531227476074115,39.39752173747861,1,20.375322242543007,20.375322242543007,30.44557370738676,30.44557370738676,0
2025-11-21,657.08837890625,6.4808349609375,32.62250520582447,689.7108841120745,4.96,0.9,13.600305710888868,51.644704700760066,1,32.622505205824496,32.622505205824496,26.141670244886967,26.141670244886967,1
2025-11-24,666.759765625,9.67138671875,22.94750422760881,689.7072698526088,3.44,0.9,3.9253047326732116,41.96970372254441,1,22.94750422760876,22.94750422760876,13.27611750885881,13.27611750885881,1
2025-11-25,673.03125,6.271484375,14.90864081551903,687.939890815519,2.22,0.7,-4.113558679416569,33.93084031045463,0,14.908640815518993,14.908640815518993,8.63715644051903,8.63715644051903,1
2025-11-26,677.6775512695312,4.64630126953125,11.004732619224141,688.6822838887554,1.62,0.7,-8.017466875711458,30.02693211415974,0,11.004732619224114,11.004732619224114,6.358431349692891,6.358431349692891,1
2025-11-28,681.3765869140625,3.69903564453125,8.299868656768895,689.6764555708314,1.22,0.5,-10.722330838166704,27.322068151704492,0,8.299868656768922,8.299868656768922,4.600833012237645,4.600833012237645,1
2025-12-01,678.2658081054688,-3.11077880859375,8.268900194436283,686.534708299905,1.22,0.5,-10.753299300499316,27.291099689371883,0,8.268900194436242,8.268900194436242,11.379679003030033,11.379679003030033,0
2025-12-02,679.5220947265625,1.25628662109375,10.616646117574946,690.1387408441375,1.56,0.7,-8.405553377360652,29.638845612510544,0,10.616646117574987,10.616646117574987,9.360359496481196,9.360359496481196,1
2025-12-03,681.8751220703125,2.35302734375,10.037062434118809,691.9121845044313,1.47,0.7,-8.98513706081679,29.059261929054408,0,10.037062434118752,10.037062434118752,7.684035090368809,7.684035090368809,1
2025-12-04,682.3736572265625,0.49853515625,9.922219786841849,692.2958770134044,1.45,0.7,-9.09997970809375,28.94441928177745,0,9.922219786841879,9.922219786841879,9.423684630591849,9.423684630591849,1
2025-12-05,683.6697998046875,1.296142578125,9.42403530273577,693.0938351074233,1.38,0.5,-9.598164192199828,28.44623479767137,0,9.424035302735774,9.424035302735774,8.12789272461077,8.12789272461077,1
2025-12-08,681.6159057617188,-2.05389404296875,10.444204903058095,692.0601106647769,1.53,0.7,-8.577994591877504,29.466404397993692,0,10.444204903058107,10.444204903058107,12.498098946026845,12.498098946026845,0
2025-12-09,681.027587890625,-0.58831787109375,9.153127022092939,690.1807149127179,1.34,0.5,-9.86907247284266,28.175326517028537,0,9.153127022092917,9.153127022092917,9.741444893186689,9.741444893186689,0
2025-12-10,685.5443115234375,4.5167236328125,8.048636312340584,693.5929478357781,1.17,0.5,-10.973563182595015,27.070835807276183,0,8.04863631234059,8.04863631234059,3.5319126795280837,3.5319126795280837,1
2025-12-11,687.1395263671875,1.59521484375,8.335402702830732,695.4749290700182,1.21,0.5,-10.686796792104866,27.357602197766333,0,8.33540270283072,8.33540270283072,6.7401878590807325,6.7401878590807325,1
2025-12-12,679.7514038085938,-7.38812255859375,7.578085018381326,687.3294888269751,1.11,0.5,-11.444114476554272,26.600284513316925,0,7.57808501838133,7.57808501838133,14.966207576975076,14.966207576975076,0
2025-12-15,678.7244262695312,-1.0269775390625,12.041711674330196,690.7661379438614,1.77,0.7,-6.980487820605402,31.063911169265793,0,12.041711674330145,12.041711674330145,13.068689213392696,13.068689213392696,0
2025-12-16,676.8699340820312,-1.8544921875,10.616376924275235,687.4863110063064,1.57,0.7,-8.405822570660364,29.638576419210835,0,10.616376924275187,10.616376924275187,12.470869111775235,12.470869111775235,0
2025-12-17,669.4219360351562,-7.447998046875,11.80198854214314,681.2239245772994,1.76,0.7,-7.220210952792458,30.82418803707874,0,11.801988542143135,11.801988542143135,19.249986589018143,19.249986589018143,0
2025-12-18,674.4769287109375,5.05499267578125,16.311669258522198,690.7885979694597,2.42,0.7,-2.710530236413401,35.33386875345779,0,16.311669258522215,16.311669258522215,11.256676582740948,11.256676582740948,1
2025-12-19,680.5900268554688,6.11309814453125,13.21840659271656,693.8084334481853,1.94,0.7,-5.803792902219039,32.24060608765216,0,13.21840659271652,13.21840659271652,7.10530844818531,7.10530844818531,1
2025-12-22,684.8300170898438,4.239990234375,10.378516391424542,695.2085334812683,1.52,0.7,-8.643683103511057,29.40071588636014,0,10.378516391424569,10.378516391424569,6.138526157049542,6.138526157049542,1
2025-12-23,687.9600219726562,3.1300048828125,7.40102388145654,695.3610458541128,1.08,0.5,-11.621175613479059,26.423223376392137,0,7.401023881456581,7.401023881456581,4.27101899864404,4.27101899864404,1
2025-12-24,690.3800048828125,2.41998291015625,7.063272860325268,697.4432777431377,1.02,0.5,-11.95892663461033,26.08547235526087,0,7.063272860325242,7.063272860325242,4.643289950169018,4.643289950169018,1
2025-12-26,690.3099975585938,-0.07000732421875,5.939873947997743,696.2498715065915,0.86,0.5,-13.082325546937856,24.96207344293334,0,5.939873947997739,5.939873947997739,6.009881272216493,6.009881272216493,0
2025-12-29,687.8499755859375,-2.46002197265625,4.479996536892884,692.3299721228304,0.65,0.3,-14.542202958042715,23.502196031828483,0,4.479996536892941,4.479996536892941,6.940018509549134,6.940018509549134,0
2025-12-30,687.010009765625,-0.8399658203125,5.127407907550581,692.1374176731756,0.75,0.5,-13.894791587385019,24.14960740248618,0,5.127407907550605,5.127407907550605,5.967373727863081,5.967373727863081,0
