entry_time,exit_time,entry_price,exit_price,position_type,shares,pnl,return_pct,prediction,won,date,cumulative_pnl
2024-07-01 11:01:00+00:00,2024-07-01 12:13:00+00:00,545.18,545.34,Short,5,-0.9000000000004093,-0.029348105212972205,-0.03027731491807815,False,2024-07-01,-0.9000000000004093
2024-07-01 12:13:00+00:00,2024-07-01 13:15:00+00:00,545.34,544.84,Long,5,-2.6,-0.09168592071001577,0.03516940766554164,False,2024-07-01,-3.5000000000004095
2024-07-01 13:15:00+00:00,2024-07-01 14:15:00+00:00,544.84,542.92,Long,7,-13.58000000000051,-0.3523970339916439,0.04292458674385262,False,2024-07-01,-17.08000000000092
2024-07-01 14:15:00+00:00,2024-07-01 15:15:00+00:00,542.92,543.85,Short,11,-10.450000000000701,-0.1712959552051985,-0.09138250820540485,False,2024-07-01,-27.53000000000162
2024-07-01 15:15:00+00:00,2024-07-01 16:15:00+00:00,543.85,544.95,Long,5,5.400000000000114,0.2022616530293321,0.03297713230447739,True,2024-07-01,-22.13000000000151
2024-07-02 09:47:00+00:00,2024-07-02 11:41:00+00:00,543.25,542.97,Long,5,-1.4999999999998637,-0.051541647491941595,0.033783298531591066,False,2024-07-02,-23.630000000001374
2024-07-02 11:42:00+00:00,2024-07-02 12:44:00+00:00,542.91,543.02,Long,5,0.4500000000000682,0.020261185095137985,0.03522558777464717,True,2024-07-02,-23.180000000001307
2024-07-02 12:51:00+00:00,2024-07-02 13:51:00+00:00,542.97,545.26,Long,7,15.889999999999745,0.4217544247380083,0.039522044923599634,True,2024-07-02,-7.290000000001562
2024-07-02 13:51:00+00:00,2024-07-02 14:51:00+00:00,545.26,545.63,Short,10,-3.9000000000000457,-0.06785753585445559,-0.06211788692425195,False,2024-07-02,-11.190000000001607
2024-07-02 14:52:00+00:00,2024-07-02 15:52:00+00:00,545.6,546.24,Long,5,3.0999999999999317,0.11730205278592123,0.034079836222672015,True,2024-07-02,-8.090000000001675
2024-07-03 10:50:00+00:00,2024-07-03 12:13:00+00:00,549.36,548.7097,Long,5,-3.3515000000000783,-0.11837410805300998,0.03263260866536389,False,2024-07-03,-11.441500000001753
2024-07-03 12:13:00+00:00,2024-07-03 13:15:00+00:00,548.7097,548.45,Long,9,-2.517299999999573,-0.047329216159282865,0.054956604407657844,False,2024-07-03,-13.958800000001325
2024-07-03 13:15:00+00:00,2024-07-03 14:15:00+00:00,548.45,549.8099,Long,7,9.379299999999475,0.24795332300117148,0.0373915577219048,True,2024-07-03,-4.57950000000185
2024-07-03 14:15:00+00:00,2024-07-03 15:15:00+00:00,549.8099,550.295,Long,5,2.3254999999999426,0.08823049566768233,0.03399839838784176,True,2024-07-03,-2.254000000001908
2024-07-03 15:25:00+00:00,2024-07-03 16:25:00+00:00,550.16,550.995,Long,5,4.075000000000182,0.15177402937327986,0.03545046673661688,True,2024-07-03,1.8209999999982744
2024-07-05 11:14:00+00:00,2024-07-05 12:23:00+00:00,551.58,551.59,Long,9,-0.09000000000008186,0.0018129736393616344,0.055195147382068085,True,2024-07-05,1.7309999999981927
2024-07-05 12:23:00+00:00,2024-07-05 13:24:00+00:00,551.59,551.69,Long,5,0.40000000000011365,0.018129407712254162,0.036989604407833984,True,2024-07-05,2.1309999999983065
2024-07-05 13:34:00+00:00,2024-07-05 14:34:00+00:00,551.98,552.2503,Long,5,1.2515000000001009,0.04896916554948009,0.03240775494174602,True,2024-07-05,3.3824999999984073
2024-07-05 14:39:00+00:00,2024-07-05 15:39:00+00:00,552.24,553.11,Long,5,4.250000000000023,0.1575401999130821,0.03226201640999894,True,2024-07-05,7.63249999999843
2024-07-08 10:45:00+00:00,2024-07-08 12:17:00+00:00,554.49,554.99,Long,5,2.4,0.09017295172140165,0.03232995481583028,True,2024-07-08,10.03249999999843
2024-07-08 12:27:00+00:00,2024-07-08 13:28:00+00:00,555.0,555.38,Long,9,3.239999999999959,0.06846846846846766,0.04505342388542436,True,2024-07-08,13.27249999999839
2024-07-08 13:36:00+00:00,2024-07-08 14:36:00+00:00,555.7199,555.0099,Long,5,-3.650000000000182,-0.12776220538440972,0.035531904571447136,False,2024-07-08,9.622499999998208
2024-07-08 14:52:00+00:00,2024-07-08 15:52:00+00:00,555.06,554.99,Long,9,-0.8099999999994271,-0.012611249234305543,0.054905026055732005,False,2024-07-08,8.812499999998781
2024-07-09 11:12:00+00:00,2024-07-09 12:31:00+00:00,556.41,556.17,Long,5,-1.3000000000000456,-0.0431336604302599,0.03396842714979663,False,2024-07-09,7.512499999998736
2024-07-09 12:34:00+00:00,2024-07-09 13:38:00+00:00,556.1213,556.44,Long,5,1.4935000000001764,0.05730764133652771,0.03680041607980156,True,2024-07-09,9.005999999998913
2024-07-09 13:40:00+00:00,2024-07-09 14:40:00+00:00,556.32,556.44,Long,7,0.7000000000000318,0.021570319240725576,0.04039492848883604,True,2024-07-09,9.705999999998944
2024-07-09 14:42:00+00:00,2024-07-09 15:42:00+00:00,556.61,556.0,Long,5,-3.1500000000000683,-0.10959199439464141,0.03093970002970533,False,2024-07-09,6.5559999999988765
2024-07-10 11:45:00+00:00,2024-07-10 12:49:00+00:00,557.11,557.19,Short,5,-0.5000000000002046,-0.014359821220233155,-0.030379413010143106,False,2024-07-10,6.055999999998672
2024-07-10 12:59:00+00:00,2024-07-10 14:00:00+00:00,557.13,557.285,Long,5,0.6749999999998636,0.027821154847158244,0.03578477181811162,True,2024-07-10,6.730999999998536
2024-07-10 14:08:00+00:00,2024-07-10 15:08:00+00:00,557.65,557.19,Short,5,2.1999999999996134,0.08248901640812745,-0.031166552159015946,True,2024-07-10,8.93099999999815
2024-07-10 15:14:00+00:00,2024-07-10 16:14:00+00:00,557.07,558.09,Long,5,4.999999999999909,0.1831008670364553,0.030246508261441554,True,2024-07-10,13.93099999999806
2024-07-11 09:45:00+00:00,2024-07-11 11:54:00+00:00,561.04,560.81,Long,7,-1.7500000000001275,-0.04099529445316166,0.03938225264486597,False,2024-07-11,12.180999999997931
2024-07-11 11:54:00+00:00,2024-07-11 12:56:00+00:00,560.81,561.44,Long,8,4.880000000000873,0.11233751181328956,0.05096451549408115,True,2024-07-11,17.060999999998806
2024-07-11 13:46:00+00:00,2024-07-11 14:46:00+00:00,561.83,559.415,Long,5,-12.175000000000386,-0.4298453268782509,0.030370652800415173,False,2024-07-11,4.88599999999842
2024-07-11 15:12:00+00:00,2024-07-11 16:12:00+00:00,558.61,557.23,Long,7,-9.799999999999969,-0.247041764379441,0.03878968987782266,False,2024-07-11,-4.914000000001549
2024-07-12 10:48:00+00:00,2024-07-12 12:21:00+00:00,557.08,556.92,Long,8,-1.4400000000006548,-0.02872118905724166,0.04390334041438872,False,2024-07-12,-6.354000000002204
2024-07-12 12:21:00+00:00,2024-07-12 13:21:00+00:00,556.92,557.17,Long,10,2.3000000000000003,0.04488975077210371,0.05924544849540707,True,2024-07-12,-4.054000000002203
2024-07-12 13:21:00+00:00,2024-07-12 14:21:00+00:00,557.17,559.6,Long,5,12.050000000000319,0.43613259866828147,0.0322946436263401,True,2024-07-12,7.995999999998116
2024-07-12 14:21:00+00:00,2024-07-12 15:21:00+00:00,559.6,561.33,Long,7,11.970000000000127,0.30914939242316264,0.03953032822082266,True,2024-07-12,19.965999999998242
2024-07-15 11:26:00+00:00,2024-07-15 12:35:00+00:00,562.26,561.91,Short,5,1.6500000000001136,0.0622487817024193,-0.03045447219557161,True,2024-07-15,21.615999999998355
2024-07-15 12:36:00+00:00,2024-07-15 13:40:00+00:00,561.86,562.65,Long,5,3.849999999999818,0.14060442103014337,0.03441365282936907,True,2024-07-15,25.46599999999817
2024-07-15 13:40:00+00:00,2024-07-15 14:40:00+00:00,562.65,563.14,Long,8,3.7600000000000726,0.08708788767439957,0.046481244199828936,True,2024-07-15,29.225999999998244
2024-07-15 15:01:00+00:00,2024-07-15 16:01:00+00:00,564.04,563.52,Long,10,-5.399999999999818,-0.09219204311750619,0.066958583856195,False,2024-07-15,23.825999999998427
2024-07-16 10:33:00+00:00,2024-07-16 12:22:00+00:00,562.3,562.29,Short,5,-0.05000000000004548,0.0017784101013677584,-0.03351378566098202,True,2024-07-16,23.77599999999838
2024-07-16 12:30:00+00:00,2024-07-16 13:31:00+00:00,562.37,563.0,Short,8,-5.199999999999964,-0.11202589042800923,-0.058793544920256215,False,2024-07-16,18.575999999998416
2024-07-16 13:36:00+00:00,2024-07-16 14:36:00+00:00,563.08,562.77,Long,7,-2.310000000000414,-0.05505434396534402,0.037284871176654584,False,2024-07-16,16.265999999998
2024-07-16 14:41:00+00:00,2024-07-16 15:41:00+00:00,563.51,563.085,Long,8,-3.5599999999996363,-0.07542013451402008,0.04502917585105382,False,2024-07-16,12.705999999998365
2024-07-17 09:50:00+00:00,2024-07-17 11:20:00+00:00,560.77,559.26,Long,5,-7.649999999999954,-0.2692726073078073,0.03561321015356504,False,2024-07-17,5.055999999998411
2024-07-17 11:21:00+00:00,2024-07-17 12:22:00+00:00,559.31,559.69,Long,7,2.520000000000764,0.06794085569721785,0.0386088955443529,True,2024-07-17,7.5759999999991745
2024-07-17 12:23:00+00:00,2024-07-17 13:23:00+00:00,559.82,559.0,Short,8,6.4000000000004,0.14647565288843734,-0.05506214377086015,True,2024-07-17,13.975999999999575
2024-07-17 13:23:00+00:00,2024-07-17 14:23:00+00:00,559.0,559.08,Long,5,0.3000000000002046,0.014311270125230934,0.03305675455163293,True,2024-07-17,14.27599999999978
2024-07-17 15:20:00+00:00,2024-07-17 16:20:00+00:00,558.305,557.7852,Long,5,-2.6989999999995917,-0.09310323210430112,0.03222711969128018,False,2024-07-17,11.577000000000188
2024-07-18 09:45:00+00:00,2024-07-18 11:24:00+00:00,557.9,557.92,Long,7,-1.273321725836496e-13,0.0035848718408284298,0.041893833806455,True,2024-07-18,11.57700000000006
2024-07-18 11:29:00+00:00,2024-07-18 12:33:00+00:00,557.81,558.4,Long,5,2.850000000000159,0.10577078216597621,0.0359667805037118,True,2024-07-18,14.42700000000022
2024-07-18 13:00:00+00:00,2024-07-18 14:00:00+00:00,558.84,558.64,Short,5,0.9000000000002274,0.03578841886766256,-0.03045447219557161,True,2024-07-18,15.327000000000448
2024-07-18 14:09:00+00:00,2024-07-18 15:09:00+00:00,559.425,555.9,Short,8,28.039999999999818,0.6301112749698311,-0.053505594011853036,True,2024-07-18,43.36700000000027
2024-07-18 15:09:00+00:00,2024-07-18 16:09:00+00:00,555.9,553.54,Short,5,11.700000000000069,0.4245367871919435,-0.0362892768238285,True,2024-07-18,55.067000000000334
2024-07-19 10:07:00+00:00,2024-07-19 11:38:00+00:00,553.19,553.66,Long,5,2.249999999999568,0.08496176720474223,0.032508855216086055,True,2024-07-19,57.3169999999999
2024-07-19 11:39:00+00:00,2024-07-19 12:45:00+00:00,553.64,553.69,Short,5,-0.3500000000003411,-0.009031139368555055,-0.033946620016425545,False,2024-07-19,56.96699999999956
2024-07-19 12:58:00+00:00,2024-07-19 13:58:00+00:00,553.9,553.01,Short,5,4.349999999999932,0.16067882289221636,-0.03351378566098202,True,2024-07-19,61.31699999999949
2024-07-19 14:26:00+00:00,2024-07-19 15:26:00+00:00,551.7301,550.45,Long,7,-9.100699999999634,-0.23201561778122085,0.04184424471173162,False,2024-07-19,52.216299999999855
2024-07-19 15:26:00+00:00,2024-07-19 16:26:00+00:00,550.45,550.09,Long,9,-3.420000000000123,-0.06540103551639814,0.044855709470653135,False,2024-07-19,48.79629999999973
2024-07-22 09:56:00+00:00,2024-07-22 11:30:00+00:00,551.46,551.76,Short,5,-1.5999999999997727,-0.05440104450004615,-0.03337665986419493,False,2024-07-22,47.19629999999996
2024-07-22 12:00:00+00:00,2024-07-22 13:00:00+00:00,552.17,552.31,Short,9,-1.4399999999998772,-0.025354510386291607,-0.052121217479702664,False,2024-07-22,45.75630000000008
2024-07-22 13:40:00+00:00,2024-07-22 14:40:00+00:00,553.66,554.19,Long,5,2.550000000000432,0.09572661922481061,0.035899208471496746,True,2024-07-22,48.30630000000051
2024-07-22 14:43:00+00:00,2024-07-22 15:43:00+00:00,554.22,551.5511,Long,9,-24.20010000000007,-0.481559669445348,0.05171356610247743,False,2024-07-22,24.10620000000044
2024-07-23 10:25:00+00:00,2024-07-23 11:56:00+00:00,554.73,555.15,Short,5,-2.1999999999997955,-0.07571250878805168,-0.03351378566098202,False,2024-07-23,21.906200000000645
2024-07-23 12:00:00+00:00,2024-07-23 13:04:00+00:00,555.31,554.84,Short,5,2.249999999999568,0.08463740973508736,-0.03587638460111454,True,2024-07-23,24.15620000000021
2024-07-23 13:04:00+00:00,2024-07-23 14:05:00+00:00,554.84,555.755,Long,5,4.4749999999998185,0.16491240718044187,0.03431070717551226,True,2024-07-23,28.631200000000028
2024-07-23 14:05:00+00:00,2024-07-23 15:05:00+00:00,555.755,555.285,Long,5,-2.4500000000001365,-0.08456963949942461,0.03624866944568624,False,2024-07-23,26.18119999999989
2024-07-23 15:07:00+00:00,2024-07-23 16:07:00+00:00,555.47,556.21,Long,5,3.6000000000000454,0.13322051595945938,0.0312023279061617,True,2024-07-23,29.781199999999934
2024-07-24 09:47:00+00:00,2024-07-24 11:24:00+00:00,549.73,550.1,Long,5,1.7500000000000226,0.06730576828625044,0.03545667486938865,True,2024-07-24,31.531199999999956
2024-07-24 11:32:00+00:00,2024-07-24 12:37:00+00:00,550.0,548.63,Long,5,-6.950000000000022,-0.24909090909090992,0.03437712111744048,False,2024-07-24,24.58119999999993
2024-07-24 12:37:00+00:00,2024-07-24 13:37:00+00:00,548.63,548.22,Long,5,-2.149999999999841,-0.07473160417767315,0.036733957237343545,False,2024-07-24,22.43120000000009
2024-07-24 13:38:00+00:00,2024-07-24 14:38:00+00:00,547.865,545.535,Short,7,16.170000000000286,0.42528725142143425,-0.042366537255692414,True,2024-07-24,38.601200000000375
2024-07-24 15:23:00+00:00,2024-07-24 16:23:00+00:00,544.45,544.4795,Long,5,0.04749999999992269,0.005418312058037384,0.03429547125108963,True,2024-07-24,38.6487000000003
2024-07-25 09:45:00+00:00,2024-07-25 10:56:00+00:00,540.53,540.73,Long,7,1.2600000000003184,0.03700072151407794,0.04282140656925674,True,2024-07-25,39.908700000000614
2024-07-25 11:27:00+00:00,2024-07-25 12:27:00+00:00,540.45,540.03,Long,5,-2.200000000000364,-0.0777130169303493,0.03279577648648461,False,2024-07-25,37.70870000000025
2024-07-25 12:27:00+00:00,2024-07-25 13:27:00+00:00,540.03,541.32,Long,5,6.350000000000387,0.2388756180212354,0.03299314293714756,True,2024-07-25,44.058700000000634
2024-07-25 13:33:00+00:00,2024-07-25 14:33:00+00:00,540.7,540.0201,Short,5,3.2995000000004437,0.12574440540042328,-0.03687553687666698,True,2024-07-25,47.35820000000108
2024-07-25 14:33:00+00:00,2024-07-25 15:33:00+00:00,540.0201,543.3073,Long,11,35.93920000000108,0.6087180829010065,0.21041214792847318,True,2024-07-25,83.29740000000216
2024-07-26 09:45:00+00:00,2024-07-26 11:10:00+00:00,542.55,542.75,Long,7,1.2600000000003184,0.03686296193900018,0.040364106507777484,True,2024-07-26,84.55740000000247
2024-07-26 11:15:00+00:00,2024-07-26 12:17:00+00:00,542.66,542.99,Long,5,1.5500000000002045,0.060811557881554,0.03150942402501332,True,2024-07-26,86.10740000000268
2024-07-26 12:30:00+00:00,2024-07-26 13:30:00+00:00,543.29,541.69,Short,11,17.379999999999,0.29450201549815186,-0.08772456630838976,True,2024-07-26,103.48740000000168
2024-07-26 13:30:00+00:00,2024-07-26 14:30:00+00:00,541.69,543.02,Short,11,-14.8499999999992,-0.24552788495263472,-0.206114508405595,False,2024-07-26,88.63740000000249
2024-07-26 14:30:00+00:00,2024-07-26 15:30:00+00:00,543.02,543.36,Short,7,-2.520000000000223,-0.06261279510884163,-0.042106588139394184,False,2024-07-26,86.11740000000226
2024-07-29 11:31:00+00:00,2024-07-29 12:35:00+00:00,546.94,547.59,Short,5,-3.3499999999998864,-0.11884301751562826,-0.03337665986419493,False,2024-07-29,82.76740000000238
2024-07-29 12:48:00+00:00,2024-07-29 13:48:00+00:00,547.44,545.76,Long,5,-8.500000000000318,-0.30688294607629396,0.0332951914715685,False,2024-07-29,74.26740000000207
2024-07-29 14:07:00+00:00,2024-07-29 15:07:00+00:00,546.28,543.93,Short,7,16.31000000000016,0.4301823240828921,-0.04229152088411443,True,2024-07-29,90.57740000000223
2024-07-29 15:15:00+00:00,2024-07-29 16:15:00+00:00,543.41,546.41,Long,7,20.86,0.5520693399090926,0.040697382893064064,True,2024-07-29,111.43740000000223
2024-07-30 09:57:00+00:00,2024-07-30 11:44:00+00:00,545.71,546.1,Long,5,1.8499999999999317,0.07146652984185489,0.03156329257867893,True,2024-07-30,113.28740000000217
2024-07-30 11:58:00+00:00,2024-07-30 13:02:00+00:00,545.82,545.87,Long,5,0.14999999999977262,0.009160529112153187,0.03482585033209374,True,2024-07-30,113.43740000000194
2024-07-30 13:04:00+00:00,2024-07-30 14:04:00+00:00,545.86,545.27,Long,5,-3.0500000000001593,-0.10808632250028062,0.0348133902719225,False,2024-07-30,110.38740000000179
2024-07-30 14:06:00+00:00,2024-07-30 15:06:00+00:00,545.81,541.305,Short,5,22.42499999999998,0.825378794818709,-0.03335686149403468,True,2024-07-30,132.81240000000176
2024-07-30 15:06:00+00:00,2024-07-30 16:06:00+00:00,541.305,540.78,Short,11,5.554999999999749,0.09698783495441153,-0.3064774045931612,True,2024-07-30,138.3674000000015
2024-07-31 09:49:00+00:00,2024-07-31 11:10:00+00:00,546.77,547.12,Long,5,1.6500000000001136,0.06401229035975323,0.03179078373259489,True,2024-07-31,140.01740000000163
2024-07-31 11:11:00+00:00,2024-07-31 12:12:00+00:00,546.98,547.42,Long,7,2.939999999999586,0.08044169805110622,0.039522044923599634,True,2024-07-31,142.95740000000123
2024-07-31 12:12:00+00:00,2024-07-31 13:14:00+00:00,547.42,549.23,Short,9,-16.47000000000053,-0.3306419202805998,-0.04358183003744984,False,2024-07-31,126.48740000000069
2024-07-31 13:44:00+00:00,2024-07-31 14:44:00+00:00,547.76,550.618,Short,11,-31.65800000000067,-0.5217613553381154,-0.07041523639139882,False,2024-07-31,94.82940000000002
2024-07-31 15:06:00+00:00,2024-07-31 16:06:00+00:00,550.57,550.49,Long,5,-0.5000000000002046,-0.014530395771662262,0.030258244461464173,False,2024-07-31,94.32939999999982
2024-08-01 09:45:00+00:00,2024-08-01 11:21:00+00:00,552.37,553.24,Long,9,7.650000000000041,0.15750312290674812,0.05646633571384439,True,2024-08-01,101.97939999999986
2024-08-01 11:21:00+00:00,2024-08-01 12:25:00+00:00,553.24,553.4,Short,5,-0.8999999999998408,-0.02892054081410747,-0.0325371534983817,False,2024-08-01,101.07940000000002
2024-08-01 12:30:00+00:00,2024-08-01 13:31:00+00:00,553.68,553.12,Short,10,5.399999999999454,0.10114145354716542,-0.09412779938812178,True,2024-08-01,106.47939999999947
2024-08-01 13:44:00+00:00,2024-08-01 14:44:00+00:00,554.58,548.7,Long,10,-58.99999999999995,-1.0602618197554898,0.06286126273109144,False,2024-08-01,47.47939999999952
2024-08-01 14:44:00+00:00,2024-08-01 15:44:00+00:00,548.7,544.62,Short,10,40.60000000000041,0.7435757244395919,-0.20018449968013588,True,2024-08-01,88.07939999999994
2024-08-02 09:45:00+00:00,2024-08-02 10:57:00+00:00,537.13,537.62,Long,7,3.2900000000000635,0.0912255878465193,0.038174358143299086,True,2024-08-02,91.3694
2024-08-02 11:08:00+00:00,2024-08-02 12:09:00+00:00,537.06,537.65,Long,7,3.9900000000002227,0.1098573716158403,0.03840476051458537,True,2024-08-02,95.35940000000022
2024-08-02 12:30:00+00:00,2024-08-02 13:30:00+00:00,534.48,535.59,Long,11,11.99000000000015,0.20767849124382834,0.25221715560485064,True,2024-08-02,107.34940000000037
2024-08-02 13:34:00+00:00,2024-08-02 14:34:00+00:00,534.05,530.28,Short,5,18.749999999999908,0.7059264113846985,-0.032033483535302984,True,2024-08-02,126.09940000000029
2024-08-02 14:34:00+00:00,2024-08-02 15:34:00+00:00,530.28,529.96,Short,11,3.2999999999992995,0.06034547786074081,-0.10471900381938384,True,2024-08-02,129.3993999999996
2024-08-05 09:45:00+00:00,2024-08-05 10:45:00+00:00,518.26,517.09,Short,11,12.64999999999955,0.225755412341288,-0.14235890899515902,True,2024-08-05,142.04939999999914
2024-08-05 10:55:00+00:00,2024-08-05 11:55:00+00:00,517.21,514.97,Short,5,11.100000000000046,0.433092940971754,-0.030318295943906663,True,2024-08-05,153.1493999999992
2024-08-05 11:55:00+00:00,2024-08-05 12:55:00+00:00,514.97,509.93,Short,11,55.220000000000226,0.978697788220677,-0.15163567518168436,True,2024-08-05,208.36939999999942
2024-08-05 12:55:00+00:00,2024-08-05 13:55:00+00:00,509.93,515.88,Long,12,71.15999999999987,1.1668268193673619,0.06574184635444928,True,2024-08-05,279.52939999999927
2024-08-05 13:55:00+00:00,2024-08-05 14:55:00+00:00,515.88,517.88,Long,11,21.78,0.3876870590059704,0.32953854962255175,True,2024-08-05,301.3093999999993
2024-08-05 14:55:00+00:00,2024-08-05 15:55:00+00:00,517.88,520.4399,Long,11,27.938899999999677,0.4943036996987662,0.10641394233562512,True,2024-08-05,329.24829999999895
2024-08-06 09:45:00+00:00,2024-08-06 10:57:00+00:00,519.31,521.9,Long,7,17.990000000000222,0.498738710981886,0.03783521519971188,True,2024-08-06,347.2382999999992
2024-08-06 10:58:00+00:00,2024-08-06 11:58:00+00:00,521.81,521.56,Short,9,2.0700000000000003,0.047910158870086816,-0.05736252955901735,True,2024-08-06,349.3082999999992
2024-08-06 12:02:00+00:00,2024-08-06 13:02:00+00:00,521.55,519.81,Long,11,-19.3600000000001,-0.3336209375898781,0.06981323996750215,False,2024-08-06,329.9482999999991
2024-08-06 13:10:00+00:00,2024-08-06 14:10:00+00:00,519.79,523.5351,Long,5,18.625500000000464,0.7205025106293106,0.031184019786889314,True,2024-08-06,348.57379999999955
2024-08-06 14:10:00+00:00,2024-08-06 15:10:00+00:00,523.5351,524.8,Short,9,-11.56409999999908,-0.24160748725346165,-0.05858846660865763,False,2024-08-06,337.00970000000046
2024-08-06 15:15:00+00:00,2024-08-06 16:15:00+00:00,523.86,526.78,Long,11,31.89999999999955,0.5574008322834266,0.06377298862663136,True,2024-08-06,368.90970000000004
2024-08-07 09:46:00+00:00,2024-08-07 10:56:00+00:00,527.43,528.69,Long,5,6.200000000000523,0.23889426084980087,0.03435407654382021,True,2024-08-07,375.10970000000054
2024-08-07 10:56:00+00:00,2024-08-07 11:56:00+00:00,528.69,527.93,Short,5,3.700000000000523,0.14375153681743638,-0.03346313063162364,True,2024-08-07,378.80970000000104
2024-08-07 11:56:00+00:00,2024-08-07 12:57:00+00:00,527.93,528.15,Long,9,1.8000000000002456,0.04167219138901508,0.0454757333676745,True,2024-08-07,380.6097000000013
2024-08-07 13:04:00+00:00,2024-08-07 14:04:00+00:00,528.0,530.18,Long,5,10.79999999999975,0.4128787878787784,0.03534783945573706,True,2024-08-07,391.409700000001
2024-08-07 14:04:00+00:00,2024-08-07 15:04:00+00:00,530.18,530.8899,Short,9,-6.569100000000553,-0.1338979214606476,-0.056512330917280106,False,2024-08-07,384.84060000000045
2024-08-07 15:04:00+00:00,2024-08-07 16:04:00+00:00,530.8899,526.18,Short,9,42.20910000000056,0.887170767422786,-0.05197225816820326,True,2024-08-07,427.049700000001
2024-08-08 09:53:00+00:00,2024-08-08 11:07:00+00:00,516.8,518.0,Short,12,-14.640000000000546,-0.23219814241486952,-0.0728321648871553,False,2024-08-08,412.40970000000044
2024-08-08 11:07:00+00:00,2024-08-08 12:08:00+00:00,518.0,519.19,Long,8,9.360000000000436,0.22972972972974026,0.03815797293779475,True,2024-08-08,421.76970000000085
2024-08-08 12:14:00+00:00,2024-08-08 13:14:00+00:00,519.31,523.21,Short,6,-23.520000000000547,-0.750996514605937,-0.030153174747188025,False,2024-08-08,398.2497000000003
2024-08-08 13:15:00+00:00,2024-08-08 14:15:00+00:00,523.36,526.38,Short,9,-27.359999999999836,-0.5770406603485139,-0.05064320984045856,False,2024-08-08,370.88970000000046
2024-08-08 14:15:00+00:00,2024-08-08 15:15:00+00:00,526.38,526.89,Short,11,-5.829999999999901,-0.09688817964208193,-0.0913846050905083,False,2024-08-08,365.05970000000053
2024-08-08 15:18:00+00:00,2024-08-08 16:18:00+00:00,526.81,528.4103,Short,5,-8.101500000000305,-0.30377175831895015,-0.031226005150756207,False,2024-08-08,356.9582000000002
2024-08-09 09:47:00+00:00,2024-08-09 11:17:00+00:00,532.11,532.39,Long,5,1.2999999999998635,0.052620698727701545,0.034225278629829756,True,2024-08-09,358.25820000000004
2024-08-09 11:23:00+00:00,2024-08-09 12:24:00+00:00,531.8,529.45,Long,5,-11.849999999999545,-0.441895449417057,0.03363555127721642,False,2024-08-09,346.4082000000005
2024-08-09 12:24:00+00:00,2024-08-09 13:24:00+00:00,529.45,529.3,Long,9,-1.5300000000008185,-0.028331287184831605,0.046439017958573074,False,2024-08-09,344.87819999999965
2024-08-09 13:24:00+00:00,2024-08-09 14:24:00+00:00,529.3,530.79,Long,5,7.350000000000046,0.2815038730398657,0.031102581952059064,True,2024-08-09,352.2281999999997
2024-08-09 14:24:00+00:00,2024-08-09 15:24:00+00:00,530.79,531.63,Short,9,-7.740000000000286,-0.15825467699090637,-0.055275632540007315,False,2024-08-09,344.4881999999994
2024-08-12 09:53:00+00:00,2024-08-12 11:35:00+00:00,533.63,534.33,Long,5,3.4000000000002273,0.13117703277552714,0.033390791952921633,True,2024-08-12,347.8881999999996
2024-08-12 12:23:00+00:00,2024-08-12 13:26:00+00:00,534.7,534.46,Short,5,1.1000000000000456,0.044884982233029565,-0.0329769224216415,True,2024-08-12,348.9881999999996
2024-08-12 13:28:00+00:00,2024-08-12 14:28:00+00:00,534.01,534.28,Long,9,2.2499999999998366,0.050560850920391344,0.04798761700513983,True,2024-08-12,351.23819999999944
2024-08-12 14:28:00+00:00,2024-08-12 15:28:00+00:00,534.28,532.6801,Long,11,-17.818899999999275,-0.299449726735033,0.0734051439848172,False,2024-08-12,333.41930000000013
2024-08-12 15:28:00+00:00,2024-08-12 16:28:00+00:00,532.6801,533.88,Short,11,-13.418899999999526,-0.22525714777029532,-0.13372103735345886,False,2024-08-12,320.0004000000006
2024-08-13 10:06:00+00:00,2024-08-13 11:22:00+00:00,534.99,533.96,Long,5,-5.249999999999863,-0.1925269631208009,0.031690099805416067,False,2024-08-13,314.7504000000007
2024-08-13 11:26:00+00:00,2024-08-13 12:27:00+00:00,533.95,535.0,Long,5,5.149999999999773,0.1966476261822183,0.03363455029565508,True,2024-08-13,319.90040000000045
2024-08-13 12:28:00+00:00,2024-08-13 13:28:00+00:00,535.0,536.49,Long,5,7.350000000000046,0.278504672897198,0.03723949878472023,True,2024-08-13,327.25040000000047
2024-08-13 13:28:00+00:00,2024-08-13 14:28:00+00:00,536.49,537.45,Long,5,4.700000000000182,0.1789408935860941,0.03409489278137038,True,2024-08-13,331.9504000000006
2024-08-13 14:31:00+00:00,2024-08-13 15:31:00+00:00,536.75,538.55,Short,5,-9.099999999999772,-0.3353516534699496,-0.03083628563680658,False,2024-08-13,322.85040000000083
2024-08-14 10:46:00+00:00,2024-08-14 11:59:00+00:00,542.5,542.28,Short,5,1.0000000000001366,0.040552995391710096,-0.03351378566098202,True,2024-08-14,323.85040000000095
2024-08-14 12:02:00+00:00,2024-08-14 13:02:00+00:00,542.17,542.95,Long,5,3.800000000000432,0.1438663149934682,0.03502138149757683,True,2024-08-14,327.65040000000135
2024-08-14 13:34:00+00:00,2024-08-14 14:34:00+00:00,542.27,540.23,Short,7,14.139999999999745,0.3761963597469828,-0.04044158588396725,True,2024-08-14,341.7904000000011
2024-08-14 14:34:00+00:00,2024-08-14 15:34:00+00:00,540.23,543.7299,Short,9,-31.679100000000226,-0.6478536919460276,-0.05566724833713237,False,2024-08-14,310.1113000000009
2024-08-15 10:20:00+00:00,2024-08-15 11:46:00+00:00,544.41,545.3,Long,5,4.349999999999932,0.16347973035028496,0.03062851535183819,True,2024-08-15,314.4613000000008
2024-08-15 11:47:00+00:00,2024-08-15 12:52:00+00:00,545.35,549.15,Short,5,-19.099999999999774,-0.6968002200421664,-0.03237010793310429,False,2024-08-15,295.361300000001
2024-08-15 12:52:00+00:00,2024-08-15 13:52:00+00:00,549.15,549.77,Long,11,6.600000000000049,0.11290175726122272,0.06492114747205155,True,2024-08-15,301.961300000001
2024-08-15 13:53:00+00:00,2024-08-15 14:53:00+00:00,549.82,550.98,Long,5,5.699999999999841,0.21097813829980142,0.03253387517135271,True,2024-08-15,307.66130000000084
2024-08-15 14:53:00+00:00,2024-08-15 15:53:00+00:00,550.98,551.87,Long,5,4.349999999999932,0.16153036407854846,0.031861997308016705,True,2024-08-15,312.01130000000074
2024-08-16 09:46:00+00:00,2024-08-16 11:11:00+00:00,553.68,552.69,Long,5,-5.049999999999477,-0.17880364109230884,0.03473230148038989,False,2024-08-16,306.96130000000124
2024-08-16 11:12:00+00:00,2024-08-16 12:15:00+00:00,552.64,551.78,Long,5,-4.400000000000068,-0.15561667631731574,0.03482585033209374,False,2024-08-16,302.56130000000115
2024-08-16 12:15:00+00:00,2024-08-16 13:15:00+00:00,551.78,551.12,Short,11,7.039999999999649,0.11961288919496325,-0.10201116386606802,True,2024-08-16,309.6013000000008
2024-08-16 13:31:00+00:00,2024-08-16 14:31:00+00:00,551.71,553.0537,Long,9,11.913300000000113,0.24355186601656892,0.052968812933019534,True,2024-08-16,321.5146000000009
2024-08-16 14:31:00+00:00,2024-08-16 15:31:00+00:00,553.0537,552.74,Long,5,-1.6685000000001993,-0.05672143591120353,0.031861997308016705,False,2024-08-16,319.84610000000066
2024-08-19 10:04:00+00:00,2024-08-19 11:34:00+00:00,554.4,554.61,Short,5,-1.1500000000001818,-0.037878787878794444,-0.03293689094093513,False,2024-08-19,318.69610000000046
2024-08-19 11:35:00+00:00,2024-08-19 12:38:00+00:00,554.68,554.75,Short,5,-0.45000000000025014,-0.012619888944986304,-0.0307680577179209,False,2024-08-19,318.2461000000002
2024-08-19 13:05:00+00:00,2024-08-19 14:05:00+00:00,555.15,554.92,Short,5,1.050000000000091,0.04143024407818035,-0.03045447219557161,True,2024-08-19,319.29610000000025
2024-08-19 14:10:00+00:00,2024-08-19 15:10:00+00:00,555.56,556.59,Long,5,5.050000000000432,0.18539851681188108,0.03253387517135271,True,2024-08-19,324.34610000000066
2024-08-19 15:11:00+00:00,2024-08-19 16:11:00+00:00,556.57,556.485,Long,5,-0.5250000000001819,-0.015272113121446784,0.03553940213031525,False,2024-08-19,323.82110000000046
2024-08-20 11:24:00+00:00,2024-08-20 12:33:00+00:00,559.95,559.75,Long,5,-1.1000000000002272,-0.03571747477454156,0.0348133902719225,False,2024-08-20,322.7211000000002
2024-08-20 12:33:00+00:00,2024-08-20 13:33:00+00:00,559.75,559.47,Long,9,-2.6999999999997546,-0.050022331397940635,0.053792054121030115,False,2024-08-20,320.02110000000044
2024-08-20 13:38:00+00:00,2024-08-20 14:38:00+00:00,559.74,558.23,Long,9,-13.769999999999918,-0.26976810662092954,0.04324418069409624,False,2024-08-20,306.2511000000005
2024-08-20 14:53:00+00:00,2024-08-20 15:53:00+00:00,558.9215,558.54,Long,5,-2.0075000000003684,-0.06825645461841666,0.030546921355771844,False,2024-08-20,304.24360000000013
2024-08-21 09:54:00+00:00,2024-08-21 11:47:00+00:00,558.6,559.33,Long,5,3.550000000000091,0.13068385248836703,0.03062851535183819,True,2024-08-21,307.7936000000002
2024-08-21 12:04:00+00:00,2024-08-21 13:13:00+00:00,559.4,559.71,Long,5,1.4500000000002955,0.05541651769754364,0.030356385992711406,True,2024-08-21,309.24360000000047
2024-08-21 13:41:00+00:00,2024-08-21 14:41:00+00:00,559.92,561.82,Long,7,13.160000000000636,0.3393341905986732,0.037700737794461356,True,2024-08-21,322.4036000000011
2024-08-21 14:42:00+00:00,2024-08-21 15:42:00+00:00,561.96,559.78,Long,11,-24.2000000000007,-0.38792796640331406,0.09244956834451858,False,2024-08-21,298.2036000000004
2024-08-22 09:57:00+00:00,2024-08-22 11:49:00+00:00,561.11,561.98,Long,5,4.250000000000023,0.1550498119798265,0.0346216440550234,True,2024-08-22,302.4536000000004
2024-08-22 12:00:00+00:00,2024-08-22 13:00:00+00:00,562.09,562.28,Short,5,-1.0499999999997043,-0.033802415983195014,-0.03392395944242723,False,2024-08-22,301.40360000000067
2024-08-22 13:00:00+00:00,2024-08-22 14:01:00+00:00,562.28,562.15,Short,5,0.5499999999999773,0.023120153660097363,-0.03045447219557161,True,2024-08-22,301.9536000000006
2024-08-22 14:07:00+00:00,2024-08-22 15:07:00+00:00,561.575,561.02,Short,9,4.815000000000573,0.09882918577217,-0.046851206266928035,True,2024-08-22,306.7686000000012
2024-08-22 15:13:00+00:00,2024-08-22 16:13:00+00:00,560.33,558.49,Long,5,-9.300000000000159,-0.3283779201542005,0.03534417150129563,False,2024-08-22,297.468600000001
2024-08-23 09:45:00+00:00,2024-08-23 11:22:00+00:00,558.87,559.15,Short,5,-1.4999999999998637,-0.050101096856151286,-0.0307680577179209,False,2024-08-23,295.9686000000011
2024-08-23 12:00:00+00:00,2024-08-23 13:04:00+00:00,559.53,559.86,Short,11,-3.8500000000004504,-0.05897807088092523,-0.2650729123284324,False,2024-08-23,292.11860000000064
2024-08-23 13:04:00+00:00,2024-08-23 14:04:00+00:00,559.86,561.7,Short,5,-9.300000000000159,-0.3286535919694266,-0.031223955816434047,False,2024-08-23,282.81860000000046
2024-08-23 14:05:00+00:00,2024-08-23 15:05:00+00:00,561.12,560.34,Short,9,6.839999999999755,0.13900769888793355,-0.05589570986376876,True,2024-08-23,289.6586000000002
2024-08-23 15:05:00+00:00,2024-08-23 16:05:00+00:00,560.34,558.83,Short,9,13.409999999999918,0.26947924474426077,-0.04790270196052403,True,2024-08-23,303.0686000000001
2024-08-26 10:44:00+00:00,2024-08-26 11:58:00+00:00,562.9,563.0,Long,5,0.40000000000011365,0.017765144785934047,0.0343982728593602,True,2024-08-26,303.4686000000002
2024-08-26 11:59:00+00:00,2024-08-26 13:02:00+00:00,562.95,563.05,Long,5,0.3999999999995452,0.017763566924222228,0.03264455704890826,True,2024-08-26,303.86859999999973
2024-08-26 13:12:00+00:00,2024-08-26 14:12:00+00:00,563.29,562.215,Short,5,5.274999999999659,0.19084308260397517,-0.0329769224216415,True,2024-08-26,309.14359999999937
2024-08-26 14:31:00+00:00,2024-08-26 15:31:00+00:00,561.41,560.28,Long,9,-10.349999999999959,-0.20127892271245532,0.05507428646065415,False,2024-08-26,298.7935999999994
2024-08-27 10:10:00+00:00,2024-08-27 12:03:00+00:00,560.77,560.36,Long,7,-3.0099999999997773,-0.07311375430211463,0.03861796563018089,False,2024-08-27,295.78359999999964
2024-08-27 12:05:00+00:00,2024-08-27 13:09:00+00:00,560.36,558.84,Long,5,-7.699999999999909,-0.27125419373259724,0.03127838371244537,False,2024-08-27,288.0835999999997
2024-08-27 13:14:00+00:00,2024-08-27 14:14:00+00:00,558.76,559.95,Long,5,5.850000000000273,0.21297157992699092,0.035467543002806114,True,2024-08-27,293.93359999999996
2024-08-27 14:20:00+00:00,2024-08-27 15:20:00+00:00,560.09,561.23,Long,5,5.599999999999932,0.20353871699190956,0.034079836222672015,True,2024-08-27,299.53359999999986
2024-08-27 15:27:00+00:00,2024-08-27 16:27:00+00:00,560.94,560.68,Long,5,-1.400000000000523,-0.04635076835314019,0.03403134206866448,False,2024-08-27,298.1335999999993
2024-08-28 10:56:00+00:00,2024-08-28 12:29:00+00:00,561.81,561.29,Long,7,-3.779999999999873,-0.09255798223598402,0.03733727215392762,False,2024-08-28,294.35359999999946
2024-08-28 12:29:00+00:00,2024-08-28 13:39:00+00:00,561.29,560.93,Long,5,-1.9000000000000683,-0.06413796789538628,0.033221052560650666,False,2024-08-28,292.45359999999937
2024-08-28 13:44:00+00:00,2024-08-28 14:44:00+00:00,560.945,560.2399,Long,5,-3.625500000000079,-0.12569859790175789,0.03482954477773385,False,2024-08-28,288.82809999999927
2024-08-28 14:44:00+00:00,2024-08-28 15:44:00+00:00,560.2399,557.98,Long,9,-20.519100000000144,-0.40338076598971545,0.04313640389895697,False,2024-08-28,268.3089999999991
2024-08-29 09:51:00+00:00,2024-08-29 11:04:00+00:00,560.01,558.92,Short,5,5.3500000000001595,0.19463938143962284,-0.0325371534983817,True,2024-08-29,273.65899999999925
2024-08-29 11:05:00+00:00,2024-08-29 12:11:00+00:00,558.97,559.63,Long,7,4.479999999999777,0.11807431525841602,0.040476080480633794,True,2024-08-29,278.13899999999904
2024-08-29 12:28:00+00:00,2024-08-29 13:28:00+00:00,560.0,560.24,Short,5,-1.3000000000000456,-0.04285714285714448,-0.0329769224216415,False,2024-08-29,276.838999999999
2024-08-29 13:28:00+00:00,2024-08-29 14:28:00+00:00,560.24,561.8,Short,9,-14.219999999999509,-0.2784520919605786,-0.052682667097994094,False,2024-08-29,262.61899999999946
2024-08-29 14:31:00+00:00,2024-08-29 15:31:00+00:00,562.03,562.25,Short,9,-2.1600000000002453,-0.03914381794566612,-0.057288383168409195,False,2024-08-29,260.4589999999992
2024-08-30 11:06:00+00:00,2024-08-30 12:18:00+00:00,561.16,561.48,Short,5,-1.7000000000002502,-0.057024734478589,-0.030368320275367473,False,2024-08-30,258.75899999999893
2024-08-30 12:19:00+00:00,2024-08-30 13:19:00+00:00,561.43,560.87,Short,5,2.699999999999727,0.09974529326896417,-0.036115453239439786,True,2024-08-30,261.45899999999864
2024-08-30 13:39:00+00:00,2024-08-30 14:39:00+00:00,561.47,561.67,Long,7,1.2599999999995226,0.035620781163718765,0.03735533523619687,True,2024-08-30,262.7189999999982
2024-08-30 14:42:00+00:00,2024-08-30 15:42:00+00:00,562.06,558.8,Long,5,-16.399999999999956,-0.5800092516813137,0.034079836222672015,False,2024-08-30,246.31899999999823
2024-09-03 09:45:00+00:00,2024-09-03 10:53:00+00:00,561.2,561.36,Long,7,0.9799999999997773,0.028510334996430534,0.040973189251435234,True,2024-09-03,247.29899999999802
2024-09-03 11:05:00+00:00,2024-09-03 12:11:00+00:00,561.0,560.98,Long,5,-0.19999999999990908,-0.003565062388588558,0.0348133902719225,False,2024-09-03,247.0989999999981
2024-09-03 12:11:00+00:00,2024-09-03 13:13:00+00:00,560.98,560.47,Long,5,-2.6499999999999546,-0.09091233199044367,0.03196326433706109,False,2024-09-03,244.44899999999816
2024-09-03 13:14:00+00:00,2024-09-03 14:14:00+00:00,560.55,556.54,Long,9,-36.26999999999991,-0.7153688341807138,0.04726500918352768,False,2024-09-03,208.17899999999827
2024-09-03 14:14:00+00:00,2024-09-03 15:14:00+00:00,556.54,556.4099,Short,11,1.2110999999996739,0.023376576706071506,-0.07746501816597748,True,2024-09-03,209.39009999999794
2024-09-03 15:16:00+00:00,2024-09-03 16:16:00+00:00,556.34,556.2,Long,7,-1.1199999999999044,-0.02516446777150418,0.03961083148686805,False,2024-09-03,208.27009999999805
2024-09-04 09:52:00+00:00,2024-09-04 11:33:00+00:00,550.2,550.06,Long,7,-1.1200000000007002,-0.025445292620883322,0.03820240281244977,False,2024-09-04,207.15009999999737
2024-09-04 11:39:00+00:00,2024-09-04 12:42:00+00:00,550.0,550.1,Long,5,0.40000000000011365,0.018181818181822317,0.03561774976706269,True,2024-09-04,207.55009999999749
2024-09-04 12:47:00+00:00,2024-09-04 13:47:00+00:00,550.65,551.6871,Long,5,5.085500000000048,0.18834105148461083,0.03328163351360265,True,2024-09-04,212.63559999999754
2024-09-04 13:47:00+00:00,2024-09-04 14:47:00+00:00,551.6871,553.11,Short,11,-15.871900000000297,-0.25791793935367113,-0.12304426443637077,False,2024-09-04,196.76369999999724
2024-09-04 14:48:00+00:00,2024-09-04 15:48:00+00:00,552.79,551.95,Short,5,4.099999999999591,0.15195643915409435,-0.03369620467705062,True,2024-09-04,200.86369999999684
2024-09-05 09:45:00+00:00,2024-09-05 11:28:00+00:00,551.11,551.48,Long,5,1.7500000000000226,0.06713723213151722,0.03269938096098405,True,2024-09-05,202.61369999999687
2024-09-05 11:46:00+00:00,2024-09-05 12:46:00+00:00,551.1,550.08,Long,5,-5.199999999999909,-0.18508437670113986,0.03179078373259489,False,2024-09-05,197.41369999999696
2024-09-05 12:54:00+00:00,2024-09-05 13:54:00+00:00,550.1,551.8,Long,5,8.39999999999966,0.3090347209598131,0.03130933321286513,True,2024-09-05,205.81369999999663
2024-09-05 14:00:00+00:00,2024-09-05 15:00:00+00:00,552.75,550.04,Short,11,29.5900000000004,0.4902758932609745,-0.3684374003162327,True,2024-09-05,235.40369999999703
2024-09-05 15:00:00+00:00,2024-09-05 16:00:00+00:00,550.04,547.61,Short,11,26.50999999999945,0.4417860519234874,-0.11927826275490862,True,2024-09-05,261.9136999999965
2024-09-06 09:45:00+00:00,2024-09-06 11:29:00+00:00,545.76,546.12,Long,7,2.3800000000000954,0.06596306068601833,0.03820240281244977,True,2024-09-06,264.2936999999966
2024-09-06 11:49:00+00:00,2024-09-06 12:50:00+00:00,546.56,550.05,Short,5,-17.550000000000047,-0.6385392271662781,-0.03085420963812504,False,2024-09-06,246.74369999999655
2024-09-06 12:52:00+00:00,2024-09-06 13:52:00+00:00,550.02,549.32,Long,9,-6.479999999999386,-0.12726809934182973,0.0521554416512177,False,2024-09-06,240.26369999999716
2024-09-06 13:52:00+00:00,2024-09-06 14:52:00+00:00,549.32,542.55,Short,9,60.75000000000087,1.2324328260394841,-0.04377795078709848,True,2024-09-06,301.01369999999804
2024-09-06 14:52:00+00:00,2024-09-06 15:52:00+00:00,542.55,540.52,Short,11,22.1099999999997,0.37415906368076174,-0.15100344698645263,True,2024-09-06,323.1236999999977
2024-09-09 10:42:00+00:00,2024-09-09 11:46:00+00:00,543.98,544.03,Long,7,0.20999999999968166,0.00919151439390318,0.03843692639064535,True,2024-09-09,323.3336999999974
2024-09-09 11:46:00+00:00,2024-09-09 12:48:00+00:00,544.03,543.65,Long,5,-1.9999999999999774,-0.06984908920463861,0.03632382452800804,False,2024-09-09,321.3336999999974
2024-09-09 12:49:00+00:00,2024-09-09 13:50:00+00:00,543.63,545.2,Long,5,7.7500000000002505,0.2887993672166823,0.0348133902719225,True,2024-09-09,329.08369999999763
2024-09-09 13:50:00+00:00,2024-09-09 14:50:00+00:00,545.2,544.04,Short,5,5.70000000000041,0.21276595744682353,-0.030071544508867128,True,2024-09-09,334.783699999998
2024-09-09 14:59:00+00:00,2024-09-09 15:59:00+00:00,543.31,545.99,Long,7,18.620000000000445,0.4932727172332672,0.04239885313573609,True,2024-09-09,353.4036999999985
2024-09-10 09:45:00+00:00,2024-09-10 11:18:00+00:00,546.04,546.27,Long,7,1.4700000000001274,0.04212145630357084,0.03866779412008017,True,2024-09-10,354.8736999999986
2024-09-10 11:20:00+00:00,2024-09-10 12:26:00+00:00,546.24,547.7814,Long,5,7.606999999999767,0.28218365553601954,0.0332951914715685,True,2024-09-10,362.48069999999836
2024-09-10 12:26:00+00:00,2024-09-10 13:27:00+00:00,547.7814,548.35,Long,11,6.034600000000664,0.10380053064964609,0.06630611318215916,True,2024-09-10,368.515299999999
2024-09-10 13:41:00+00:00,2024-09-10 14:41:00+00:00,548.17,546.78,Long,5,-7.049999999999931,-0.2535709725085259,0.031916613851734464,False,2024-09-10,361.46529999999905
2024-09-10 14:50:00+00:00,2024-09-10 15:50:00+00:00,546.1,545.171,Long,5,-4.744999999999868,-0.1701153634865361,0.03403602945784626,False,2024-09-10,356.72029999999916
2024-09-11 09:45:00+00:00,2024-09-11 11:46:00+00:00,547.0,548.23,Long,5,6.050000000000091,0.2248628884826359,0.03595213175460529,True,2024-09-11,362.7702999999992
2024-09-11 11:46:00+00:00,2024-09-11 12:47:00+00:00,548.23,547.5,Short,5,3.550000000000091,0.13315579227696736,-0.0348819776968611,True,2024-09-11,366.3202999999993
2024-09-11 12:47:00+00:00,2024-09-11 13:47:00+00:00,547.5,545.545,Short,11,21.28500000000045,0.3570776255707837,-0.11997995303901972,True,2024-09-11,387.6052999999997
2024-09-11 13:47:00+00:00,2024-09-11 14:47:00+00:00,545.545,540.1,Long,7,-38.254999999999555,-0.9980844843230049,0.0420130096403276,False,2024-09-11,349.3503000000002
2024-09-11 14:47:00+00:00,2024-09-11 15:47:00+00:00,540.1,544.7,Short,9,-41.5800000000002,-0.8516941307165382,-0.04563832002612301,False,2024-09-11,307.77029999999996
2024-09-12 10:21:00+00:00,2024-09-12 11:58:00+00:00,555.56,555.93,Long,5,1.7500000000000226,0.06659946720426319,0.03492497250079065,True,2024-09-12,309.52029999999996
2024-09-12 12:00:00+00:00,2024-09-12 13:00:00+00:00,556.08,555.14,Short,11,10.1200000000006,0.16904042583801873,-0.09953465325726149,True,2024-09-12,319.64030000000054
2024-09-12 13:00:00+00:00,2024-09-12 14:00:00+00:00,555.14,553.583,Long,9,-14.193000000000147,-0.2804697914039731,0.054549221537445756,False,2024-09-12,305.4473000000004
2024-09-12 14:00:00+00:00,2024-09-12 15:00:00+00:00,553.583,554.21,Short,9,-5.823000000000597,-0.11326214858477708,-0.05666397175078346,False,2024-09-12,299.6242999999998
2024-09-12 15:00:00+00:00,2024-09-12 16:00:00+00:00,554.21,554.49,Short,11,-3.2999999999997,-0.050522365168433024,-0.0617133474616276,False,2024-09-12,296.32430000000005
2024-09-13 09:47:00+00:00,2024-09-13 11:40:00+00:00,560.44,559.84,Short,5,2.9000000000001136,0.10705873956177694,-0.030368320275367473,True,2024-09-13,299.22430000000014
2024-09-13 11:40:00+00:00,2024-09-13 12:51:00+00:00,559.84,560.1019,Long,5,1.2094999999998437,0.04678122320662488,0.03638689449822222,True,2024-09-13,300.43379999999996
2024-09-13 12:51:00+00:00,2024-09-13 13:51:00+00:00,560.1019,561.165,Long,5,5.215499999999816,0.18980474802887887,0.033662320460810226,True,2024-09-13,305.64929999999976
2024-09-13 13:51:00+00:00,2024-09-13 14:51:00+00:00,561.165,561.781,Long,9,5.363999999999869,0.10977163579339153,0.05328806419120793,True,2024-09-13,311.0132999999996
2024-09-13 14:56:00+00:00,2024-09-13 15:56:00+00:00,562.03,562.685,Long,5,3.1749999999998635,0.11654182161094119,0.034079836222672015,True,2024-09-13,314.18829999999946
2024-09-16 10:09:00+00:00,2024-09-16 11:58:00+00:00,562.0,561.71,Long,5,-1.5499999999998182,-0.05160142348753801,0.030571530365800157,False,2024-09-16,312.6382999999996
2024-09-16 11:58:00+00:00,2024-09-16 13:02:00+00:00,561.71,561.58,Long,5,-0.7499999999999772,-0.023143615032667292,0.03502138149757683,False,2024-09-16,311.8882999999996
2024-09-16 13:03:00+00:00,2024-09-16 14:05:00+00:00,561.57,562.45,Long,5,4.299999999999978,0.1567035276100923,0.033538866483685065,True,2024-09-16,316.1882999999996
2024-09-16 14:05:00+00:00,2024-09-16 15:05:00+00:00,562.45,560.63,Long,7,-12.88000000000035,-0.3235843186061072,0.03894959541099734,False,2024-09-16,303.30829999999924
2024-09-16 15:20:00+00:00,2024-09-16 16:20:00+00:00,561.1,560.5399,Long,5,-2.90050000000017,-0.09982177864908823,0.03498259790776187,False,2024-09-16,300.40779999999904
2024-09-17 09:49:00+00:00,2024-09-17 11:23:00+00:00,564.8,564.21,Short,5,2.8499999999995906,0.1044617563739232,-0.03118392433572768,True,2024-09-17,303.2577999999986
2024-09-17 11:23:00+00:00,2024-09-17 12:27:00+00:00,564.21,565.0,Long,7,5.389999999999745,0.14001878733095185,0.04026323765266426,True,2024-09-17,308.64779999999837
2024-09-17 12:30:00+00:00,2024-09-17 13:30:00+00:00,565.2,565.11,Short,5,0.35000000000015913,0.015923566878986523,-0.034600694577326285,True,2024-09-17,308.9977999999985
2024-09-17 14:09:00+00:00,2024-09-17 15:09:00+00:00,565.83,565.5398,Long,9,-2.791800000000244,-0.05128748917519876,0.05113800040408159,False,2024-09-17,306.20599999999826
2024-09-18 10:07:00+00:00,2024-09-18 12:06:00+00:00,563.82,563.18,Short,5,3.1000000000005,0.11351140434892341,-0.030368320275367473,True,2024-09-18,309.30599999999873
2024-09-18 12:08:00+00:00,2024-09-18 13:15:00+00:00,563.31,563.93,Long,5,3.0000000000000226,0.11006373045037449,0.03482585033209374,True,2024-09-18,312.30599999999873
2024-09-18 13:30:00+00:00,2024-09-18 14:30:00+00:00,563.18,562.77,Short,5,1.9499999999998407,0.07280088071308785,-0.03159572172834772,True,2024-09-18,314.25599999999855
2024-09-18 14:34:00+00:00,2024-09-18 15:34:00+00:00,562.51,562.36,Long,5,-0.8499999999998863,-0.026666192601016384,0.030533087628781395,False,2024-09-18,313.40599999999864
2024-09-19 10:11:00+00:00,2024-09-19 11:15:00+00:00,570.17,570.235,Short,5,-0.4250000000002729,-0.011400108739508318,-0.0329769224216415,False,2024-09-19,312.98099999999835
2024-09-19 11:31:00+00:00,2024-09-19 12:31:00+00:00,570.3,570.37,Long,5,0.2500000000002501,0.01227424162722252,0.036058824300476015,True,2024-09-19,313.2309999999986
2024-09-19 12:31:00+00:00,2024-09-19 13:31:00+00:00,570.37,570.44,Long,5,0.2500000000002501,0.012272735242044641,0.03442096318605149,True,2024-09-19,313.4809999999988
2024-09-19 13:46:00+00:00,2024-09-19 14:46:00+00:00,568.56,570.24,Short,10,-17.000000000000636,-0.29548332629802726,-0.24478909992000017,False,2024-09-19,296.4809999999982
2024-09-19 15:08:00+00:00,2024-09-19 16:08:00+00:00,569.65,571.25,Short,7,-11.34000000000016,-0.28087422101290666,-0.04031787711151075,False,2024-09-19,285.14099999999803
2024-09-20 09:45:00+00:00,2024-09-20 11:26:00+00:00,568.1,567.94,Long,9,-1.6199999999997134,-0.02816405562400425,0.055470760883683586,False,2024-09-20,283.5209999999983
2024-09-20 11:28:00+00:00,2024-09-20 12:31:00+00:00,567.8,568.75,Long,10,9.300000000000455,0.1673124339556262,0.05884571105285364,True,2024-09-20,292.8209999999988
2024-09-20 12:33:00+00:00,2024-09-20 13:33:00+00:00,568.791,567.89,Short,5,4.405000000000337,0.1584061632480238,-0.03129350826826091,True,2024-09-20,297.2259999999991
2024-09-20 13:59:00+00:00,2024-09-20 14:59:00+00:00,567.149,566.395,Short,9,6.606000000000172,0.1329456633089398,-0.04860898697214605,True,2024-09-20,303.83199999999925
2024-09-23 10:03:00+00:00,2024-09-23 11:47:00+00:00,569.17,569.03,Short,5,0.5999999999999318,0.024597220514079515,-0.03293689094093513,True,2024-09-23,304.43199999999916
2024-09-23 11:57:00+00:00,2024-09-23 13:06:00+00:00,569.15,569.43,Short,5,-1.4999999999998637,-0.04919616972678077,-0.0329769224216415,False,2024-09-23,302.9319999999993
2024-09-23 13:08:00+00:00,2024-09-23 14:08:00+00:00,569.45,569.5101,Long,7,0.2806999999994423,0.010554043375172592,0.03826074980843236,True,2024-09-23,303.21269999999873
2024-09-23 14:11:00+00:00,2024-09-23 15:11:00+00:00,569.5285,569.17,Short,10,3.385000000000491,0.0629468059983037,-0.06636814532280927,True,2024-09-23,306.59769999999924
2024-09-23 15:16:00+00:00,2024-09-23 16:16:00+00:00,569.03,568.78,Long,5,-1.35,-0.043934414705727294,0.03327998822264059,False,2024-09-23,305.2476999999992
2024-09-24 09:47:00+00:00,2024-09-24 11:37:00+00:00,570.68,570.36,Long,9,-3.059999999999427,-0.05607345622764708,0.055359514293399345,False,2024-09-24,302.1876999999998
2024-09-24 11:37:00+00:00,2024-09-24 12:50:00+00:00,570.36,570.18,Long,7,-1.4000000000004456,-0.03155901535873197,0.037914891196678395,False,2024-09-24,300.78769999999935
2024-09-24 13:04:00+00:00,2024-09-24 14:04:00+00:00,570.44,568.2,Short,5,11.100000000000046,0.39267933524998405,-0.03337665986419493,True,2024-09-24,311.88769999999937
2024-09-24 14:04:00+00:00,2024-09-24 15:04:00+00:00,568.2,569.51,Short,10,-13.299999999999454,-0.23055262231607623,-0.06229424965103701,False,2024-09-24,298.5876999999999
2024-09-24 15:08:00+00:00,2024-09-24 16:08:00+00:00,569.495,570.681,Long,7,8.162000000000248,0.20825468177947754,0.03748972545661175,True,2024-09-24,306.7497000000002
2024-09-25 09:47:00+00:00,2024-09-25 11:48:00+00:00,570.41,570.87,Long,5,2.200000000000182,0.08064374747988927,0.033783298531591066,True,2024-09-25,308.94970000000035
2024-09-25 12:01:00+00:00,2024-09-25 13:10:00+00:00,571.12,571.15,Short,10,-0.4999999999997272,-0.005252836531722355,-0.2205067725451775,False,2024-09-25,308.44970000000063
2024-09-25 13:30:00+00:00,2024-09-25 14:30:00+00:00,571.78,571.14,Short,10,6.199999999999863,0.1119311623351615,-0.11249422846476077,True,2024-09-25,314.6497000000005
2024-09-25 14:39:00+00:00,2024-09-25 15:39:00+00:00,571.29,571.12,Long,5,-0.9499999999997953,-0.02975721612490313,0.035681951587546,False,2024-09-25,313.6997000000007
2024-09-26 10:03:00+00:00,2024-09-26 11:36:00+00:00,574.4,574.6,Long,5,0.9000000000002274,0.03481894150418619,0.03236399684105882,True,2024-09-26,314.5997000000009
2024-09-26 11:46:00+00:00,2024-09-26 12:47:00+00:00,574.43,574.6,Long,5,0.7500000000003638,0.02959455460196591,0.03482585033209374,True,2024-09-26,315.34970000000123
2024-09-26 12:50:00+00:00,2024-09-26 13:50:00+00:00,574.54,573.47,Long,5,-5.449999999999681,-0.18623594527795043,0.03170140315496946,False,2024-09-26,309.89970000000153
2024-09-26 14:31:00+00:00,2024-09-26 15:31:00+00:00,572.57,571.03,Short,9,13.680000000000696,0.26896274691305466,-0.051019556791548376,True,2024-09-26,323.5797000000022
2024-09-27 09:48:00+00:00,2024-09-27 11:59:00+00:00,572.42,572.64,Long,5,1.0000000000001366,0.038433318192940026,0.03155072539199481,True,2024-09-27,324.57970000000233
2024-09-27 11:59:00+00:00,2024-09-27 13:00:00+00:00,572.64,573.43,Short,5,-4.049999999999818,-0.13795753003631664,-0.030368320275367473,False,2024-09-27,320.5297000000025
2024-09-27 13:10:00+00:00,2024-09-27 14:10:00+00:00,573.66,573.27,Long,8,-3.279999999999891,-0.06798452044764954,0.04713072554948957,False,2024-09-27,317.2497000000026
2024-09-27 14:24:00+00:00,2024-09-27 15:24:00+00:00,573.74,573.0499,Long,5,-3.5505000000001474,-0.12028096350263698,0.03452816945830549,False,2024-09-27,313.6992000000024
2024-09-27 15:30:00+00:00,2024-09-27 16:30:00+00:00,572.995,572.2,Long,8,-6.519999999999673,-0.13874466618381645,0.044135619006061895,False,2024-09-27,307.1792000000027
2024-09-30 10:34:00+00:00,2024-09-30 11:46:00+00:00,571.01,569.93,Long,5,-5.500000000000204,-0.18913854398347507,0.0346216440550234,False,2024-09-30,301.6792000000025
2024-09-30 11:46:00+00:00,2024-09-30 12:52:00+00:00,569.93,570.37,Long,9,3.780000000000491,0.07720246346043455,0.055470760883683586,True,2024-09-30,305.45920000000297
2024-09-30 13:01:00+00:00,2024-09-30 14:03:00+00:00,570.07,570.91,Long,5,4.099999999999591,0.1473503253986209,0.03482585033209374,True,2024-09-30,309.55920000000253
2024-09-30 14:06:00+00:00,2024-09-30 15:06:00+00:00,571.02,571.53,Long,5,2.4499999999999544,0.08931385940947618,0.031916613851734464,True,2024-09-30,312.00920000000247
2024-09-30 15:14:00+00:00,2024-09-30 16:14:00+00:00,571.59,572.0644,Long,5,2.27199999999973,0.08299655347363424,0.03328163351360265,True,2024-09-30,314.2812000000022
2024-10-01 10:15:00+00:00,2024-10-01 11:32:00+00:00,573.6,573.73,Short,5,-0.7499999999999772,-0.022663877266386932,-0.03351378566098202,False,2024-10-01,313.5312000000022
2024-10-01 11:35:00+00:00,2024-10-01 12:48:00+00:00,573.6,573.39,Long,5,-1.1500000000001818,-0.03661087866109421,0.0351751034188444,False,2024-10-01,312.38120000000197
2024-10-01 12:48:00+00:00,2024-10-01 13:51:00+00:00,573.39,568.86,Long,5,-22.74999999999986,-0.7900381938994354,0.03636651794626523,False,2024-10-01,289.6312000000021
2024-10-01 13:51:00+00:00,2024-10-01 14:51:00+00:00,568.86,567.77,Short,10,10.700000000000319,0.1916112927609661,-0.2898759770548736,True,2024-10-01,300.3312000000024
2024-10-01 15:09:00+00:00,2024-10-01 16:09:00+00:00,566.2699,569.1199,Short,9,-25.830000000000204,-0.5032935707866554,-0.0580217183573325,False,2024-10-01,274.5012000000022
2024-10-02 09:45:00+00:00,2024-10-02 11:05:00+00:00,567.2,567.68,Long,5,2.2999999999995224,0.08462623413256425,0.0359667805037118,True,2024-10-02,276.8012000000017
2024-10-02 11:07:00+00:00,2024-10-02 12:15:00+00:00,567.33,567.76,Long,5,2.04999999999975,0.07579362980980205,0.03684825948533237,True,2024-10-02,278.8512000000014
2024-10-02 12:17:00+00:00,2024-10-02 13:19:00+00:00,567.4,567.57,Long,5,0.7500000000003638,0.029961226647880288,0.03150037368730291,True,2024-10-02,279.60120000000177
2024-10-02 13:19:00+00:00,2024-10-02 14:19:00+00:00,567.57,568.46,Long,5,4.349999999999932,0.1568088517715852,0.03401327138045707,True,2024-10-02,283.9512000000017
2024-10-02 14:28:00+00:00,2024-10-02 15:28:00+00:00,568.25,569.32,Long,5,5.2500000000002505,0.18829740431149145,0.03245353772122282,True,2024-10-02,289.2012000000019
2024-10-03 09:48:00+00:00,2024-10-03 11:41:00+00:00,567.0,567.93,Long,5,4.54999999999975,0.16402116402115519,0.031198810552453642,True,2024-10-03,293.75120000000163
2024-10-03 11:52:00+00:00,2024-10-03 12:56:00+00:00,568.12,567.64,Short,5,2.300000000000091,0.08448919242413894,-0.030368320275367473,True,2024-10-03,296.0512000000017
2024-10-03 12:56:00+00:00,2024-10-03 13:56:00+00:00,567.64,567.78,Long,7,0.8399999999999045,0.024663519131841727,0.039522044923599634,True,2024-10-03,296.8912000000016
2024-10-03 14:00:00+00:00,2024-10-03 15:00:00+00:00,568.58,566.6699,Short,9,17.01090000000051,0.33594217172606433,-0.04973966275614009,True,2024-10-03,313.9021000000021
2024-10-03 15:00:00+00:00,2024-10-03 16:00:00+00:00,566.6699,568.51,Short,10,-18.601000000000067,-0.3247216765880818,-0.08350622913566487,False,2024-10-03,295.30110000000207
2024-10-04 09:53:00+00:00,2024-10-04 11:34:00+00:00,568.7,569.66,Short,5,-4.899999999999613,-0.16880604888340472,-0.03351378566098202,False,2024-10-04,290.40110000000243
2024-10-04 12:01:00+00:00,2024-10-04 13:01:00+00:00,569.53,572.98,Short,10,-34.70000000000046,-0.6057626463926475,-0.2670167979162194,False,2024-10-04,255.701100000002
2024-10-04 13:06:00+00:00,2024-10-04 14:06:00+00:00,572.75,570.93,Long,5,-9.20000000000025,-0.3177651680488957,0.032007204069339004,False,2024-10-04,246.50110000000174
2024-10-04 14:07:00+00:00,2024-10-04 15:07:00+00:00,570.63,570.5766,Short,8,0.26720000000008437,0.009358077913886504,-0.05230790956416979,True,2024-10-04,246.76830000000183
2024-10-04 15:07:00+00:00,2024-10-04 16:07:00+00:00,570.5766,570.44,Long,8,-1.2527999999994426,-0.023940694378271093,0.045539858501767824,False,2024-10-04,245.5155000000024
2024-10-07 09:45:00+00:00,2024-10-07 11:21:00+00:00,569.94,570.235,Long,5,1.3749999999997953,0.051759834368522835,0.03636651794626523,True,2024-10-07,246.8905000000022
2024-10-07 11:53:00+00:00,2024-10-07 12:59:00+00:00,570.6,570.88,Short,5,-1.4999999999998637,-0.049071153172094754,-0.033114048218428595,False,2024-10-07,245.39050000000233
2024-10-07 13:08:00+00:00,2024-10-07 14:10:00+00:00,571.24,571.11,Short,5,0.5499999999999773,0.02275750997829204,-0.03656247557774044,True,2024-10-07,245.94050000000232
2024-10-07 14:10:00+00:00,2024-10-07 15:10:00+00:00,571.11,571.23,Long,5,0.5000000000000228,0.02101171403057284,0.03683356939769788,True,2024-10-07,246.44050000000234
2024-10-07 15:17:00+00:00,2024-10-07 16:17:00+00:00,571.46,571.03,Long,5,-2.2500000000003184,-0.07524586147762986,0.03126617045705743,False,2024-10-07,244.19050000000203
2024-10-08 09:45:00+00:00,2024-10-08 11:22:00+00:00,569.82,569.83,Short,5,-0.14999999999995453,-0.0017549401565390658,-0.03315547742823836,False,2024-10-08,244.04050000000208
2024-10-08 11:32:00+00:00,2024-10-08 12:43:00+00:00,570.13,569.66,Short,5,2.2500000000001363,0.08243733885254718,-0.03085420963812504,True,2024-10-08,246.29050000000223
2024-10-08 12:43:00+00:00,2024-10-08 13:45:00+00:00,569.66,569.7,Long,5,0.10000000000038653,0.007021732261362447,0.0348133902719225,True,2024-10-08,246.39050000000262
2024-10-08 13:55:00+00:00,2024-10-08 14:55:00+00:00,570.6201,571.9601,Short,8,-10.880000000000255,-0.23483224653320692,-0.04329367499793345,False,2024-10-08,235.51050000000237
2024-10-08 14:55:00+00:00,2024-10-08 15:55:00+00:00,571.9601,572.27,Short,5,-1.6494999999998528,-0.05418210116404457,-0.030046591167890723,False,2024-10-08,233.86100000000252
2024-10-09 10:12:00+00:00,2024-10-09 11:57:00+00:00,572.82,572.88,Short,5,-0.3999999999997272,-0.01047449460562575,-0.033114048218428595,False,2024-10-09,233.4610000000028
2024-10-09 11:58:00+00:00,2024-10-09 13:06:00+00:00,572.7,573.29,Long,7,3.989999999999427,0.1030207787672286,0.039122307481046205,True,2024-10-09,237.45100000000224
2024-10-09 13:06:00+00:00,2024-10-09 14:07:00+00:00,573.29,573.93,Short,5,-3.299999999999932,-0.11163634460743888,-0.0329769224216415,False,2024-10-09,234.1510000000023
2024-10-09 14:07:00+00:00,2024-10-09 15:07:00+00:00,573.93,575.32,Long,5,6.850000000000501,0.24218981408884363,0.03270473879355575,True,2024-10-09,241.00100000000282
2024-10-09 15:07:00+00:00,2024-10-09 16:07:00+00:00,575.32,576.6111,Long,8,10.168799999999319,0.22441423903217594,0.05601332708077387,True,2024-10-09,251.16980000000214
2024-10-10 09:45:00+00:00,2024-10-10 11:39:00+00:00,576.34,576.53,Long,5,0.8499999999997044,0.03296665162923637,0.0359667805037118,True,2024-10-10,252.01980000000185
2024-10-10 12:03:00+00:00,2024-10-10 13:03:00+00:00,576.83,575.71,Short,5,5.500000000000023,0.1941646585649159,-0.03045447219557161,True,2024-10-10,257.51980000000185
2024-10-10 13:06:00+00:00,2024-10-10 14:06:00+00:00,575.77,575.99,Long,5,1.0000000000001366,0.038209701790650315,0.03038581707781995,True,2024-10-10,258.51980000000196
2024-10-10 14:06:00+00:00,2024-10-10 15:06:00+00:00,575.99,575.63,Short,10,3.4000000000001362,0.06250108508828515,-0.06627549694307523,True,2024-10-10,261.9198000000021
2024-10-10 15:19:00+00:00,2024-10-10 16:19:00+00:00,576.28,577.495,Long,8,9.560000000000255,0.2108350107586645,0.04880013174979532,True,2024-10-10,271.47980000000234
2024-10-11 09:46:00+00:00,2024-10-11 11:48:00+00:00,575.48,576.0,Long,5,2.499999999999909,0.09035935219294881,0.03162733348594946,True,2024-10-11,273.97980000000223
2024-10-11 11:55:00+00:00,2024-10-11 12:58:00+00:00,575.91,576.13,Long,5,1.0000000000001366,0.038200413259020904,0.03234708091567257,True,2024-10-11,274.97980000000234
2024-10-11 12:58:00+00:00,2024-10-11 14:00:00+00:00,576.13,577.105,Long,5,4.775000000000114,0.1692326384670166,0.033996535840908476,True,2024-10-11,279.75480000000243
2024-10-11 14:03:00+00:00,2024-10-11 15:03:00+00:00,577.4,579.13,Long,7,11.970000000000127,0.2996189816418459,0.0395241684592111,True,2024-10-11,291.7248000000026
2024-10-11 15:13:00+00:00,2024-10-11 16:13:00+00:00,579.55,579.0,Long,5,-2.8499999999997727,-0.09490121646103952,0.03183517601690421,False,2024-10-11,288.8748000000028
2024-10-14 10:09:00+00:00,2024-10-14 11:37:00+00:00,580.54,580.37,Short,5,0.7499999999997954,0.029283081269156144,-0.03351378566098202,True,2024-10-14,289.62480000000255
2024-10-14 11:43:00+00:00,2024-10-14 12:49:00+00:00,580.5,580.74,Long,5,1.1000000000000456,0.04134366925064756,0.0337100117608752,True,2024-10-14,290.7248000000026
2024-10-14 13:01:00+00:00,2024-10-14 14:01:00+00:00,581.07,583.315,Short,5,-11.325000000000022,-0.38635620493228084,-0.0329769224216415,False,2024-10-14,279.39980000000253
2024-10-14 14:01:00+00:00,2024-10-14 15:01:00+00:00,583.315,582.57,Long,10,-7.650000000000046,-0.12771829971799192,0.05984522197986918,False,2024-10-14,271.7498000000025
2024-10-14 15:13:00+00:00,2024-10-14 16:13:00+00:00,583.08,583.6,Long,5,2.499999999999909,0.08918158743225317,0.03198604563215173,True,2024-10-14,274.2498000000024
2024-10-15 09:45:00+00:00,2024-10-15 11:15:00+00:00,584.0,584.2,Long,5,0.9000000000002274,0.03424657534247354,0.03636651794626523,True,2024-10-15,275.1498000000026
2024-10-15 11:49:00+00:00,2024-10-15 12:57:00+00:00,584.1,584.57,Long,5,2.2500000000001363,0.08046567368601734,0.03072745329160389,True,2024-10-15,277.3998000000027
2024-10-15 13:10:00+00:00,2024-10-15 14:12:00+00:00,584.8,583.99,Short,5,3.949999999999727,0.13850889192885524,-0.0329769224216415,True,2024-10-15,281.3498000000024
2024-10-15 14:34:00+00:00,2024-10-15 15:34:00+00:00,582.4999,582.6,Short,7,-0.8406999999999835,-0.017184552306360505,-0.04025919177238915,False,2024-10-15,280.50910000000243
2024-10-16 10:16:00+00:00,2024-10-16 11:53:00+00:00,579.85,580.22,Long,5,1.7500000000000226,0.06380960593256955,0.0359667805037118,True,2024-10-16,282.25910000000243
2024-10-16 12:17:00+00:00,2024-10-16 13:22:00+00:00,580.17,579.8809,Long,5,-1.545499999999811,-0.04983022217625216,0.030928134160575802,False,2024-10-16,280.7136000000026
2024-10-16 13:22:00+00:00,2024-10-16 14:22:00+00:00,579.8809,580.42,Long,10,5.1909999999996215,0.09296736622985206,0.05924544849540707,True,2024-10-16,285.90460000000223
2024-10-16 14:22:00+00:00,2024-10-16 15:22:00+00:00,580.42,580.25,Long,8,-1.5199999999996725,-0.02928913545362997,0.05778890584623707,False,2024-10-16,284.38460000000254
2024-10-16 15:25:00+00:00,2024-10-16 16:25:00+00:00,580.35,580.8701,Long,5,2.5004999999997835,0.0896183337641004,0.03001174535215449,True,2024-10-16,286.8851000000023
2024-10-17 09:48:00+00:00,2024-10-17 11:17:00+00:00,584.85,584.75,Short,5,0.40000000000011365,0.017098401299482386,-0.03337665986419493,True,2024-10-17,287.2851000000024
2024-10-17 11:38:00+00:00,2024-10-17 12:42:00+00:00,584.7,585.18,Long,7,3.2199999999993314,0.0820933812211227,0.04290810799672007,True,2024-10-17,290.50510000000173
2024-10-17 12:59:00+00:00,2024-10-17 13:59:00+00:00,585.46,584.06,Short,5,6.900000000000455,0.23912820688007566,-0.0329769224216415,True,2024-10-17,297.40510000000216
2024-10-17 14:15:00+00:00,2024-10-17 15:15:00+00:00,583.56,583.64,Short,5,-0.5000000000002046,-0.013708958804585806,-0.031053871542060366,False,2024-10-17,296.90510000000194
2024-10-17 15:23:00+00:00,2024-10-17 16:23:00+00:00,583.49,584.34,Long,5,4.150000000000114,0.14567516152805066,0.03562143218702038,True,2024-10-17,301.055100000002
2024-10-18 10:47:00+00:00,2024-10-18 11:59:00+00:00,583.56,583.82,Long,7,1.6800000000007322,0.044554116114899005,0.03836256676026938,True,2024-10-18,302.7351000000028
2024-10-18 11:59:00+00:00,2024-10-18 13:12:00+00:00,583.82,584.05,Long,5,1.0499999999995226,0.039395704155374,0.030339259892869112,True,2024-10-18,303.7851000000023
2024-10-18 13:15:00+00:00,2024-10-18 14:16:00+00:00,584.34,583.31,Short,5,5.050000000000432,0.17626724167438243,-0.0329769224216415,True,2024-10-18,308.8351000000027
2024-10-18 14:17:00+00:00,2024-10-18 15:17:00+00:00,583.4,584.0,Long,5,2.9000000000001136,0.10284538909839265,0.031710312810239276,True,2024-10-18,311.7351000000028
2024-10-18 15:28:00+00:00,2024-10-18 16:28:00+00:00,584.21,584.149,Short,5,0.20500000000017732,0.010441450848159988,-0.03174344687906284,True,2024-10-18,311.94010000000293
2024-10-21 09:57:00+00:00,2024-10-21 11:33:00+00:00,583.89,582.73,Long,5,-5.8999999999998405,-0.1986675572453661,0.03256346825737566,False,2024-10-21,306.04010000000306
2024-10-21 11:36:00+00:00,2024-10-21 12:48:00+00:00,582.65,583.35,Long,5,3.4000000000002273,0.12014073629109165,0.03256346825737566,True,2024-10-21,309.44010000000327
2024-10-21 13:16:00+00:00,2024-10-21 14:16:00+00:00,583.6,584.75,Short,7,-8.189999999999841,-0.1970527758738823,-0.04020985899470033,False,2024-10-21,301.25010000000344
2024-10-21 14:17:00+00:00,2024-10-21 15:17:00+00:00,584.77,581.17,Long,5,-18.100000000000115,-0.6156266566342361,0.03270473879355575,False,2024-10-21,283.1501000000033
2024-10-21 15:28:00+00:00,2024-10-21 16:28:00+00:00,580.78,582.1187,Long,5,6.593500000000086,0.23050036158270207,0.036706330652949024,True,2024-10-21,289.74360000000337
2024-10-22 09:45:00+00:00,2024-10-22 11:15:00+00:00,580.99,581.03,Long,5,0.0999999999998181,0.006884800082611339,0.03502138149757683,True,2024-10-22,289.84360000000316
2024-10-22 11:17:00+00:00,2024-10-22 12:21:00+00:00,581.09,581.62,Long,5,2.5499999999998635,0.0912079023903307,0.0339997050129754,True,2024-10-22,292.393600000003
2024-10-22 12:23:00+00:00,2024-10-22 13:23:00+00:00,581.67,581.18,Short,5,2.3500000000000454,0.08424020492719396,-0.030368320275367473,True,2024-10-22,294.743600000003
2024-10-22 13:44:00+00:00,2024-10-22 14:44:00+00:00,580.92,581.17,Long,5,1.1500000000000001,0.04303518556772017,0.030258244461464173,True,2024-10-22,295.893600000003
2024-10-22 14:44:00+00:00,2024-10-22 15:44:00+00:00,581.17,582.23,Long,5,5.200000000000296,0.18239069463325003,0.03198814371499386,True,2024-10-22,301.0936000000033
2024-10-23 09:45:00+00:00,2024-10-23 11:34:00+00:00,582.37,582.01,Long,8,-3.0400000000001093,-0.06181637103559827,0.04838706069879321,False,2024-10-23,298.05360000000314
2024-10-23 11:35:00+00:00,2024-10-23 12:47:00+00:00,582.04,581.61,Long,5,-2.24999999999975,-0.07387808398047385,0.0346216440550234,False,2024-10-23,295.80360000000337
2024-10-23 12:47:00+00:00,2024-10-23 13:50:00+00:00,581.61,581.27,Long,5,-1.8000000000001593,-0.058458417152392805,0.03419768472325099,False,2024-10-23,294.0036000000032
2024-10-23 13:53:00+00:00,2024-10-23 14:53:00+00:00,581.28,580.5801,Long,5,-3.5994999999997845,-0.1204066886870281,0.031775962769770995,False,2024-10-23,290.4041000000034
2024-10-23 14:59:00+00:00,2024-10-23 15:59:00+00:00,580.49,579.835,Long,5,-3.3749999999998637,-0.1128357077641256,0.03279662066486846,False,2024-10-23,287.0291000000035
2024-10-24 10:01:00+00:00,2024-10-24 11:23:00+00:00,580.4,580.75,Long,5,1.6500000000001136,0.06030323914542088,0.03227327060926419,True,2024-10-24,288.6791000000036
2024-10-24 11:27:00+00:00,2024-10-24 12:36:00+00:00,580.72,580.9,Long,5,0.7999999999997499,0.03099600495935218,0.032177192845683086,True,2024-10-24,289.4791000000033
2024-10-24 12:40:00+00:00,2024-10-24 13:43:00+00:00,580.73,579.0499,Long,5,-8.500500000000192,-0.28930828440067474,0.03196326433706109,False,2024-10-24,280.9786000000031
2024-10-24 13:43:00+00:00,2024-10-24 14:43:00+00:00,579.0499,579.52,Long,5,2.250500000000011,0.0811847130964019,0.031203863303435,True,2024-10-24,283.2291000000031
2024-10-24 14:44:00+00:00,2024-10-24 15:44:00+00:00,579.56,578.06,Long,5,-7.6,-0.25881703361170544,0.031283472417144534,False,2024-10-24,275.62910000000306
2024-10-25 10:05:00+00:00,2024-10-25 11:49:00+00:00,580.96,581.0,Short,5,-0.29999999999981813,-0.0068851556045104,-0.03351378566098202,False,2024-10-25,275.3291000000032
2024-10-25 12:02:00+00:00,2024-10-25 13:08:00+00:00,580.97,581.54,Short,8,-4.719999999999491,-0.09811177857719612,-0.047616648443336344,False,2024-10-25,270.6091000000037
2024-10-25 13:15:00+00:00,2024-10-25 14:15:00+00:00,581.7499,583.8401,Short,5,-10.550999999999908,-0.35929529167086777,-0.03045447219557161,False,2024-10-25,260.0581000000038
2024-10-25 14:16:00+00:00,2024-10-25 15:16:00+00:00,583.86,583.32,Long,5,-2.799999999999818,-0.09248792518753873,0.03399839838784176,False,2024-10-25,257.25810000000394
2024-10-25 15:22:00+00:00,2024-10-25 16:22:00+00:00,583.11,582.3999,Long,5,-3.6505000000000565,-0.12177805216854647,0.034927065826449874,False,2024-10-25,253.60760000000388
2024-10-28 10:01:00+00:00,2024-10-28 11:31:00+00:00,582.95,581.76,Short,5,5.850000000000273,0.20413414529548923,-0.03337665986419493,True,2024-10-28,259.45760000000416
2024-10-28 11:31:00+00:00,2024-10-28 12:31:00+00:00,581.76,581.46,Long,8,-2.5599999999996363,-0.051567656765668754,0.05157434446487151,False,2024-10-28,256.8976000000045
2024-10-28 12:42:00+00:00,2024-10-28 13:43:00+00:00,582.15,581.79,Short,7,2.3800000000000954,0.061839732027830226,-0.03803108897697246,True,2024-10-28,259.2776000000046
2024-10-28 13:49:00+00:00,2024-10-28 14:49:00+00:00,581.83,582.3,Short,5,-2.449999999999568,-0.080779609164174,-0.0326676019192206,False,2024-10-28,256.827600000005
2024-10-28 14:49:00+00:00,2024-10-28 15:49:00+00:00,582.3,581.15,Long,5,-5.849999999999886,-0.19749270135668512,0.030867605799337772,False,2024-10-28,250.97760000000514
2024-10-29 09:52:00+00:00,2024-10-29 11:34:00+00:00,580.86,580.2,Long,5,-3.399999999999841,-0.11362462555520576,0.03108913487326406,False,2024-10-29,247.5776000000053
2024-10-29 11:34:00+00:00,2024-10-29 12:42:00+00:00,580.2,579.78,Long,5,-2.200000000000364,-0.0723888314374479,0.033797947280697564,False,2024-10-29,245.37760000000495
2024-10-29 12:42:00+00:00,2024-10-29 13:43:00+00:00,579.78,579.2,Long,5,-2.9999999999996363,-0.10003794542756343,0.03202707092850289,False,2024-10-29,242.37760000000532
2024-10-29 13:55:00+00:00,2024-10-29 14:55:00+00:00,579.87,581.19,Long,5,6.5000000000002505,0.22763722903410247,0.03407833565279111,True,2024-10-29,248.87760000000557
2024-10-29 14:55:00+00:00,2024-10-29 15:55:00+00:00,581.19,581.18,Long,5,-0.15000000000052297,-0.0017206077186642217,0.0326558765883933,False,2024-10-29,248.72760000000505
2024-10-30 09:47:00+00:00,2024-10-30 11:09:00+00:00,582.75,582.28,Long,5,-2.4500000000001365,-0.08065208065208535,0.0359667805037118,False,2024-10-30,246.27760000000492
2024-10-30 11:09:00+00:00,2024-10-30 12:16:00+00:00,582.28,582.08,Long,5,-1.0999999999996588,-0.034347736484153985,0.030152026591328707,False,2024-10-30,245.17760000000527
2024-10-30 12:22:00+00:00,2024-10-30 13:23:00+00:00,581.67,581.07,Long,7,-4.339999999999364,-0.10315127133940363,0.04046463868738871,False,2024-10-30,240.83760000000592
2024-10-30 13:24:00+00:00,2024-10-30 14:24:00+00:00,581.06,582.54,Long,5,7.300000000000091,0.25470691494854547,0.030124506037099045,True,2024-10-30,248.13760000000602
2024-10-30 14:25:00+00:00,2024-10-30 15:25:00+00:00,582.57,582.235,Long,7,-2.485000000000255,-0.05750381928352581,0.04035102879231175,False,2024-10-30,245.65260000000578
2024-10-30 15:27:00+00:00,2024-10-30 16:27:00+00:00,582.4498,582.455,Long,5,-0.07399999999970533,0.0008927808027505436,0.032622404009168195,True,2024-10-30,245.57860000000608
2024-10-31 09:49:00+00:00,2024-10-31 11:23:00+00:00,575.32,576.12,Long,5,3.8999999999997725,0.13905304873808566,0.0324980170918364,True,2024-10-31,249.47860000000586
2024-10-31 11:23:00+00:00,2024-10-31 12:23:00+00:00,576.12,576.64,Short,5,-2.699999999999909,-0.09025897382489444,-0.03085420963812504,False,2024-10-31,246.77860000000595
2024-10-31 12:24:00+00:00,2024-10-31 13:24:00+00:00,576.79,576.1,Short,5,3.3499999999997043,0.11962759409836178,-0.03656247557774044,True,2024-10-31,250.12860000000566
2024-10-31 13:25:00+00:00,2024-10-31 14:25:00+00:00,575.9,572.78,Long,10,-31.400000000000045,-0.5417607223476306,0.06168873772743533,False,2024-10-31,218.72860000000563
2024-10-31 14:28:00+00:00,2024-10-31 15:28:00+00:00,571.97,571.01,Short,8,7.520000000000291,0.16784097068028678,-0.04561222874366634,True,2024-10-31,226.24860000000592
2024-11-01 10:04:00+00:00,2024-11-01 11:28:00+00:00,571.04,571.26,Short,5,-1.2000000000001363,-0.03852619781451865,-0.0329769224216415,False,2024-11-01,225.0486000000058
2024-11-01 11:36:00+00:00,2024-11-01 12:40:00+00:00,571.55,571.8,Short,5,-1.35,-0.04374070510016621,-0.03351378566098202,False,2024-11-01,223.6986000000058
2024-11-01 12:40:00+00:00,2024-11-01 13:40:00+00:00,571.8,572.84,Short,8,-8.480000000000619,-0.18188177684506424,-0.04939372624407517,False,2024-11-01,215.21860000000518
2024-11-01 13:40:00+00:00,2024-11-01 14:40:00+00:00,572.84,574.3,Long,8,11.519999999999381,0.2548704699392365,0.049015144632715384,True,2024-11-01,226.73860000000457
2024-11-01 14:43:00+00:00,2024-11-01 15:43:00+00:00,573.49,574.48,Short,8,-8.080000000000073,-0.172627247205707,-0.045500176822963645,False,2024-11-01,218.6586000000045
2024-11-04 10:46:00+00:00,2024-11-04 12:45:00+00:00,572.7,571.35,Short,5,6.650000000000114,0.23572551073861056,-0.03258582659920559,True,2024-11-04,225.30860000000462
2024-11-04 12:45:00+00:00,2024-11-04 13:58:00+00:00,571.35,571.62,Long,5,1.2499999999999092,0.04725649776843998,0.036047458586965106,True,2024-11-04,226.55860000000453
2024-11-04 13:58:00+00:00,2024-11-04 14:58:00+00:00,571.62,571.29,Long,7,-2.4500000000002866,-0.057730660228830506,0.04066297509521769,False,2024-11-04,224.10860000000426
2024-11-04 15:12:00+00:00,2024-11-04 16:12:00+00:00,571.4521,572.09,Long,7,4.325300000000411,0.11162790372107458,0.04002669810467484,True,2024-11-04,228.43390000000466
2024-11-05 10:42:00+00:00,2024-11-05 12:40:00+00:00,570.68,570.44,Long,5,-1.2999999999994771,-0.04205509217072535,0.03291097645781271,False,2024-11-05,227.13390000000518
2024-11-05 12:40:00+00:00,2024-11-05 13:57:00+00:00,570.44,570.77,Long,5,1.5499999999996361,0.05785008063949359,0.030878646269891948,True,2024-11-05,228.68390000000483
2024-11-05 13:57:00+00:00,2024-11-05 14:58:00+00:00,570.77,573.735,Long,5,14.72500000000016,0.5194736934316856,0.030720142934921466,True,2024-11-05,243.408900000005
2024-11-05 14:59:00+00:00,2024-11-05 15:59:00+00:00,573.98,574.005,Long,5,0.02499999999988631,0.004355552458269846,0.03594755652808851,True,2024-11-05,243.43390000000488
2024-11-06 09:50:00+00:00,2024-11-06 10:52:00+00:00,589.47,589.86,Short,10,-4.099999999999864,-0.06616112779276068,-0.06725819813473473,False,2024-11-06,239.33390000000503
2024-11-06 10:52:00+00:00,2024-11-06 11:53:00+00:00,589.86,587.61,Long,5,-11.35,-0.3814464449191334,0.03183517601690421,False,2024-11-06,227.98390000000504
2024-11-06 11:55:00+00:00,2024-11-06 12:55:00+00:00,587.77,590.03,Long,5,11.199999999999955,0.384504142776935,0.03447040859864603,True,2024-11-06,239.183900000005
2024-11-06 13:02:00+00:00,2024-11-06 14:02:00+00:00,587.44,588.1,Long,10,6.3999999999996815,0.11235189976848156,0.7084779823513301,True,2024-11-06,245.5839000000047
2024-11-06 14:04:00+00:00,2024-11-06 15:04:00+00:00,588.0896,586.685,Long,8,-11.396800000000585,-0.23884115617757448,0.044855709470653135,False,2024-11-06,234.1871000000041
2024-11-06 15:04:00+00:00,2024-11-06 16:04:00+00:00,586.685,586.6272,Short,10,0.37799999999929235,0.009851964853359,-0.07235597149589867,True,2024-11-06,234.5651000000034
2024-11-07 11:10:00+00:00,2024-11-07 12:41:00+00:00,592.12,592.55,Long,6,2.4599999999996998,0.07262041478077923,0.04070962145085916,True,2024-11-07,237.0251000000031
2024-11-07 12:47:00+00:00,2024-11-07 13:47:00+00:00,592.29,592.81,Long,5,2.499999999999909,0.08779483023518578,0.03153207788019956,True,2024-11-07,239.52510000000302
2024-11-07 13:48:00+00:00,2024-11-07 14:48:00+00:00,592.75,593.5201,Long,5,3.7504999999997835,0.12991986503584255,0.031074597064009297,True,2024-11-07,243.2756000000028
2024-11-07 14:51:00+00:00,2024-11-07 15:51:00+00:00,593.58,594.73,Long,5,5.649999999999887,0.1937396812561032,0.034079836222672015,True,2024-11-07,248.9256000000027
2024-11-08 10:22:00+00:00,2024-11-08 11:31:00+00:00,596.0,595.28,Long,6,-4.440000000000164,-0.12080536912752136,0.03891810120397587,False,2024-11-08,244.48560000000253
2024-11-08 11:36:00+00:00,2024-11-08 12:56:00+00:00,595.19,595.9,Long,5,3.4499999999996134,0.1192896386027861,0.0359667805037118,True,2024-11-08,247.93560000000215
2024-11-08 13:03:00+00:00,2024-11-08 14:07:00+00:00,595.98,595.65,Short,5,1.5500000000002045,0.0553709856035506,-0.0329769224216415,True,2024-11-08,249.48560000000236
2024-11-08 14:10:00+00:00,2024-11-08 15:10:00+00:00,595.65,596.68,Long,5,5.049999999999864,0.1729203391253207,0.03264455704890826,True,2024-11-08,254.53560000000223
2024-11-08 15:20:00+00:00,2024-11-08 16:20:00+00:00,597.32,597.92,Long,5,2.899999999999545,0.10044867072924211,0.03125267044478064,True,2024-11-08,257.4356000000018
2024-11-11 10:57:00+00:00,2024-11-11 12:45:00+00:00,599.65,600.78,Long,6,6.659999999999973,0.18844325856749697,0.042375706631899095,True,2024-11-11,264.09560000000175
2024-11-11 12:45:00+00:00,2024-11-11 13:48:00+00:00,600.78,600.0,Short,5,3.7999999999998635,0.12983121941475628,-0.03237010793310429,True,2024-11-11,267.8956000000016
2024-11-11 13:48:00+00:00,2024-11-11 14:49:00+00:00,600.0,599.285,Long,5,-3.6750000000001593,-0.11916666666667197,0.03419768472325099,False,2024-11-11,264.2206000000014
2024-11-11 15:12:00+00:00,2024-11-11 16:12:00+00:00,598.86,599.375,Long,8,3.9599999999998907,0.08599672711484928,0.043032492825385786,True,2024-11-11,268.1806000000013
2024-11-12 09:47:00+00:00,2024-11-12 11:06:00+00:00,597.81,597.74,Long,8,-0.7199999999994907,-0.011709405998550767,0.055470760883683586,False,2024-11-12,267.46060000000176
2024-11-12 11:48:00+00:00,2024-11-12 13:00:00+00:00,597.52,598.74,Long,5,6.000000000000137,0.2041772660329407,0.03196326433706109,True,2024-11-12,273.4606000000019
2024-11-12 13:00:00+00:00,2024-11-12 14:03:00+00:00,598.74,598.52,Short,10,2.000000000000273,0.03674382870695582,-0.4268407446786418,True,2024-11-12,275.46060000000216
2024-11-12 14:37:00+00:00,2024-11-12 15:37:00+00:00,599.09,598.315,Long,5,-3.9749999999998864,-0.1293628670149689,0.035531904571447136,False,2024-11-12,271.48560000000225
2024-11-13 09:48:00+00:00,2024-11-13 12:14:00+00:00,596.6,595.58,Short,5,4.999999999999909,0.17096882333221283,-0.03061714132789683,True,2024-11-13,276.48560000000214
2024-11-13 12:14:00+00:00,2024-11-13 13:24:00+00:00,595.58,596.0,Long,5,1.9999999999997953,0.07051949360286763,0.03636651794626523,True,2024-11-13,278.4856000000019
2024-11-13 13:30:00+00:00,2024-11-13 14:30:00+00:00,597.75,597.46,Short,5,1.349999999999818,0.048515265579249456,-0.03051996169562324,True,2024-11-13,279.8356000000017
2024-11-13 14:30:00+00:00,2024-11-13 15:30:00+00:00,597.46,596.39,Long,6,-6.5400000000003,-0.17909148729622903,0.0424370465643612,False,2024-11-13,273.2956000000014
2024-11-14 10:51:00+00:00,2024-11-14 12:20:00+00:00,597.63,597.94,Long,5,1.4500000000002955,0.05187155932601427,0.03473230148038989,True,2024-11-14,274.7456000000017
2024-11-14 12:37:00+00:00,2024-11-14 13:45:00+00:00,597.84,597.41,Long,5,-2.2500000000003184,-0.07192559882243806,0.03113234043764614,False,2024-11-14,272.49560000000133
2024-11-14 13:46:00+00:00,2024-11-14 14:46:00+00:00,597.04,596.02,Long,5,-5.199999999999909,-0.1708428246013637,0.032669483035076496,False,2024-11-14,267.2956000000014
2024-11-14 15:23:00+00:00,2024-11-14 16:23:00+00:00,595.45,596.365,Long,6,5.369999999999782,0.15366529515491872,0.040569748653926235,True,2024-11-14,272.6656000000012
2024-11-15 09:45:00+00:00,2024-11-15 11:25:00+00:00,590.1,590.65,Long,6,3.179999999999727,0.09320454160311041,0.04210493171162437,True,2024-11-15,275.8456000000009
2024-11-15 11:25:00+00:00,2024-11-15 12:39:00+00:00,590.65,590.95,Short,5,-1.6000000000003411,-0.05079150088886282,-0.0307680577179209,False,2024-11-15,274.24560000000054
2024-11-15 12:56:00+00:00,2024-11-15 13:58:00+00:00,591.33,590.35,Short,5,4.800000000000091,0.16572810444253092,-0.034040025351670535,True,2024-11-15,279.0456000000006
2024-11-15 13:58:00+00:00,2024-11-15 14:58:00+00:00,590.35,588.63,Long,10,-17.400000000000272,-0.29135258744812864,0.06402109876251194,False,2024-11-15,261.64560000000034
2024-11-15 15:01:00+00:00,2024-11-15 16:01:00+00:00,588.17,586.17,Short,6,11.879999999999999,0.3400377441896051,-0.038606144237479635,True,2024-11-15,273.52560000000034
2024-11-18 09:49:00+00:00,2024-11-18 11:58:00+00:00,585.97,586.04,Long,8,0.39999999999949065,0.011946004061630516,0.04441376214606495,True,2024-11-18,273.9255999999998
2024-11-18 11:58:00+00:00,2024-11-18 13:08:00+00:00,586.04,585.78,Long,5,-1.3999999999999546,-0.04436557231588133,0.03229720004967975,False,2024-11-18,272.5255999999998
2024-11-18 13:12:00+00:00,2024-11-18 14:12:00+00:00,585.81,586.43,Long,7,4.200000000000031,0.10583636332599385,0.037690110986106515,True,2024-11-18,276.7255999999999
2024-11-18 14:14:00+00:00,2024-11-18 15:14:00+00:00,586.6,586.766,Short,5,-0.9299999999996998,-0.02829867030343334,-0.03045447219557161,False,2024-11-18,275.79560000000015
2024-11-18 15:16:00+00:00,2024-11-18 16:16:00+00:00,586.99,588.4,Long,8,11.119999999999745,0.2402085214398828,0.05056110568403469,True,2024-11-18,286.91559999999987
2024-11-19 09:45:00+00:00,2024-11-19 11:25:00+00:00,584.85,585.9,Short,10,-10.699999999999545,-0.17953321364451647,-0.0945072506896446,False,2024-11-19,276.21560000000034
2024-11-19 11:25:00+00:00,2024-11-19 12:38:00+00:00,585.9,586.66,Long,5,3.6999999999999544,0.1297149684246443,0.03349246995548669,True,2024-11-19,279.91560000000027
2024-11-19 13:17:00+00:00,2024-11-19 14:17:00+00:00,586.28,584.3,Long,5,-10.00000000000009,-0.3377225898887935,0.03585578535110356,False,2024-11-19,269.91560000000015
2024-11-19 14:29:00+00:00,2024-11-19 15:29:00+00:00,584.756,586.46,Short,8,-13.792000000000517,-0.29140359397767013,-0.04416163703144074,False,2024-11-19,256.1235999999996
2024-11-19 15:29:00+00:00,2024-11-19 16:29:00+00:00,586.46,588.8999,Short,10,-24.59899999999966,-0.4160386045084005,-0.061182542290333354,False,2024-11-19,231.52459999999996
2024-11-20 09:48:00+00:00,2024-11-20 11:48:00+00:00,591.46,590.95,Long,5,-2.6499999999999546,-0.08622730193081374,0.03062851535183819,False,2024-11-20,228.87460000000002
2024-11-20 11:48:00+00:00,2024-11-20 13:09:00+00:00,590.95,591.68,Long,5,3.5499999999995224,0.1235299094677899,0.03344437693055081,True,2024-11-20,232.42459999999954
2024-11-20 13:34:00+00:00,2024-11-20 14:35:00+00:00,591.31,589.25,Long,5,-10.399999999999727,-0.3483790228475665,0.034068650549222666,False,2024-11-20,222.02459999999982
2024-11-20 14:36:00+00:00,2024-11-20 15:36:00+00:00,588.82,586.35,Short,10,24.500000000000274,0.41948303386434344,-0.07662051905606355,True,2024-11-20,246.5246000000001
2024-11-21 09:50:00+00:00,2024-11-21 11:39:00+00:00,588.23,590.29,Long,5,10.199999999999728,0.35020315182835715,0.03249975557697205,True,2024-11-21,256.72459999999984
2024-11-21 12:08:00+00:00,2024-11-21 13:09:00+00:00,591.59,591.6,Short,5,-0.14999999999995453,-0.0016903598776164075,-0.032400027701594614,False,2024-11-21,256.57459999999986
2024-11-21 13:09:00+00:00,2024-11-21 14:09:00+00:00,591.6,593.18,Long,5,7.799999999999637,0.26707234617983894,0.032686691613539064,True,2024-11-21,264.3745999999995
2024-11-21 14:23:00+00:00,2024-11-21 15:23:00+00:00,593.51,589.3199,Short,5,20.85050000000015,0.7059864197738925,-0.03656247557774044,True,2024-11-21,285.2250999999996
2024-11-21 15:24:00+00:00,2024-11-21 16:24:00+00:00,589.1299,592.28,Short,10,-31.70099999999952,-0.5347038064100892,-0.08391248134973152,False,2024-11-21,253.5241000000001
2024-11-22 09:51:00+00:00,2024-11-22 11:43:00+00:00,591.98,592.3,Long,8,2.3999999999994905,0.054055880266214454,0.04344438106915473,True,2024-11-22,255.92409999999958
2024-11-22 12:00:00+00:00,2024-11-22 13:18:00+00:00,593.05,593.56,Short,5,-2.6499999999999546,-0.08599612174352768,-0.03242558065401361,False,2024-11-22,253.27409999999963
2024-11-22 13:35:00+00:00,2024-11-22 14:36:00+00:00,593.27,594.459,Long,5,5.844999999999823,0.2004146510020673,0.03062851535183819,True,2024-11-22,259.11909999999943
2024-11-22 14:37:00+00:00,2024-11-22 15:37:00+00:00,594.14,594.23,Short,8,-0.8800000000002547,-0.015147944928810018,-0.05526109730083039,False,2024-11-22,258.23909999999915
2024-11-25 10:58:00+00:00,2024-11-25 12:26:00+00:00,598.79,598.03,Short,5,3.6999999999999544,0.12692262729838358,-0.0368034849355849,True,2024-11-25,261.9390999999991
2024-11-25 12:26:00+00:00,2024-11-25 13:35:00+00:00,598.03,598.62,Long,8,4.5600000000002545,0.09865725799709578,0.04463342591641262,True,2024-11-25,266.4990999999993
2024-11-25 13:39:00+00:00,2024-11-25 14:39:00+00:00,598.9,600.65,Short,5,-8.85,-0.2922023710135248,-0.03045447219557161,False,2024-11-25,257.6490999999993
2024-11-25 14:46:00+00:00,2024-11-25 15:46:00+00:00,600.33,598.41,Short,10,19.00000000000073,0.31982409674680135,-0.08503429767003733,True,2024-11-25,276.64910000000003
2024-11-26 10:04:00+00:00,2024-11-26 12:08:00+00:00,598.01,599.07,Short,5,-5.400000000000295,-0.17725456096052894,-0.03351378566098202,False,2024-11-26,271.2490999999997
2024-11-26 12:13:00+00:00,2024-11-26 13:17:00+00:00,599.1,598.71,Short,5,1.8499999999999317,0.06509764646970227,-0.0307680577179209,True,2024-11-26,273.0990999999996
2024-11-26 13:17:00+00:00,2024-11-26 14:22:00+00:00,598.71,599.06,Long,6,1.9799999999994542,0.058459020226805804,0.039522044923599634,True,2024-11-26,275.0790999999991
2024-11-26 14:25:00+00:00,2024-11-26 15:25:00+00:00,598.81,598.17,Long,5,-3.299999999999932,-0.1068786426412362,0.03659110077529256,False,2024-11-26,271.7790999999991
2024-11-27 09:45:00+00:00,2024-11-27 12:14:00+00:00,599.7,600.18,Long,5,2.2999999999995224,0.08004002000998907,0.030236842359281337,True,2024-11-27,274.0790999999986
2024-11-27 12:22:00+00:00,2024-11-27 13:31:00+00:00,600.43,600.81,Short,5,-1.9999999999999774,-0.06328797694985186,-0.0329769224216415,False,2024-11-27,272.0790999999986
2024-11-27 13:33:00+00:00,2024-11-27 14:35:00+00:00,600.84,600.32,Short,5,2.499999999999909,0.0865455029625161,-0.03085420963812504,True,2024-11-27,274.5790999999985
2024-11-29 12:08:00+00:00,2024-11-29 13:21:00+00:00,600.54,600.21,Long,5,-1.7499999999996363,-0.054950544509928936,0.03482585033209374,False,2024-11-29,272.82909999999885
2024-11-29 13:21:00+00:00,2024-11-29 14:25:00+00:00,600.21,600.15,Long,10,-0.8000000000005912,-0.009996501224581249,0.06138074298549557,False,2024-11-29,272.02909999999827
2024-11-29 14:27:00+00:00,2024-11-29 15:27:00+00:00,600.0,601.34,Long,5,6.6000000000001595,0.22333333333333863,0.0348133902719225,True,2024-11-29,278.6290999999984
2024-12-02 09:45:00+00:00,2024-12-02 12:04:00+00:00,601.4,601.92,Long,10,4.999999999999818,0.08646491519786861,0.07883203877066168,True,2024-12-02,283.62909999999823
2024-12-02 12:05:00+00:00,2024-12-02 13:20:00+00:00,602.04,602.7,Short,5,-3.4000000000004094,-0.10962726729122349,-0.03276984537565772,False,2024-12-02,280.2290999999978
2024-12-02 13:49:00+00:00,2024-12-02 14:50:00+00:00,602.34,603.0,Long,5,3.1999999999998407,0.1095726666002537,0.030246508261441554,True,2024-12-02,283.4290999999976
2024-12-02 14:52:00+00:00,2024-12-02 15:52:00+00:00,602.85,603.08,Long,5,1.050000000000091,0.0381521108070031,0.03001174535215449,True,2024-12-02,284.4790999999977
2024-12-03 10:34:00+00:00,2024-12-03 12:36:00+00:00,603.71,604.029,Long,5,1.4949999999997998,0.052839939706143674,0.03482585033209374,True,2024-12-03,285.97409999999746
2024-12-03 12:43:00+00:00,2024-12-03 14:02:00+00:00,604.11,603.81,Short,5,1.400000000000341,0.04965983016339213,-0.030024117432596593,True,2024-12-03,287.3740999999978
2024-12-03 14:02:00+00:00,2024-12-03 15:03:00+00:00,603.81,603.31,Long,5,-2.6,-0.08280750567231414,0.03305675455163293,False,2024-12-03,284.77409999999776
2024-12-03 15:25:00+00:00,2024-12-03 16:25:00+00:00,602.74,603.0,Long,8,1.9199999999999273,0.04313634402893302,0.044302749233667664,True,2024-12-03,286.69409999999766
2024-12-04 11:06:00+00:00,2024-12-04 12:35:00+00:00,605.72,605.74,Short,5,-0.19999999999990908,-0.00330185564286829,-0.03276984537565772,False,2024-12-04,286.49409999999773
2024-12-04 12:44:00+00:00,2024-12-04 13:51:00+00:00,605.69,605.93,Long,5,1.0999999999994772,0.03962423021676029,0.03232995481583028,True,2024-12-04,287.5940999999972
2024-12-04 13:52:00+00:00,2024-12-04 14:53:00+00:00,605.63,605.95,Long,5,1.50000000000025,0.05283754107294058,0.03474431532458343,True,2024-12-04,289.0940999999974
2024-12-04 15:25:00+00:00,2024-12-04 16:25:00+00:00,605.71,606.3794,Long,5,3.24699999999998,0.11051493288867544,0.03220924774256968,True,2024-12-04,292.34109999999737
2024-12-05 10:10:00+00:00,2024-12-05 13:03:00+00:00,607.48,607.49,Short,5,-0.14999999999995453,-0.0016461447290430802,-0.03112335329546741,False,2024-12-05,292.1910999999974
2024-12-05 13:15:00+00:00,2024-12-05 14:28:00+00:00,607.31,607.65,Long,6,1.9200000000001909,0.05598458777231264,0.04151273984656081,True,2024-12-05,294.1110999999976
2024-12-05 15:18:00+00:00,2024-12-05 16:18:00+00:00,607.66,607.27,Long,5,-2.049999999999932,-0.06418062732448843,0.030832445923643575,False,2024-12-05,292.0610999999976
2024-12-06 09:52:00+00:00,2024-12-06 12:49:00+00:00,606.57,606.42,Short,5,0.6500000000004548,0.024729215094727884,-0.0307680577179209,True,2024-12-06,292.71109999999805
2024-12-06 12:55:00+00:00,2024-12-06 13:57:00+00:00,606.37,607.5,Long,5,5.549999999999978,0.18635486584098743,0.03227327060926419,True,2024-12-06,298.261099999998
2024-12-06 14:33:00+00:00,2024-12-06 15:33:00+00:00,608.2012,608.65,Long,5,2.144000000000028,0.0737913703557319,0.03270473879355575,True,2024-12-06,300.405099999998
2024-12-09 10:15:00+00:00,2024-12-09 12:06:00+00:00,607.61,607.6,Long,6,-0.17999999999994543,-0.0016457925313919956,0.0423585805320568,False,2024-12-09,300.22509999999806
2024-12-09 12:19:00+00:00,2024-12-09 13:32:00+00:00,607.53,607.71,Long,5,0.8000000000003183,0.02962816651030627,0.03178952512680247,True,2024-12-09,301.02509999999836
2024-12-09 13:36:00+00:00,2024-12-09 14:44:00+00:00,607.58,607.32,Long,5,-1.3999999999999546,-0.04279271865433209,0.03721628269760834,False,2024-12-09,299.6250999999984
2024-12-09 14:44:00+00:00,2024-12-09 15:44:00+00:00,607.32,605.98,Long,6,-8.160000000000192,-0.22064150694856613,0.0396166212037738,False,2024-12-09,291.4650999999982
2024-12-10 09:47:00+00:00,2024-12-10 12:27:00+00:00,604.02,605.27,Long,8,9.84,0.20694678984139597,0.055870498326237014,True,2024-12-10,301.30509999999816
2024-12-10 13:00:00+00:00,2024-12-10 14:04:00+00:00,604.35,604.98,Long,10,6.099999999999954,0.10424422933730379,0.24282968273336297,True,2024-12-10,307.40509999999813
2024-12-10 14:04:00+00:00,2024-12-10 15:05:00+00:00,604.98,605.1699,Long,5,0.84949999999983,0.031389467420404965,0.03074433131273794,True,2024-12-10,308.25459999999794
2024-12-10 15:07:00+00:00,2024-12-10 16:07:00+00:00,605.2901,604.86,Long,5,-2.250500000000193,-0.07105683704392961,0.034079836222672015,False,2024-12-10,306.0040999999977
2024-12-11 10:20:00+00:00,2024-12-11 12:54:00+00:00,603.25,603.43,Long,5,0.7999999999997499,0.029838375466216326,0.03636651794626523,True,2024-12-11,306.80409999999745
2024-12-11 12:57:00+00:00,2024-12-11 13:57:00+00:00,603.39,605.26,Long,5,9.250000000000023,0.3099156432821234,0.035379731539659565,True,2024-12-11,316.05409999999745
2024-12-11 14:05:00+00:00,2024-12-11 15:05:00+00:00,605.63,606.6995,Short,5,-5.44749999999974,-0.17659296930468243,-0.03656247557774044,False,2024-12-11,310.6065999999977
2024-12-11 15:19:00+00:00,2024-12-11 16:19:00+00:00,606.8,606.97,Long,6,0.9000000000004367,0.028015820698759523,0.037700737794461356,True,2024-12-11,311.5065999999981
2024-12-12 09:51:00+00:00,2024-12-12 12:28:00+00:00,606.67,606.73,Long,5,0.20000000000029555,0.009890055549155079,0.03636651794626523,True,2024-12-12,311.7065999999984
2024-12-12 12:31:00+00:00,2024-12-12 13:38:00+00:00,606.62,605.95,Long,6,-4.1399999999997545,-0.11044805644389553,0.03836256676026938,False,2024-12-12,307.56659999999863
2024-12-12 13:38:00+00:00,2024-12-12 14:38:00+00:00,605.95,606.13,Long,5,0.7999999999997499,0.02970542123936793,0.03699356413605718,True,2024-12-12,308.36659999999836
2024-12-12 14:38:00+00:00,2024-12-12 15:38:00+00:00,606.13,606.84,Long,5,3.450000000000182,0.11713658786069595,0.03041531934396806,True,2024-12-12,311.8165999999985
2024-12-13 09:46:00+00:00,2024-12-13 12:05:00+00:00,606.47,606.73,Short,5,-1.3999999999999546,-0.042871040612065044,-0.033114048218428595,False,2024-12-13,310.41659999999854
2024-12-13 12:15:00+00:00,2024-12-13 13:31:00+00:00,606.81,607.05,Long,5,1.1000000000000456,0.03955109507094628,0.0361404290805491,True,2024-12-13,311.51659999999856
2024-12-13 13:31:00+00:00,2024-12-13 14:32:00+00:00,607.05,606.14,Long,6,-5.579999999999809,-0.14990527963099715,0.04135890912382119,False,2024-12-13,305.93659999999875
2024-12-13 14:38:00+00:00,2024-12-13 15:38:00+00:00,606.35,604.8313,Long,6,-9.232199999999803,-0.2504659025315358,0.038647471959977,False,2024-12-13,296.70439999999894
2024-12-16 09:58:00+00:00,2024-12-16 12:14:00+00:00,605.16,605.73,Short,5,-2.95000000000025,-0.09418996628991508,-0.03112335329546741,False,2024-12-16,293.75439999999867
2024-12-16 12:14:00+00:00,2024-12-16 13:37:00+00:00,605.73,606.1004,Short,5,-1.9520000000000892,-0.06114935697423238,-0.03337665986419493,False,2024-12-16,291.80239999999856
2024-12-16 13:44:00+00:00,2024-12-16 14:47:00+00:00,606.19,605.745,Short,5,2.12500000000025,0.07340932710867056,-0.03279976514414804,True,2024-12-16,293.9273999999988
2024-12-16 14:52:00+00:00,2024-12-16 15:52:00+00:00,605.99,606.69,Long,5,3.4000000000002273,0.11551345731778502,0.03301140792861982,True,2024-12-16,297.327399999999
2024-12-17 09:46:00+00:00,2024-12-17 12:14:00+00:00,605.08,604.98,Long,5,-0.6000000000001137,-0.01652674026575374,0.0359667805037118,False,2024-12-17,296.72739999999885
2024-12-17 12:14:00+00:00,2024-12-17 13:21:00+00:00,604.98,604.35,Long,5,-3.2499999999999774,-0.10413567390657467,0.0324980170918364,False,2024-12-17,293.47739999999885
2024-12-17 13:21:00+00:00,2024-12-17 14:23:00+00:00,604.35,604.54,Long,5,0.8499999999997044,0.031438735831875717,0.03636651794626523,True,2024-12-17,294.32739999999853
2024-12-17 14:27:00+00:00,2024-12-17 15:27:00+00:00,604.34,603.24,Long,5,-5.600000000000113,-0.1820167455405935,0.030246508261441554,False,2024-12-17,288.7273999999984
2024-12-18 09:50:00+00:00,2024-12-18 12:26:00+00:00,605.28,606.0,Short,5,-3.7000000000001365,-0.11895321173672141,-0.0307680577179209,False,2024-12-18,285.02739999999824
2024-12-18 12:44:00+00:00,2024-12-18 13:57:00+00:00,605.8,604.9,Long,5,-4.599999999999886,-0.14856388246945815,0.03721628269760834,False,2024-12-18,280.42739999999833
2024-12-18 14:12:00+00:00,2024-12-18 15:12:00+00:00,604.27,604.91,Short,5,-3.299999999999932,-0.10591291972131438,-0.03428352599346332,False,2024-12-18,277.1273999999984
2024-12-19 09:58:00+00:00,2024-12-19 11:30:00+00:00,588.83,588.91,Long,5,0.29999999999963617,0.01358626428679368,0.03350318269722283,True,2024-12-19,277.427399999998
2024-12-19 11:30:00+00:00,2024-12-19 12:34:00+00:00,588.91,590.32,Long,5,6.95000000000041,0.23942537909019748,0.031858365743384,True,2024-12-19,284.3773999999984
2024-12-19 12:53:00+00:00,2024-12-19 13:53:00+00:00,590.76,590.52,Long,5,-1.3000000000000456,-0.04062563477554491,0.0312527970298707,False,2024-12-19,283.0773999999983
2024-12-19 13:53:00+00:00,2024-12-19 14:53:00+00:00,590.52,590.57,Long,5,0.15000000000034105,0.008467113730283176,0.034713433987615644,True,2024-12-19,283.2273999999986
2024-12-19 14:53:00+00:00,2024-12-19 15:53:00+00:00,590.57,589.59,Short,10,9.600000000000183,0.16594137866806952,-0.05961469772082334,True,2024-12-19,292.8273999999988
2024-12-20 09:45:00+00:00,2024-12-20 10:57:00+00:00,579.57,580.01,Long,7,2.939999999999586,0.07591835326189086,0.03813211738243168,True,2024-12-20,295.7673999999984
2024-12-20 11:03:00+00:00,2024-12-20 12:08:00+00:00,579.77,578.78,Long,7,-7.070000000000064,-0.1707573693016212,0.03759625608403841,False,2024-12-20,288.69739999999837
2024-12-20 12:08:00+00:00,2024-12-20 13:08:00+00:00,578.78,579.2,Long,8,3.200000000000582,0.07256643284150675,0.04303792210876686,True,2024-12-20,291.8973999999989
2024-12-20 13:08:00+00:00,2024-12-20 14:08:00+00:00,579.2,581.44,Long,5,11.100000000000046,0.3867403314917142,0.034038827351706144,True,2024-12-20,302.99739999999895
2024-12-20 14:21:00+00:00,2024-12-20 15:21:00+00:00,581.68,584.59,Long,8,23.120000000000655,0.5002750653280296,0.04563786707152342,True,2024-12-20,326.1173999999996
2024-12-20 15:22:00+00:00,2024-12-20 16:22:00+00:00,584.69,592.11,Long,8,59.199999999999676,1.2690485556448645,0.04958118078089837,True,2024-12-20,385.3173999999992
2024-12-23 10:22:00+00:00,2024-12-23 11:52:00+00:00,592.55,590.6,Long,5,-9.849999999999659,-0.3290861530672402,0.03062851535183819,False,2024-12-23,375.46739999999954
2024-12-23 11:52:00+00:00,2024-12-23 12:59:00+00:00,590.6,591.78,Long,5,5.79999999999975,0.1997968167964697,0.034887345980669664,True,2024-12-23,381.26739999999927
2024-12-23 12:59:00+00:00,2024-12-23 13:59:00+00:00,591.78,589.88,Short,5,9.399999999999887,0.3210652607387842,-0.030840947375829028,True,2024-12-23,390.66739999999913
2024-12-23 14:00:00+00:00,2024-12-23 15:00:00+00:00,589.74,589.94,Long,5,0.9000000000002274,0.033913249906746275,0.03206117260015092,True,2024-12-23,391.56739999999934
2024-12-23 15:00:00+00:00,2024-12-23 16:00:00+00:00,589.94,589.35,Short,8,4.5600000000002545,0.10001017052582158,-0.04837522341108001,True,2024-12-23,396.12739999999957
2024-12-24 09:48:00+00:00,2024-12-24 12:43:00+00:00,595.65,595.419,Short,5,1.0549999999999728,0.038781163434902136,-0.03293689094093513,True,2024-12-24,397.1823999999995
2024-12-24 12:44:00+00:00,2024-12-24 13:54:00+00:00,595.38,595.8,Long,5,1.9999999999997953,0.07054318250528387,0.03585461802340568,True,2024-12-24,399.1823999999993
2024-12-24 14:01:00+00:00,2024-12-24 15:02:00+00:00,595.92,597.5618,Short,5,-8.308999999999946,-0.27550677943347923,-0.0329769224216415,False,2024-12-24,390.8733999999993
2024-12-24 15:02:00+00:00,2024-12-24 16:02:00+00:00,597.5618,599.25,Long,8,13.345600000000413,0.28251471228583414,0.04488217039778212,True,2024-12-24,404.2189999999997
2024-12-26 09:50:00+00:00,2024-12-26 11:53:00+00:00,599.6,599.09,Long,5,-2.6499999999999546,-0.08505670446964492,0.03473230148038989,False,2024-12-26,401.56899999999973
2024-12-26 11:54:00+00:00,2024-12-26 13:13:00+00:00,599.18,599.41,Long,5,1.050000000000091,0.03838579391835813,0.030977548455735516,True,2024-12-26,402.6189999999998
2024-12-26 13:31:00+00:00,2024-12-26 14:33:00+00:00,599.17,599.76,Long,5,2.850000000000159,0.09846954954354055,0.0346216440550234,True,2024-12-26,405.46899999999994
2024-12-26 14:34:00+00:00,2024-12-26 15:34:00+00:00,599.91,600.37,Long,5,2.200000000000182,0.07667816839193152,0.035531904571447136,True,2024-12-26,407.6690000000001
2024-12-27 09:45:00+00:00,2024-12-27 12:27:00+00:00,599.57,599.72,Long,5,0.6499999999998863,0.025017929516149447,0.03537253627131938,True,2024-12-27,408.31899999999996
2024-12-27 13:01:00+00:00,2024-12-27 14:06:00+00:00,599.36,598.48,Long,6,-5.399999999999973,-0.1468232781633735,0.039522044923599634,False,2024-12-27,402.919
2024-12-27 14:06:00+00:00,2024-12-27 15:07:00+00:00,598.48,594.48,Long,8,-32.16,-0.6683598449405159,0.045400242122959046,False,2024-12-27,370.759
2024-12-27 15:07:00+00:00,2024-12-27 16:07:00+00:00,594.48,593.13,Short,10,13.300000000000228,0.22708922083165503,-0.2541855950710916,True,2024-12-27,384.05900000000025
2024-12-30 09:47:00+00:00,2024-12-30 12:24:00+00:00,593.36,592.87,Long,8,-4.080000000000073,-0.08258055817716212,0.051905557735616205,False,2024-12-30,379.97900000000016
2024-12-30 12:24:00+00:00,2024-12-30 13:26:00+00:00,592.87,589.32,Long,5,-17.849999999999774,-0.5987821950849183,0.036337177271828336,False,2024-12-30,362.12900000000036
2024-12-30 13:27:00+00:00,2024-12-30 14:27:00+00:00,589.27,587.91,Long,5,-6.900000000000068,-0.23079403329543563,0.032481069563078536,False,2024-12-30,355.22900000000027
2024-12-30 14:33:00+00:00,2024-12-30 15:33:00+00:00,586.69,585.215,Short,10,14.550000000000228,0.2514104552659876,-0.08715784915887999,True,2024-12-30,369.7790000000005
