Date,Close,Actual_Price,Actual_Change,Predicted_Change,Predicted_Price,Predicted_Change_Pct,Price_Error,Abs_Price_Error,Confidence,Direction_Correct,Signal,Confidence_Score,YearMonth,MA50,Above_MA50,Cash,Shares_Held,Portfolio_Value,Daily_Return,Trade_Filter,Cumulative_Return
2025-01-06,585.0792846679688,585.0792846679688,7.22515869140625,13.372161919287556,571.7071227486812,2.2855298879494987,-13.372161919287578,13.372161919287578,0.5039261776384553,1,HOLD,0.5039261776384553,2025-01,,False,100015.0,0.0,100015.0,15.0,ACCEPTED,0.015
2025-01-07,588.4497680664062,588.4497680664062,3.3704833984375,11.095698344869014,577.3540697215373,1.8855812249409996,-11.095698344868993,11.095698344868993,0.5883772928466697,1,HOLD,0.5883772928466697,2025-01,,False,100030.00225,0.0,100030.00225,15.002250000005006,ACCEPTED,0.030002250000005004
2025-01-08,581.7979125976562,581.7979125976562,-6.65185546875,13.441892448393236,568.356020149263,2.3104057538427454,-13.44189244839322,13.44189244839322,0.5013393490973774,0,SELL,0.5013393490973774,2025-01,,False,100045.0067503375,0.0,100045.0067503375,15.00450033749803,ACCEPTED,0.04500675033750304
2025-01-10,582.6478881835938,582.6478881835938,0.8499755859375,11.859871996343148,570.7880161872506,2.035512740519206,-11.859871996343143,11.859871996343143,0.5600283582074638,1,HOLD,0.5600283582074638,2025-01,,False,100060.01350135005,0.0,100060.01350135005,15.006751012551831,ACCEPTED,0.06001350135005487
2025-01-13,573.7523193359375,573.7523193359375,-8.89556884765625,25.885620304864283,547.8666990310733,4.511636717185627,-25.885620304864233,25.885620304864233,0.0397081125444711,0,SELL,0.0397081125444711,2025-01,,False,100075.02250337525,0.0,100075.02250337525,15.009002025195514,ACCEPTED,0.07502250337525038
2025-01-14,574.6419067382812,574.6419067382812,0.88958740234375,23.16289919579242,551.4790075424888,4.030840585098832,-23.16289919579242,23.16289919579242,0.1407142681649438,1,SELL,0.1407142681649438,2025-01,,False,100090.03375675075,0.0,100090.03375675075,15.011253375501838,ACCEPTED,0.09003375675075222
2025-01-15,575.4325561523438,575.4325561523438,0.7906494140625,23.089330643842462,552.3432255085013,4.012517261489398,-23.08933064384246,23.08933064384246,0.1434434777715655,1,SELL,0.1434434777715655,2025-01,,False,100105.04726181427,0.0,100105.04726181427,15.013505063514458,ACCEPTED,0.10504726181426668
2025-01-16,585.8997192382812,585.8997192382812,10.4671630859375,13.29825716477032,572.6014620735109,2.269715572156131,-13.298257164770348,13.298257164770348,0.5066678595209617,1,HOLD,0.5066678595209617,2025-01,,False,100120.06301890354,0.0,100120.06301890354,15.015757089277031,ACCEPTED,0.1200630189035437
2025-01-17,584.7728881835938,584.7728881835938,-1.1268310546875,14.51146928967076,570.261418893923,2.481556444031786,-14.5114692896708,14.5114692896708,0.4616607185838886,0,SELL,0.4616607185838886,2025-01,,False,100135.08102835638,0.0,100135.08102835638,15.018009452833212,ACCEPTED,0.13508102835637692
2025-01-21,590.64404296875,590.64404296875,5.87115478515625,13.239941892824517,577.4041010759255,2.241611009276702,-13.239941892824504,13.239941892824504,0.5088312105206607,1,HOLD,0.5088312105206607,2025-01,,False,100150.10129051063,0.0,100150.10129051063,15.02026215425576,ACCEPTED,0.15010129051063267
2025-01-22,596.0504150390625,596.0504150390625,5.4063720703125,12.374491274161596,583.6759237649009,2.0760813115700336,-12.374491274161642,12.374491274161642,0.5409372677952142,1,HOLD,0.5409372677952142,2025-01,,False,100165.1238057042,0.0,100165.1238057042,15.022515193573781,ACCEPTED,0.16512380570420646
2025-01-23,599.4011840820312,599.4011840820312,3.35076904296875,6.600715478150048,592.8004686038812,1.1012182914284507,-6.60071547815005,6.60071547815005,0.7551299350597934,1,BUY,0.7551299350597934,2025-01,,False,100180.14857427507,0.0,100180.14857427507,15.024768570860033,Low_Conf(0.76),0.1801485742750665
2025-01-24,602.6727294921875,602.6727294921875,3.27154541015625,4.324831360440032,598.3478981317475,0.7176086039406724,-4.324831360440044,4.324831360440044,0.839559553870787,1,BUY,0.839559553870787,2025-01,,False,100195.17559656121,0.0,100195.17559656121,15.02702228614362,Low_Conf(0.84),0.1951755965612101
2025-01-27,600.913330078125,600.913330078125,-1.7593994140625,7.045898714513094,593.8674313636119,1.1725316051146768,-7.0458987145131005,7.0458987145131005,0.7386147484320154,0,BUY,0.7386147484320154,2025-01,,False,100210.2048729007,0.0,100210.2048729007,15.029276339482749,Low_Conf(0.74),0.21020487290069287
2025-01-28,592.4132080078125,592.4132080078125,-8.5001220703125,10.665885641816004,581.7473223659965,1.8004132078154724,-10.665885641815976,10.665885641815976,0.6043222710626093,0,HOLD,0.6043222710626093,2025-01,,False,100225.23640363163,0.0,100225.23640363163,15.031530730935629,ACCEPTED,0.22523640363162847
2025-01-29,597.50341796875,597.50341796875,5.0902099609375,7.44251669378681,590.0609012749632,1.245602363094107,-7.442516693786843,7.442516693786843,0.7239012115945763,1,BUY,0.7239012115945763,2025-01,,False,100240.27018909217,0.0,100240.27018909217,15.033785460545914,Low_Conf(0.72),0.2402701890921744
2025-01-30,594.8248291015625,594.8248291015625,-2.6785888671875,10.083986342899022,584.7408427586635,1.6952867213243457,-10.083986342899038,10.083986342899038,0.6259092822867904,0,HOLD,0.6259092822867904,2025-01,,False,100255.30622962053,0.0,100255.30622962053,15.036040528357262,ACCEPTED,0.2553062296205317
2025-01-31,598.0173950195312,598.0173950195312,3.19256591796875,8.22449033138778,589.7929046881435,1.3752928259083783,-8.224490331387756,8.224490331387756,0.694891941909386,1,BUY,0.694891941909386,2025-01,,False,100270.34452555497,0.0,100270.34452555497,15.03829593444243,Low_Conf(0.69),0.2703445255549741
2025-02-03,594.8347778320312,594.8347778320312,-3.1826171875,11.402692402433694,583.4320854295976,1.916951198447508,-11.402692402433672,11.402692402433672,0.5769885797501935,0,HOLD,0.5769885797501935,2025-02,,False,100285.3850772338,0.0,100285.3850772338,15.040551678830525,ACCEPTED,0.28538507723380463
2025-02-04,590.831787109375,590.831787109375,-4.00299072265625,11.359632557242085,579.4721545521329,1.922650880518584,-11.359632557242094,11.359632557242094,0.5785859925038987,0,HOLD,0.5785859925038987,2025-02,,False,100300.42788499538,0.0,100300.42788499538,15.042807761579752,ACCEPTED,0.30042788499538436
2025-02-05,594.7952270507812,594.7952270507812,3.96343994140625,7.944605228318004,586.8506218224633,1.3356874546069155,-7.944605228317982,7.944605228317982,0.7052749804741234,1,BUY,0.7052749804741234,2025-02,,False,100315.47294917813,0.0,100315.47294917813,15.04506418274832,Low_Conf(0.71),0.3154729491781327
2025-02-06,597.2069091796875,597.2069091796875,2.41168212890625,6.753806265725469,590.4531029139621,1.1308988831027382,-6.753806265725416,6.753806265725416,0.7494506490461151,1,BUY,0.7494506490461151,2025-02,,False,100330.52027012051,0.0,100330.52027012051,15.047320942379883,Low_Conf(0.75),0.3305202701205126
2025-02-07,599.2825317382812,599.2825317382812,2.07562255859375,8.385812490140113,590.8967192481412,1.399308680968256,-8.385812490140097,8.385812490140097,0.6889072925754245,1,HOLD,0.6889072925754245,2025-02,,False,100345.56984816103,0.0,100345.56984816103,15.0495780405181,ACCEPTED,0.3455698481610307
2025-02-10,593.7969970703125,593.7969970703125,-5.48553466796875,13.924150807265452,579.872846263047,2.344934527450409,-13.924150807265503,13.924150807265503,0.4834487679859929,0,HOLD,0.4834487679859929,2025-02,,False,100360.62168363825,0.0,100360.62168363825,15.051835477221175,ACCEPTED,0.36062168363825187
2025-02-11,597.82958984375,597.82958984375,4.0325927734375,8.4383257959262,589.3912640478238,1.4114934990306618,-8.438325795926175,8.438325795926175,0.6869591800351054,1,HOLD,0.6869591800351054,2025-02,,False,100375.6757768908,0.0,100375.6757768908,15.054093252547318,ACCEPTED,0.3756757768907992
2025-02-12,598.2843017578125,598.2843017578125,0.4547119140625,10.016334893768494,588.267966864044,1.6741764516200093,-10.016334893768544,10.016334893768544,0.6284189821514066,1,HOLD,0.6284189821514066,2025-02,,False,100390.73212825734,0.0,100390.73212825734,15.056351366540184,ACCEPTED,0.3907321282573394
2025-02-13,596.3568725585938,596.3568725585938,-1.92742919921875,14.03009049486345,582.3267820637303,2.352633320828369,-14.03009049486343,14.03009049486343,0.479518670064378,0,HOLD,0.479518670064378,2025-02,,False,100405.79073807658,0.0,100405.79073807658,15.05860981924343,ACCEPTED,0.40579073807658284
2025-02-14,602.6529541015625,602.6529541015625,6.29608154296875,11.059307230119945,591.5936468714425,1.8351037947880309,-11.059307230119998,11.059307230119998,0.5897273123500599,1,HOLD,0.5897273123500599,2025-02,,False,100420.8516066873,0.0,100420.8516066873,15.06086861071526,ACCEPTED,0.420851606687298
2025-02-18,602.6232299804688,602.6232299804688,-0.02972412109375,6.933548245281142,595.6896817351876,1.150561063752199,-6.933548245281145,6.933548245281145,0.7427826703471412,0,BUY,0.7427826703471412,2025-02,,False,100435.9147344283,0.0,100435.9147344283,15.063127740999334,Low_Conf(0.74),0.43591473442829737
2025-02-19,604.3925170898438,604.3925170898438,1.769287109375,7.328311603147122,597.0642054866967,1.2125086588485603,-7.328311603147085,7.328311603147085,0.728137935333697,1,BUY,0.728137935333697,2025-02,,False,100450.98012163847,0.0,100450.98012163847,15.06538721016841,Low_Conf(0.73),0.45098012163846574
2025-02-20,605.8157958984375,605.8157958984375,1.42327880859375,8.344967257424948,597.4708286410125,1.3774760106822876,-8.344967257424969,8.344967257424969,0.6904225487352391,1,BUY,0.6904225487352391,2025-02,,False,100466.04776865672,0.0,100466.04776865672,15.067647018251591,Low_Conf(0.69),0.4660477686567173
2025-02-21,603.29541015625,603.29541015625,-2.5203857421875,10.965802648581477,592.3296075076685,1.8176506010117657,-10.96580264858153,10.96580264858153,0.5931960988822661,0,HOLD,0.5931960988822661,2025-02,,False,100481.11767582201,0.0,100481.11767582201,15.069907165292534,ACCEPTED,0.4811176758220099
2025-02-24,592.9766235351562,592.9766235351562,-10.31878662109375,16.282083370559555,576.6945401645967,2.745822132665273,-16.282083370559576,16.282083370559576,0.3959753566853943,0,SELL,0.3959753566853943,2025-02,,False,100496.18984347339,0.0,100496.18984347339,15.07216765137855,ACCEPTED,0.49618984347338846
2025-02-25,590.2781982421875,590.2781982421875,-2.69842529296875,16.656979285428548,573.621218956759,2.821886245338557,-16.65697928542852,16.65697928542852,0.3820676542062223,0,SELL,0.3820676542062223,2025-02,,False,100511.26427194991,0.0,100511.26427194991,15.07442847652419,ACCEPTED,0.5112642719499126
2025-02-26,587.3427734375,587.3427734375,-2.9354248046875,20.25985670424648,567.0829167332536,3.4494093773680117,-20.25985670424643,20.25985670424643,0.2484098968861315,0,SELL,0.2484098968861315,2025-02,,False,100526.3409615907,0.0,100526.3409615907,15.076689640787663,ACCEPTED,0.5263409615907003
2025-02-27,587.63916015625,587.63916015625,0.29638671875,18.976438678871013,568.662721477379,3.229267204354673,-18.976438678870977,18.976438678870977,0.2960215014552771,1,SELL,0.2960215014552771,2025-02,,False,100541.41991273494,0.0,100541.41991273494,15.078951144241728,ACCEPTED,0.541419912734942
2025-02-28,578.2593994140625,578.2593994140625,-9.3797607421875,27.254278897404916,551.0051205166576,4.713157957314844,-27.2542788974049,27.2542788974049,0.0,0,SELL,0.0,2025-02,,False,100556.50112572186,0.0,100556.50112572186,15.081212986915489,ACCEPTED,0.5565011257218575
2025-03-03,587.283447265625,587.283447265625,9.0240478515625,18.497876213399888,568.7855710522251,3.14973566844519,-18.497876213399877,18.497876213399877,0.3137749741486187,1,BUY,0.3137749741486187,2025-03,,False,100571.58460089071,0.0,100571.58460089071,15.083475168852601,Low_Conf(0.31),0.5715846008907102
2025-03-04,576.9942626953125,576.9942626953125,-10.2891845703125,26.259988784485543,550.7342739108269,4.551169826510456,-26.259988784485586,26.259988784485586,0.0258199765961937,0,HOLD,0.0258199765961937,2025-03,,False,100586.67033858085,0.0,100586.67033858085,15.085737690140377,ACCEPTED,0.5866703385808505
2025-03-05,570.1644897460938,570.1644897460938,-6.82977294921875,29.09603968082812,541.0684500652657,5.103095721339153,-29.096039680828085,29.096039680828085,0.0,0,SELL,0.0,2025-03,,False,100601.75833913164,0.0,100601.75833913164,15.088000550793367,ACCEPTED,0.6017583391316439
2025-03-06,576.29248046875,576.29248046875,6.12799072265625,24.554144842207112,551.7383356265428,4.260708871688737,-24.554144842207165,24.554144842207165,0.0891025280569096,1,HOLD,0.0891025280569096,2025-03,,False,100616.84860288251,0.0,100616.84860288251,15.09026375086978,ACCEPTED,0.6168486028825136
2025-03-07,566.0626220703125,566.0626220703125,-10.2298583984375,30.117736367684728,535.9448857026277,5.320566169434113,-30.117736367684756,30.117736367684756,0.0,0,SELL,0.0,2025-03,,False,100631.94113017294,0.0,100631.94113017294,15.092527290427824,ACCEPTED,0.6319411301729414
2025-03-10,569.2353515625,569.2353515625,3.1727294921875,27.83449455249608,541.400857010004,4.889804274469759,-27.83449455249604,27.83449455249604,0.0,1,HOLD,0.0,2025-03,,False,100647.03592134247,0.0,100647.03592134247,15.094791169525706,ACCEPTED,0.6470359213424672
2025-03-11,554.073486328125,554.073486328125,-15.161865234375,30.595429529389214,523.4780567987358,5.5219082458081115,-30.595429529389207,30.595429529389207,0.0,0,SELL,0.0,2025-03,,False,100662.13297673067,0.0,100662.13297673067,15.097055388207082,ACCEPTED,0.6621329767306743
2025-03-12,549.4674682617188,549.4674682617188,-4.60601806640625,30.26907937264765,519.1983888890711,5.508802817463631,-30.26907937264764,30.26907937264764,0.0,0,SELL,0.0,2025-03,,False,100677.23229667719,0.0,100677.23229667719,15.099319946515607,ACCEPTED,0.6772322966771899
2025-03-13,552.38330078125,552.38330078125,2.91583251953125,28.05678260590027,524.3265181753497,5.079223533046498,-28.056782605900253,28.056782605900253,0.0,1,SELL,0.0,2025-03,,False,100692.33388152168,0.0,100692.33388152168,15.101584844494937,ACCEPTED,0.6923338815216848
2025-03-14,545.019775390625,545.019775390625,-7.363525390625,29.46924582704068,515.5505295635843,5.407004875358801,-29.46924582704071,29.46924582704071,0.0,0,SELL,0.0,2025-03,,False,100707.43773160392,0.0,100707.43773160392,15.103850082232384,ACCEPTED,0.7074377316039172
2025-03-17,556.2775268554688,556.2775268554688,11.25775146484375,24.070995929754172,532.2065309257146,4.327155919064885,-24.07099592975419,24.07099592975419,0.1070261464827879,1,HOLD,0.1070261464827879,2025-03,,False,100722.54384726366,0.0,100722.54384726366,15.1061156597425,ACCEPTED,0.7225438472636597
2025-03-18,560.5671997070312,560.5671997070312,4.2896728515625,24.5111271874165,536.0560725196148,4.3725582232115485,-24.51112718741649,24.51112718741649,0.0906983756520737,1,HOLD,0.0906983756520737,2025-03,,False,100737.65222884074,0.0,100737.65222884074,15.108381577083492,ACCEPTED,0.7376522288407431
2025-03-19,554.50830078125,554.50830078125,-6.05889892578125,27.54129996633906,526.967000814911,4.966796696737625,-27.54129996633901,27.54129996633901,0.0,0,HOLD,0.0,2025-03,584.8347912597657,False,100752.76287667507,0.0,100752.76287667507,15.11064783432812,ACCEPTED,0.7527628766750714
2025-03-20,560.54736328125,560.54736328125,6.0390625,22.76845846273772,537.7789048185123,4.061825985490156,-22.76845846273773,22.76845846273773,0.1553470346033535,1,HOLD,0.1553470346033535,2025-03,584.3441528320312,False,100767.87579110658,0.0,100767.87579110658,15.112914431505487,ACCEPTED,0.7678757911065768
2025-03-21,558.9264526367188,558.9264526367188,-1.62091064453125,20.490647362007195,538.4358052747116,3.6660722113514543,-20.490647362007167,20.490647362007167,0.2398481396735176,0,HOLD,0.2398481396735176,2025-03,583.7536865234375,False,100782.99097247524,0.0,100782.99097247524,15.11518136865925,ACCEPTED,0.782990972475236
2025-03-24,559.1107788085938,559.1107788085938,0.184326171875,20.756210925916733,538.354567882677,3.7123610763051342,-20.756210925916776,20.756210925916776,0.2299963944565697,1,HOLD,0.2299963944565697,2025-03,583.2999438476562,False,100798.10842112111,0.0,100798.10842112111,15.11744864587672,ACCEPTED,0.7981084211211128
2025-03-25,569.1236572265625,569.1236572265625,10.01287841796875,16.50249818757562,552.6211590389869,2.899633142645156,-16.50249818757561,16.50249818757561,0.3877985172601587,1,BUY,0.3877985172601587,2025-03,583.0294592285156,False,100813.22813738429,0.0,100813.22813738429,15.11971626317245,Low_Conf(0.39),0.8132281373842852
2025-03-26,570.4917602539062,570.4917602539062,1.36810302734375,14.942067936236809,555.5496923176695,2.6191557840531487,-14.942067936236754,14.942067936236754,0.4456865838257999,1,BUY,0.4456865838257999,2025-03,582.964248046875,False,100828.35012160489,0.0,100828.35012160489,15.121984220604645,Low_Conf(0.45),0.8283501216048897
2025-03-27,563.6810913085938,563.6810913085938,-6.8106689453125,19.313234903491473,544.3678564051023,3.4262697829113833,-19.31323490349143,19.31323490349143,0.2835272023649092,0,BUY,0.2835272023649092,2025-03,582.7450317382812,False,100843.47437412314,0.0,100843.47437412314,15.124252518246067,Low_Conf(0.28),0.8434743741231359
2025-03-28,562.18408203125,562.18408203125,-1.49700927734375,18.387231918426387,543.7968501128236,3.2706781472699715,-18.387231918426437,18.387231918426437,0.3178796012583761,0,BUY,0.3178796012583761,2025-03,582.4800622558594,False,100858.60089527925,0.0,100858.60089527925,15.126521156111266,Low_Conf(0.32),0.8586008952792472
2025-03-31,550.8626708984375,550.8626708984375,-11.3214111328125,20.14390680922999,530.7187640892075,3.656792858440742,-20.143906809229975,20.143906809229975,0.2527113485115616,0,BUY,0.2527113485115616,2025-03,581.7793212890625,False,100873.72968541353,0.0,100873.72968541353,15.128790134287556,Low_Conf(0.25),0.8737296854135348
2025-04-01,554.5604248046875,554.5604248046875,3.69775390625,18.29993443984568,536.2604903648419,3.299899095087933,-18.29993443984563,18.29993443984563,0.3211181197674619,1,BUY,0.3211181197674619,2025-04,581.1750720214844,False,100888.86074486635,0.0,100888.86074486635,15.13105945281859,Low_Conf(0.32),0.8888607448663534
2025-04-02,556.1268310546875,556.1268310546875,1.56640625,19.243418012356265,536.8834130423312,3.460257074067325,-19.2434180123563,19.2434180123563,0.2861172347216705,1,HOLD,0.2861172347216705,2025-04,580.4847277832031,False,100903.99407397809,0.0,100903.99407397809,15.133329111733474,ACCEPTED,0.9039940739780868
2025-04-03,559.6461791992188,559.6461791992188,3.51934814453125,17.496984836421785,542.149194362797,3.1264369322520356,-17.496984836421802,17.496984836421802,0.3509055454162358,1,BUY,0.3509055454162358,2025-04,579.7566430664062,False,100919.12967308918,0.0,100919.12967308918,15.135599111090414,Low_Conf(0.35),0.9191296730891773
2025-04-04,532.0663452148438,532.0663452148438,-27.579833984375,29.271871530064615,502.7944736847791,5.5015453981109985,-29.27187153006463,29.27187153006463,0.0,0,SELL,0.0,2025-04,578.4099462890625,False,100934.26754254014,0.0,100934.26754254014,15.137869450962171,ACCEPTED,0.9342675425401394
2025-04-07,500.9176330566406,500.9176330566406,-31.148712158203125,29.330609126081782,471.58702393055887,5.855375652700423,-29.33060912608175,29.33060912608175,0.0,0,SELL,0.0,2025-04,576.3748443603515,False,100949.40768267152,0.0,100949.40768267152,15.140140131377848,ACCEPTED,0.9494076826715172
2025-04-08,500.0254211425781,500.0254211425781,-0.8922119140625,28.30468768826046,471.72073345431767,5.66064973728398,-28.304687688260454,28.304687688260454,0.0,0,SELL,0.0,2025-04,574.3570861816406,False,100964.55009382391,0.0,100964.55009382391,15.142411152395653,ACCEPTED,0.9645500938239129
2025-04-09,492.193603515625,492.193603515625,-7.831817626953125,28.76679982395049,463.42680369167454,5.844610661023609,-28.766799823950464,28.766799823950464,0.0,0,SELL,0.0,2025-04,572.3526940917968,False,100979.69477633799,0.0,100979.69477633799,15.144682514073793,ACCEPTED,0.9796947763379866
2025-04-10,543.8834838867188,543.8834838867188,51.68988037109375,22.53129143357549,521.3521924531433,4.142668807032271,-22.53129143357546,22.53129143357546,0.1641453392757609,1,HOLD,0.1641453392757609,2025-04,571.2802954101562,False,100994.84173055444,0.0,100994.84173055444,15.146954216455924,ACCEPTED,0.9948417305544426
2025-04-11,520.051025390625,520.051025390625,-23.83245849609375,24.84653548086197,495.204489909763,4.777711083676652,-24.846535480861977,24.846535480861977,0.0782555653431983,0,SELL,0.0782555653431983,2025-04,569.7848193359375,False,101009.99095681403,0.0,101009.99095681403,15.149226259585703,ACCEPTED,1.0099909568140284
2025-04-14,529.3302001953125,529.3302001953125,9.2791748046875,22.693674705960422,506.6365254893521,4.287243519751358,-22.693674705960404,22.693674705960404,0.1581213252751986,1,HOLD,0.1581213252751986,2025-04,568.4110754394532,False,101025.14245545755,0.0,101025.14245545755,15.151498643521336,ACCEPTED,1.0251424554575497
2025-04-15,534.4654541015625,534.4654541015625,5.13525390625,24.043011708954054,510.4224423926085,4.498515577469905,-24.043011708954054,24.043011708954054,0.108064291209267,1,HOLD,0.108064291209267,2025-04,567.2036889648438,False,101040.29622682587,0.0,101040.29622682587,15.153771368321031,ACCEPTED,1.0402962268258706
2025-04-16,532.9684448242188,532.9684448242188,-1.49700927734375,24.2702130691562,508.6982317550626,4.553780492044119,-24.27021306915617,24.27021306915617,0.0996356879750631,0,HOLD,0.0996356879750631,2025-04,566.0464221191406,False,101055.4522712599,0.0,101055.4522712599,15.156044434028445,ACCEPTED,1.0554522712598993
2025-04-17,521.1216430664062,521.1216430664062,-11.8468017578125,25.422609320185064,495.6990337462212,4.878440505865821,-25.42260932018507,25.42260932018507,0.0568846641261476,0,SELL,0.0568846641261476,2025-04,564.5729504394532,False,101070.61058910059,0.0,101070.61058910059,15.158317840687232,ACCEPTED,1.0706105891005864
2025-04-21,521.8651733398438,521.8651733398438,0.7435302734375,22.8064884608083,499.05868487903547,4.370187861905183,-22.80648846080828,22.80648846080828,0.1539362166203577,1,HOLD,0.1539362166203577,2025-04,563.0661157226563,False,101085.77118068896,0.0,101085.77118068896,15.160591588370153,ACCEPTED,1.0857711806889565
2025-04-22,509.4433898925781,509.4433898925781,-12.421783447265623,21.24615355587273,488.1972363367054,4.170464074595751,-21.246153555872752,21.246153555872752,0.2118207460724767,0,HOLD,0.2118207460724767,2025-04,561.2693328857422,False,101100.93404636606,0.0,101100.93404636606,15.16286567710631,ACCEPTED,1.1009340463660628
2025-04-23,522.6979370117188,522.6979370117188,13.254547119140623,18.88193013123032,503.8160068804884,3.612398059035575,-18.88193013123032,18.88193013123032,0.2995275326233799,1,HOLD,0.2995275326233799,2025-04,559.8473516845703,False,101116.09918647302,0.0,101116.09918647302,15.165140106953913,ACCEPTED,1.1160991864730168
2025-04-24,530.79736328125,530.79736328125,8.09942626953125,19.93429428606848,510.8630689951815,3.7555375488001497,-19.934294286068507,19.934294286068507,0.2604874498037225,1,HOLD,0.2604874498037225,2025-04,558.5067071533203,False,101131.26660135099,0.0,101131.26660135099,15.167414877971169,ACCEPTED,1.131266601350988
2025-04-25,541.9700927734375,541.9700927734375,11.1727294921875,16.470650014955737,525.4994427584818,3.039033008384292,-16.47065001495571,16.47065001495571,0.3889800049524365,1,BUY,0.3889800049524365,2025-04,557.3804229736328,False,101146.43629134119,0.0,101146.43629134119,15.169689990201732,Low_Conf(0.39),1.1464362913411896
2025-04-28,545.8860473632812,545.8860473632812,3.91595458984375,13.003617155818564,532.8824302074627,2.38211202111286,-13.003617155818574,13.003617155818574,0.5175982682569287,1,BUY,0.5175982682569287,2025-04,556.3710064697266,False,101161.6082567849,0.0,101161.6082567849,15.171965443703812,Low_Conf(0.52),1.1616082567848935
2025-04-29,546.0941772460938,546.0941772460938,0.2081298828125,14.018106106325677,532.076071139768,2.56697593389803,-14.018106106325718,14.018106106325718,0.4799632609589882,1,BUY,0.4799632609589882,2025-04,555.2398309326172,False,101176.78249802341,0.0,101176.78249802341,15.174241238521063,Low_Conf(0.48),1.1767824980234145
2025-04-30,549.5342407226562,549.5342407226562,3.4400634765625,12.85954562896498,536.6746950936913,2.3400808677643523,-12.859545628964952,12.859545628964952,0.5229429622152523,1,BUY,0.5229429622152523,2025-04,554.1780511474609,False,101191.95901539811,0.0,101191.95901539811,15.176517374697141,Low_Conf(0.52),1.1919590153981117
2025-05-01,549.7523193359375,549.7523193359375,0.21807861328125,13.33689723415577,536.4154221017817,2.425982895400207,-13.3368972341558,13.3368972341558,0.505234409415283,1,SELL,0.505234409415283,2025-05,553.0852471923828,False,101207.13780925042,0.0,101207.13780925042,15.178793852304807,ACCEPTED,1.2071378092504164
2025-05-02,553.6483764648438,553.6483764648438,3.89605712890625,12.731359063881126,540.9170174009627,2.2995387695658778,-12.731359063881088,12.731359063881088,0.5276983637502,1,SELL,0.5276983637502,2025-05,552.041898803711,True,101222.3188799218,0.0,101222.3188799218,15.181070671387715,ACCEPTED,1.222318879921804
2025-05-05,561.8668823242188,561.8668823242188,8.218505859375,10.679710426742158,551.1871718974766,1.9007545670897104,-10.67971042674219,10.67971042674219,0.6038094060567061,1,SELL,0.6038094060567061,2025-05,551.2133282470703,True,101237.5022277538,0.0,101237.5022277538,15.183347831989522,ACCEPTED,1.2375022277537937
2025-05-06,558.6448974609375,558.6448974609375,-3.22198486328125,10.739624697282876,547.9052727636546,1.92244209981956,-10.73962469728292,10.73962469728292,0.6015867362011853,0,SELL,0.6015867362011853,2025-05,550.5266937255859,True,101252.68785308796,0.0,101252.68785308796,15.185625334168435,ACCEPTED,1.2526878530879622
2025-05-07,553.9755249023438,553.9755249023438,-4.66937255859375,11.57906136172345,542.3964635406203,2.09017561990029,-11.57906136172346,11.57906136172346,0.5704457316820275,0,SELL,0.5704457316820275,2025-05,549.800640258789,True,101267.87575626593,0.0,101267.87575626593,15.18790317796811,ACCEPTED,1.2678757562659302
2025-05-08,556.3052978515625,556.3052978515625,2.32977294921875,10.47860611448325,545.8266917370793,1.8836071047590903,-10.478606114483227,10.478606114483227,0.6112698739659227,1,HOLD,0.6112698739659227,2025-05,549.1798907470703,True,101283.06593762938,0.0,101283.06593762938,15.190181363446754,ACCEPTED,1.283065937629377
2025-05-09,560.1814575195312,560.1814575195312,3.87615966796875,8.903571517721371,551.2778860018099,1.5894084672395534,-8.903571517721389,8.903571517721389,0.669699725285652,1,HOLD,0.669699725285652,2025-05,548.630736694336,True,101298.25839752003,0.0,101298.25839752003,15.192459890648024,ACCEPTED,1.298258397520025
2025-05-12,559.4677734375,559.4677734375,-0.71368408203125,10.6010393094105,548.8667341280895,1.894843601853106,-10.601039309410451,10.601039309410451,0.6067279080999635,0,SELL,0.6067279080999635,2025-05,548.2549041748047,True,101313.45313627966,0.0,101313.45313627966,15.194738759630127,ACCEPTED,1.313453136279655
2025-05-13,577.9567260742188,577.9567260742188,18.48895263671875,7.181974045299171,570.7747520289196,1.2426490983300529,-7.181974045299171,7.181974045299171,0.7335666933845519,1,HOLD,0.7335666933845519,2025-05,548.0683697509766,True,101328.65015425009,0.0,101328.65015425009,15.197017970436718,ACCEPTED,1.328650154250092
2025-05-14,581.7734985351562,581.7734985351562,3.8167724609375,3.590154392387114,578.1833441427691,0.6171051794945526,-3.5901543923871486,3.5901543923871486,0.8668142351962735,1,HOLD,0.8668142351962735,2025-05,548.1639544677735,True,101343.84945177323,0.0,101343.84945177323,15.199297523140558,ACCEPTED,1.3438494517732325
2025-05-15,582.5170288085938,582.5170288085938,0.7435302734375,3.848088624086517,578.6689401845073,0.660596760914768,-3.848088624086472,3.848088624086472,0.857245519156991,1,HOLD,0.857245519156991,2025-05,548.4110052490234,True,101359.051029191,0.0,101359.051029191,15.20157741777075,ACCEPTED,1.3590510291910032
2025-05-16,585.3622436523438,585.3622436523438,2.84521484375,1.324014204201274,584.0382294481425,0.2261871548018098,-1.324014204201262,1.324014204201262,0.9508823785485472,1,HOLD,0.9508823785485472,2025-05,548.5924005126953,True,101374.25488684539,0.0,101374.25488684539,15.203857654385502,ACCEPTED,1.3742548868453888
2025-05-19,589.0699462890625,589.0699462890625,3.70770263671875,-6.228501102505973,595.2984473915685,-1.0573449115412157,6.228501102506016,6.228501102506016,0.768938159128433,0,BUY,0.768938159128433,2025-05,549.0525469970703,True,101389.46102507842,0.0,101389.46102507842,15.206138233028469,Low_Conf(0.77),1.3894610250784172
2025-05-20,589.7142944335938,589.7142944335938,0.64434814453125,-6.551499002850874,596.2657934364446,-1.1109615392897043,6.551499002850846,6.551499002850846,0.7569557434198928,0,BUY,0.7569557434198928,2025-05,549.4621258544922,True,101404.66944423218,0.0,101404.66944423218,15.208419153757859,Low_Conf(0.76),1.404669444232175
2025-05-21,587.7315673828125,587.7315673828125,-1.98272705078125,-5.251948090836058,592.9835154736486,-0.893596393711359,5.251948090836095,5.251948090836095,0.8051658378061067,1,BUY,0.8051658378061067,2025-05,550.135287475586,True,101419.8801446488,0.0,101419.8801446488,15.21070041663188,Low_Conf(0.81),1.419880144648807
2025-05-22,577.8277587890625,577.8277587890625,-9.90380859375,-0.2226464197819503,578.0504052088445,-0.0385316240688305,0.222646419781995,0.222646419781995,0.9917403736835508,1,HOLD,0.9917403736835508,2025-05,550.7024932861328,True,101435.0931266705,0.0,101435.0931266705,15.212982021694188,ACCEPTED,1.4350931266705012
2025-05-23,578.0558471679688,578.0558471679688,0.22808837890625,-1.9941575386819443,580.0500047066507,-0.3449766226657493,1.994157538681975,1.994157538681975,0.9260217339143796,0,HOLD,0.9260217339143796,2025-05,551.2159442138671,True,101450.3083906395,0.0,101450.3083906395,15.21526396900299,ACCEPTED,1.450308390639504
2025-05-27,574.1102294921875,574.1102294921875,-3.94561767578125,-0.0201097473755525,574.130339239563,-0.0035027676467879,0.0201097473754998,0.0201097473754998,0.9992539785782208,1,HOLD,0.9992539785782208,2025-05,551.7977532958985,True,101465.5259368981,0.0,101465.5259368981,15.217546258601942,ACCEPTED,1.465525936898106
2025-05-28,586.0462646484375,586.0462646484375,11.93603515625,-3.703886226175337,589.7501508746128,-0.6320125985953099,3.703886226175314,3.703886226175314,0.8625950681048173,0,BUY,0.8625950681048173,2025-05,552.3931280517578,True,-16918.356895014582,202.0,101462.98856396979,-2.537372928316472,ACCEPTED,1.4629885639697895
2025-05-29,582.6558227539062,582.6558227539062,-3.39044189453125,-2.1055024573935808,584.7613252112998,-0.3613629822563143,2.105502457393527,2.105502457393527,0.9218911154131104,1,BUY,0.9218911154131104,2025-05,552.8349005126953,True,-16920.894648548834,202.0,100775.58154774024,-687.4070162295538,ACCEPTED,0.7755815477402357
2025-05-30,584.9557495117188,584.9557495117188,2.2999267578125,-3.080165044535204,588.0359145562539,-0.5265637694998837,3.0801650445351925,3.0801650445351925,0.8857335667658146,0,BUY,0.8857335667658146,2025-05,553.4438494873046,True,-16923.432782746117,202.0,101237.62861862106,462.04707088082796,ACCEPTED,1.2376286186210637
2025-06-02,584.301513671875,584.301513671875,-0.65423583984375,-1.8928834642447647,586.1943971361197,-0.3239566251248405,1.8928834642447327,1.8928834642447327,0.9297787492358696,1,SELL,0.9297787492358696,2025-06,553.9189324951171,True,-16925.971297663527,202.0,101102.93446405523,-134.69415456583374,ACCEPTED,1.1029344640552299
2025-06-03,587.5928955078125,587.5928955078125,3.2913818359375,-4.370371347810699,591.9632668556231,-0.7437753895975401,4.3703713478106465,4.3703713478106465,0.8378701340341451,0,SELL,0.8378701340341451,2025-06,554.4922613525391,True,-16928.510193358175,202.0,101765.25469921995,662.3202351647196,ACCEPTED,1.7652546992199494
2025-06-04,590.943603515625,590.943603515625,3.3507080078125,-4.847725137664319,595.7913286532893,-0.8203363415433164,4.84772513766427,4.84772513766427,0.8201615001886411,0,HOLD,0.8201615001886411,2025-06,555.1289178466797,True,-16931.04946988718,202.0,102439.55844026907,674.3037410491233,ACCEPTED,2.439558440269073
2025-06-05,590.7849731445312,590.7849731445312,-0.15863037109375,-5.1413798813010825,595.9263530258323,-0.8702624668896718,5.141379881301077,5.141379881301077,0.809267642336053,1,HOLD,0.809267642336053,2025-06,555.5621441650391,True,-16933.589127307663,202.0,102404.97544788764,-34.58299238143081,ACCEPTED,2.404975447887642
2025-06-06,587.9298095703125,587.9298095703125,-2.85516357421875,-1.5587746815891337,589.4885842519017,-0.265129383850831,1.5587746815891703,1.5587746815891703,0.9421733509387884,1,SELL,0.9421733509387884,2025-06,555.9109051513672,True,-16936.12916567676,202.0,101825.69236752637,-579.2830803612742,ACCEPTED,1.8256923675263679
2025-06-09,593.96728515625,593.96728515625,6.0374755859375,-9.78288497848154,603.7501701347315,-1.647041044677745,9.782884978481547,9.782884978481547,0.6370793911791615,0,HOLD,0.6370793911791615,2025-06,556.5166290283203,True,-16938.66958505161,202.0,103042.72201651089,1217.0296489845205,ACCEPTED,3.042722016510888
2025-06-10,594.5026245117188,594.5026245117188,0.53533935546875,-9.455303934948851,603.9579284466676,-1.5904562141697447,9.455303934948802,9.455303934948802,0.6492318300577307,0,HOLD,0.6492318300577307,2025-06,557.1629998779297,True,-16941.21038548937,202.0,103148.31976587782,105.5977493669343,ACCEPTED,3.1483197658778224
2025-06-11,597.873291015625,597.873291015625,3.37066650390625,-15.30366008128978,613.1769510969148,-2.559682847730662,15.303660081289763,15.303660081289763,0.4322724179927023,0,BUY,0.4322724179927023,2025-06,558.1032122802734,True,-16943.75156704719,202.0,103826.65321810906,678.3334522312362,Low_Conf(0.43),3.8266532181090587
2025-06-12,596.1680908203125,596.1680908203125,-1.7052001953125,-8.343983532233612,604.5120743525462,-1.399602504849345,8.343983532233665,8.343983532233665,0.6904590424838752,1,HOLD,0.6904590424838752,2025-06,558.9353656005859,True,-16946.293129782247,202.0,103479.66121592087,-346.9920021881844,ACCEPTED,3.479661215920874
2025-06-13,598.5374755859375,598.5374755859375,2.369384765625,-10.03482288565028,608.5722984715878,-1.676557157231751,10.034822885650328,10.034822885650328,0.6277331238095809,0,HOLD,0.6277331238095809,2025-06,559.783578491211,True,-16948.835073751714,202.0,103955.73499460766,476.07377868678304,ACCEPTED,3.9557349946076577
2025-06-16,591.8458251953125,591.8458251953125,-6.691650390625,-4.600547080462152,596.4463722757747,-0.7773218775251046,4.600547080462206,4.600547080462206,0.8293311890078638,1,HOLD,0.8293311890078638,2025-06,560.4275714111328,True,-16951.377399012777,202.0,102601.47929044034,-1354.2557041673135,ACCEPTED,2.601479290440344
2025-06-17,597.4766845703125,597.4766845703125,5.630859375,-6.6358336724162434,604.1125182427287,-1.1106431169257325,6.635833672416197,6.635833672416197,0.7538271377283525,0,HOLD,0.7538271377283525,2025-06,561.7357781982422,True,-16953.92010562263,202.0,103736.3701775805,1134.8908871401509,ACCEPTED,3.7363701775804947
2025-06-18,592.3712158203125,592.3712158203125,-5.10546875,-4.447644117233019,596.8188599375455,-0.7508204312517017,4.44764411723304,4.44764411723304,0.835003507207219,1,HOLD,0.835003507207219,2025-06,563.5648498535156,True,-16956.463193638472,202.0,102702.52240206466,-1033.8477755158383,ACCEPTED,2.7025224020646563
2025-06-20,592.2819213867188,592.2819213867188,-0.08929443359375,-5.2203840591884605,597.5023054459072,-0.8814018916812277,5.2203840591884045,5.2203840591884045,0.8063367845776999,1,HOLD,0.8063367845776999,2025-06,565.4099798583984,True,-16959.006663117518,202.0,102681.94145699967,-20.580945064983098,ACCEPTED,2.6819414569996733
2025-06-23,590.8909912109375,590.8909912109375,-1.39093017578125,-0.6037682749499713,591.4947594858875,-0.1021792993852628,0.6037682749499709,0.6037682749499709,0.9776017043629228,1,SELL,0.9776017043629228,2025-06,567.3839276123047,True,-16961.550514116985,202.0,102398.42971049239,-283.51174650728353,ACCEPTED,2.39842971049239
2025-06-24,596.7274780273438,596.7274780273438,5.83648681640625,-3.5990036569000092,600.3264816842437,-0.6031235009987411,3.5990036568999813,3.5990036568999813,0.8664859495758581,0,SELL,0.8664859495758581,2025-06,568.4408074951172,True,-16964.094746694103,202.0,103574.85581482934,1176.426104336948,ACCEPTED,3.5748558148293377
2025-06-25,603.3196411132812,603.3196411132812,6.5921630859375,-14.411661009233784,617.731302122515,-2.388727305917064,14.41166100923374,14.41166100923374,0.4653633566074627,0,BUY,0.4653633566074627,2025-06,570.1061798095703,True,-16966.63936090611,202.0,104903.92814397671,1329.0723291473696,Low_Conf(0.47),4.9039281439767075
2025-06-26,603.65771484375,603.65771484375,0.33807373046875,-16.215265537502173,619.8729803812522,-2.686168856750106,16.215265537502205,16.215265537502205,0.3984541314748975,0,BUY,0.3984541314748975,2025-06,571.592730102539,True,-16969.184356810245,202.0,104969.67404162725,65.74589765054407,Low_Conf(0.40),4.969674041627251
2025-06-27,608.380615234375,608.380615234375,4.722900390625,-14.273836939471105,622.6544521738462,-2.346201799012316,14.273836939471153,14.273836939471153,0.4704762855050657,0,BUY,0.4704762855050657,2025-06,573.0710333251953,True,-16971.729734463766,202.0,105921.15454287999,951.4805012527358,Low_Conf(0.47),5.921154542879988
2025-06-30,611.4032592773438,611.4032592773438,3.02264404296875,-13.208539391136645,624.6117986684804,-2.160364569653857,13.208539391136696,13.208539391136696,0.5099961649340168,0,BUY,0.5099961649340168,2025-06,574.6397296142578,True,-16974.275493923935,202.0,106529.1828800995,608.0283372195117,Low_Conf(0.51),6.529182880099499
2025-07-01,614.3264770507812,614.3264770507812,2.9232177734375,-13.279366054169486,627.6058431049507,-2.161613824284476,13.279366054169486,13.279366054169486,0.5073686725608417,0,HOLD,0.5073686725608417,2025-07,576.5038262939453,True,-16976.821635248023,202.0,107117.12672900979,587.9438489102904,ACCEPTED,7.11712672900979
2025-07-02,614.127685546875,614.127685546875,-0.19879150390625,-14.09345036420919,628.2211359110842,-2.2948729874731346,14.09345036420916,14.09345036420916,0.477168177095449,1,HOLD,0.477168177095449,2025-07,578.3490765380859,True,-16979.36815849331,202.0,107074.42432197544,-42.702407034346834,ACCEPTED,7.074424321975442
2025-07-03,616.9117431640625,616.9117431640625,2.7840576171875,-14.45250022576321,631.3642433898257,-2.342717639258763,14.452500225763174,14.452500225763174,0.4638483236331173,0,BUY,0.4638483236331173,2025-07,580.4984436035156,True,-16981.915063717086,202.0,107634.25705542354,559.8327334481,Low_Conf(0.46),7.634257055423542
2025-07-07,621.7738647460938,621.7738647460938,4.86212158203125,-15.035465709620508,636.8093304557143,-2.418156593918652,15.035465709620553,15.035465709620553,0.4422217596094755,0,BUY,0.4422217596094755,2025-07,582.4799621582031,True,-16984.462350976642,202.0,108613.8583277343,979.601272310756,Low_Conf(0.44),8.613858327734299
2025-07-08,617.1403198242188,617.1403198242188,-4.633544921875,-7.697226314174911,624.8375461383937,-1.2472408732534808,7.697226314174941,7.697226314174941,0.7144521205843986,1,HOLD,0.7144521205843986,2025-07,584.2068212890625,True,-16987.01002032929,202.0,107675.33458416289,-938.523743571408,ACCEPTED,7.675334584162891
2025-07-09,616.8023681640625,616.8023681640625,-0.33795166015625,-5.444503098890695,622.2468712629532,-0.8826981509647055,5.444503098890664,5.444503098890664,0.7980225277387413,1,SELL,0.7980225277387413,2025-07,585.703466796875,True,-16989.55807183234,202.0,107604.52029730828,-70.81428685461287,ACCEPTED,7.6045202973082775
2025-07-10,620.5010986328125,620.5010986328125,3.69873046875,-8.464990384956868,628.9660890177694,-1.3642184362941971,8.464990384956877,8.464990384956877,0.685969990352689,0,HOLD,0.685969990352689,2025-07,587.1957678222657,True,-16992.106505543114,202.0,108349.11541828502,744.5951209767372,ACCEPTED,8.349115418285015
2025-07-11,622.2510375976562,622.2510375976562,1.74993896484375,-9.016595081414,631.2676326790703,-1.4490285329574777,9.01659508141404,9.01659508141404,0.6655068332464773,0,HOLD,0.6655068332464773,2025-07,588.7189050292968,True,-16994.655321518945,202.0,108700.05427320761,350.9388549225987,ACCEPTED,8.700054273207613
2025-07-14,620.0636596679688,620.0636596679688,-2.1873779296875,-6.684318038372573,626.7479777063413,-1.0780051264336128,6.684318038372567,6.684318038372567,0.7520284887970934,1,HOLD,0.7520284887970934,2025-07,590.1294934082031,True,-16997.204519817173,202.0,108255.65473311252,-444.3995400950953,ACCEPTED,8.25565473311252
2025-07-15,621.246826171875,621.246826171875,1.18316650390625,-7.696365236246978,628.943191408122,-1.2388578761314577,7.6963652362469475,7.6963652362469475,0.7144840644257661,0,HOLD,0.7144840644257661,2025-07,591.5593835449218,True,-16999.754100495145,202.0,108492.1047862236,236.45005311108252,ACCEPTED,8.492104786223601
2025-07-16,618.592041015625,618.592041015625,-2.65478515625,-4.931980900866695,623.5240219164917,-0.7972913606791974,4.9319809008667335,4.9319809008667335,0.8170358217261668,1,SELL,0.8170358217261668,2025-07,592.8582568359375,True,-17002.30406361022,202.0,107953.28822154603,-538.8165646775742,ACCEPTED,7.953288221546027
2025-07-17,620.66015625,620.66015625,2.068115234375,-5.516782748171025,626.1769389981711,-0.8888572421827705,5.516782748171067,5.516782748171067,0.7953411332032949,0,SELL,0.7953411332032949,2025-07,594.0341223144532,True,-17004.854409219763,202.0,108368.49715328024,415.2089317342179,ACCEPTED,8.368497153280245
2025-07-18,624.4583740234375,624.4583740234375,3.7982177734375,-7.879563501509288,632.3379375249468,-1.2618236585956244,7.879563501509324,7.879563501509324,0.7076878661560136,0,HOLD,0.7076878661560136,2025-07,595.3503918457031,True,-17007.405137381145,202.0,109133.18641535324,764.6892620729923,ACCEPTED,9.133186415353236
2025-07-21,624.0010375976562,624.0010375976562,-0.45733642578125,-6.277580030672788,630.278617628329,-1.006020767984756,6.277580030672766,6.277580030672766,0.7671174534235483,1,HOLD,0.7671174534235483,2025-07,596.7509020996093,True,-17009.956248151753,202.0,109038.25334657481,-94.93306877842406,ACCEPTED,9.038253346574814
2025-07-22,625.1842651367188,625.1842651367188,1.1832275390625,-5.727219006958432,630.9114841436772,-0.9160849570815688,5.727219006958421,5.727219006958421,0.7875344733759462,0,SELL,0.7875344733759462,2025-07,598.1284814453124,True,-17012.507741588975,202.0,109274.7138160282,236.46046945339185,ACCEPTED,9.274713816028205
2025-07-23,625.2737426757812,625.2737426757812,0.0894775390625,-4.429059911212123,629.7028025869934,-0.7083393414632304,4.429059911212107,4.429059911212107,0.8356929348533996,0,SELL,0.8356929348533996,2025-07,599.4303271484375,True,-17015.059617750212,202.0,109290.2364027576,15.52258672939206,ACCEPTED,9.290236402757596
2025-07-24,630.5932006835938,630.5932006835938,5.3194580078125,-15.175334730201484,645.7685354137952,-2.406517341726914,15.175334730201484,15.175334730201484,0.4370329681419217,0,BUY,0.4370329681419217,2025-07,600.8528356933593,True,-17017.611876692874,202.0,110362.21466139307,1071.9782586354704,Low_Conf(0.44),10.362214661393066
2025-07-25,630.802001953125,630.802001953125,0.20880126953125,-16.42415526342507,647.2261572165501,-2.6036942198299418,16.424155263425064,16.424155263425064,0.3907048441557585,0,BUY,0.3907048441557585,2025-07,601.9097412109375,True,-17020.16451847438,202.0,110401.83987605687,39.62521466379985,Low_Conf(0.39),10.401839876056867
2025-07-28,633.4667358398438,633.4667358398438,2.66473388671875,-18.610643957192355,652.0773797970361,-2.9379039031179044,18.610643957192337,18.610643957192337,0.3095915723890629,0,BUY,0.3095915723890629,2025-07,602.9436059570312,True,-17022.71754315215,202.0,110937.56309649629,535.723220439424,Low_Conf(0.31),10.93756309649629
2025-07-29,633.3076782226562,633.3076782226562,-0.1590576171875,-17.620697975096846,650.9283761977531,-2.782328176495251,17.620697975096846,17.620697975096846,0.346316096832731,1,BUY,0.346316096832731,2025-07,603.9594189453124,True,-17025.270950783623,202.0,110902.88005019294,-34.683046303354786,Low_Conf(0.35),10.902880050192937
2025-07-30,631.6372680664062,631.6372680664062,-1.67041015625,-8.850649557763987,640.4879176241702,-1.4012234561234735,8.850649557763973,8.850649557763973,0.6716629978754847,1,HOLD,0.6716629978754847,2025-07,604.8849194335937,True,-17027.82474142624,202.0,110562.90340798782,-339.97664220511797,ACCEPTED,10.562903407987818
2025-07-31,630.841796875,630.841796875,-0.79547119140625,-4.887440037837887,635.7292369128379,-0.7747489246985204,4.887440037837905,4.887440037837905,0.8186881765441356,1,SELL,0.8186881765441356,2025-07,605.7203564453125,True,-17030.378915137455,202.0,110399.66405361255,-163.2393543752696,ACCEPTED,10.399664053612549
2025-08-01,628.475341796875,628.475341796875,-2.366455078125,-1.8414050040032583,630.3167468008783,-0.2929955849562043,1.8414050040032637,1.8414050040032637,0.9316884715900716,1,HOLD,0.9316884715900716,2025-08,606.4955773925781,True,-17032.933471974724,202.0,109919.08557099402,-480.5784826185263,ACCEPTED,9.919085570994023
2025-08-04,618.1743774414062,618.1743774414062,-10.30096435546875,5.160128823069507,613.0142486183368,0.8347367686811981,-5.160128823069499,5.160128823069499,0.8085721034049187,0,SELL,0.8085721034049187,2025-08,607.10443359375,True,-17035.48841199552,202.0,107835.73583116854,-2083.349739825484,ACCEPTED,7.835735831168539
2025-08-05,627.570556640625,627.570556640625,9.39617919921875,-0.923313970328183,628.4938706109532,-0.1471251257023063,0.923313970328195,0.923313970328195,0.9657473568398935,0,SELL,0.9657473568398935,2025-08,608.0992895507812,True,-17038.04373525732,202.0,109731.20870614893,1895.4728749803908,ACCEPTED,9.731208706148928
2025-08-06,624.3887939453125,624.3887939453125,-3.1817626953125,0.3438607764963862,624.0449331688161,0.0550715803728059,-0.343860776496399,0.343860776496399,0.9872436236723444,0,SELL,0.9872436236723444,2025-08,609.0259484863282,True,-17040.59944181761,202.0,109085.93693513551,-645.2717710134166,ACCEPTED,9.085936935135512
2025-08-07,629.17138671875,629.17138671875,4.7825927734375,-2.017713927836027,631.189100646586,-0.3206938475633474,2.017713927835985,2.017713927835985,0.9251478506874788,0,HOLD,0.9251478506874788,2025-08,610.1271716308594,True,-17043.155531733883,202.0,110049.46458545362,963.5276503181085,ACCEPTED,10.049464585453622
2025-08-08,628.6444091796875,628.6444091796875,-0.5269775390625,-1.51402662683512,630.1584358065227,-0.2408399096097522,1.5140266268351752,1.5140266268351752,0.9438333920524876,1,HOLD,0.9438333920524876,2025-08,610.9791345214844,True,-17045.712005063644,202.0,109940.45864923323,-109.00593622039014,ACCEPTED,9.94045864923323
2025-08-11,633.5462646484375,633.5462646484375,4.90185546875,-5.657273196643362,639.2035378450809,-0.8929534451256929,5.657273196643359,5.657273196643359,0.790129288312424,0,BUY,0.790129288312424,2025-08,611.996943359375,True,-17048.268861864402,202.0,110928.07659711997,987.6179478867416,Low_Conf(0.79),10.928076597119972
2025-08-12,632.29345703125,632.29345703125,-1.2528076171875,-3.743159027424973,636.036616058675,-0.5919971155481961,3.743159027425008,3.743159027425008,0.861138145226649,1,BUY,0.861138145226649,2025-08,612.9436975097656,True,-17050.82610219368,202.0,110672.45221811882,-255.62437900115037,ACCEPTED,10.672452218118822
2025-08-13,639.0248413085938,639.0248413085938,6.73138427734375,-10.8095981767615,649.8344394853552,-1.6915771466138356,10.809598176761485,10.809598176761485,0.5989908948078202,0,BUY,0.5989908948078202,2025-08,614.0381640625,True,-17053.383726109012,202.0,112029.63421822693,1357.1820001081069,Low_Conf(0.60),12.02963421822693
2025-08-14,641.2123413085938,641.2123413085938,2.1875,-11.622394369041618,652.8347356776354,-1.8125656074121248,11.622394369041672,11.622394369041672,0.5688381852953988,0,BUY,0.5688381852953988,2025-08,615.1105529785157,True,-17055.94173366793,202.0,112468.951210668,439.31699244107585,Low_Conf(0.57),12.468951210668006
2025-08-15,641.27197265625,641.27197265625,0.05963134765625,-9.473483743920632,650.7454564001706,-1.4772957727561309,9.47348374392061,9.47348374392061,0.648557404532458,0,BUY,0.648557404532458,2025-08,616.1171203613281,True,-17058.500124927978,202.0,112478.43835163453,9.48714096652111,Low_Conf(0.65),12.478438351634527
2025-08-18,639.7705688476562,639.7705688476562,-1.50140380859375,-4.571639633906961,644.3422084815633,-0.7145748580059442,4.571639633907012,4.571639633907012,0.8304035831049368,1,BUY,0.8304035831049368,2025-08,617.0968322753906,True,-17061.058899946718,202.0,112172.59600727985,-305.84234435467806,Low_Conf(0.83),12.172596007279848
2025-08-19,639.6314086914062,639.6314086914062,-0.13916015625,-2.3113618413761796,641.9427705327824,-0.361358402662698,2.311361841376197,2.311361841376197,0.9142542462144224,1,HOLD,0.9142542462144224,2025-08,618.1308642578125,True,-17063.61805878171,202.0,112141.92649688236,-30.66951039749256,ACCEPTED,12.141926496882355
2025-08-20,636.1612548828125,636.1612548828125,-3.47015380859375,-1.1152559135304865,637.276510796343,-0.1753102542744336,1.1152559135305182,1.1152559135305182,0.958626789947973,1,HOLD,0.958626789947973,2025-08,618.9747436523437,True,-17066.177601490526,202.0,111438.3958848376,-703.5306120447494,ACCEPTED,11.438395884837606
2025-08-21,634.470947265625,634.470947265625,-1.6903076171875,-1.0081628417583717,635.4791101073833,-0.1588981884991336,1.0081628417583488,1.0081628417583488,0.9625996755429218,1,SELL,0.9625996755429218,2025-08,619.7741101074218,True,-17068.73752813075,202.0,111094.3938195255,-344.0020653121028,ACCEPTED,11.094393819525502
2025-08-22,631.9255981445312,631.9255981445312,-2.54534912109375,2.136183170130848,629.7894149744004,0.3380434621422425,-2.1361831701308347,2.1361831701308347,0.9207529375678049,0,SELL,0.9207529375678049,2025-08,620.45515625,True,-17071.29783875997,202.0,110577.67298643534,-516.7208330901631,ACCEPTED,10.57767298643534
2025-08-25,641.6299438476562,641.6299438476562,9.704345703125,-1.7719817383210166,643.4019255859772,-0.2761688034219522,1.7719817383209602,1.7719817383209602,0.9342639014252556,0,HOLD,0.9342639014252556,2025-08,621.3643933105469,True,-17073.85853343578,202.0,112535.39012379078,1957.7171373554447,ACCEPTED,12.535390123790785
2025-08-26,638.8060913085938,638.8060913085938,-2.8238525390625,-1.1244317865294238,639.9305230951231,-0.1760208303940912,1.1244317865293851,1.1244317865293851,0.958286387968134,1,HOLD,0.958286387968134,2025-08,622.169765625,True,-17076.419612215795,202.0,111962.41083212013,-572.9792916706501,ACCEPTED,11.962410832120135
2025-08-27,641.4807739257812,641.4807739257812,2.6746826171875,-3.177737618607775,644.6585115443891,-0.4953753483772276,3.1777376186078072,3.1777376186078072,0.8821138678667128,0,HOLD,0.8821138678667128,2025-08,623.1624645996094,True,-17078.98107515763,202.0,112500.13525785018,537.7244257300481,ACCEPTED,12.500135257850184
2025-08-28,642.9423828125,642.9423828125,1.46160888671875,-1.2465331777549853,644.1889159902549,-0.1938794534437324,1.2465331777549409,1.2465331777549409,0.953756731191128,0,HOLD,0.953756731191128,2025-08,624.0717785644531,True,-17081.542922318902,202.0,112792.8184058061,292.6831479559187,ACCEPTED,12.792818405806102
2025-08-29,645.2192993164062,645.2192993164062,2.27691650390625,-0.5530247089716203,645.7723240253779,-0.0857111232657696,0.553024708971634,0.553024708971634,0.9794841639746944,0,SELL,0.9794841639746944,2025-08,625.128740234375,True,-17084.10515375725,202.0,113250.19330815681,457.37490235071164,ACCEPTED,13.250193308156813
2025-09-02,641.3713989257812,641.3713989257812,-3.847900390625,3.0648993780295095,638.3064995477517,0.477866550202089,-3.0648993780295086,3.0648993780295086,0.8862998848810214,0,HOLD,0.8862998848810214,2025-09,626.1105297851562,True,-17086.66776953031,202.0,112470.3548134775,-779.8384946793085,ACCEPTED,12.470354813477504
2025-09-03,636.6187133789062,636.6187133789062,-4.752685546875,6.292691857671868,630.3260215212343,0.9884553698198548,-6.292691857671912,6.292691857671912,0.7665568423699595,0,SELL,0.7665568423699595,2025-09,627.0250842285157,True,-17089.23076969574,202.0,111507.74933284332,-962.6054806341854,ACCEPTED,11.507749332843318
2025-09-04,640.06884765625,640.06884765625,3.45013427734375,5.358315244547109,634.7105324117028,0.8371467013537269,-5.358315244547157,5.358315244547157,0.8012198819589033,1,SELL,0.8012198819589033,2025-09,627.8919116210938,True,-17091.794154311196,202.0,112202.1130722513,694.3637394079851,ACCEPTED,12.202113072251304
2025-09-05,645.418212890625,645.418212890625,5.349365234375,2.7013213273456755,642.7168915632793,0.4185381313067239,-2.7013213273456813,2.7013213273456813,0.8997877228550245,1,HOLD,0.8997877228550245,2025-09,628.7338830566406,True,-17094.35792343434,202.0,113280.1210804719,1078.0080082205968,ACCEPTED,13.280121080471902
2025-09-08,643.5488891601562,643.5488891601562,-1.86932373046875,7.641633012532287,635.9072561476239,1.1874207447556573,-7.641633012532338,7.641633012532338,0.7165144932814989,0,SELL,0.7165144932814989,2025-09,629.5317065429688,True,-17096.922077122857,202.0,112899.9535332287,-380.16754724319617,ACCEPTED,12.899953533228706
2025-09-09,645.1298828125,645.1298828125,1.58099365234375,5.5947241846033515,639.5351586278966,0.8672244665233401,-5.594724184603365,5.594724184603365,0.7924497004996907,1,SELL,0.7924497004996907,2025-09,630.2666918945313,True,-17099.486615434427,202.0,113216.74971269057,316.79617946186045,ACCEPTED,13.216749712690564
2025-09-10,646.6212768554688,646.6212768554688,1.49139404296875,4.630052537151792,641.991224318317,0.7160377647435023,-4.630052537151755,4.630052537151755,0.8282366102277943,1,SELL,0.8282366102277943,2025-09,630.9710522460938,True,-17102.051538426742,202.0,113515.44638637794,298.6966736873728,ACCEPTED,13.515446386377938
2025-09-11,648.4905395507812,648.4905395507812,1.8692626953125,4.605907726490142,643.8846318242911,0.7102505658264068,-4.605907726490159,4.605907726490159,0.8291323224235775,1,SELL,0.8291323224235775,2025-09,631.6543334960937,True,-17104.616846157507,202.0,113890.47214310031,375.02575672237435,ACCEPTED,13.890472143100313
2025-09-12,653.8796997070312,653.8796997070312,5.38916015625,4.180739381463666,649.6989603255676,0.6393743961369092,-4.180739381463695,4.180739381463695,0.8449050065518031,1,HOLD,0.8449050065518031,2025-09,632.4493737792968,True,-17107.182538684432,202.0,114976.51680213588,1086.0446590355714,ACCEPTED,14.976516802135883
2025-09-15,653.6608276367188,653.6608276367188,-0.2188720703125,4.383491153566652,649.2773364831521,0.6706063708016536,-4.383491153566638,4.383491153566638,0.8373834219954113,0,HOLD,0.8373834219954113,2025-09,633.18435546875,True,-17109.748616065233,202.0,114929.73856655195,-46.77823558392993,ACCEPTED,14.929738566551954
2025-09-16,657.1409301757812,657.1409301757812,3.4801025390625,2.9020945266056652,654.2388356491756,0.4416243751289959,-2.9020945266056515,2.9020945266056515,0.8923395384114162,1,HOLD,0.8923395384114162,2025-09,633.8916967773438,True,-17112.315078357642,202.0,115630.15281715017,700.4142505982163,ACCEPTED,15.63015281715017
2025-09-17,656.2361450195312,656.2361450195312,-0.90478515625,3.1385833614372034,653.097561658094,0.4782704191558652,-3.138583361437213,3.138583361437213,0.8835663930555028,0,HOLD,0.8835663930555028,2025-09,634.67361328125,True,-17114.881925619396,202.0,115444.81936832592,-185.33344882425445,ACCEPTED,15.444819368325916
2025-09-18,655.4208374023438,655.4208374023438,-0.8153076171875,1.8932831268200447,653.5275542755237,0.2888652631679779,-1.8932831268200516,1.8932831268200516,0.92976392275212,0,HOLD,0.92976392275212,2025-09,635.4459826660157,True,-17117.44915790824,202.0,115277.5599973652,-167.2593709607172,ACCEPTED,15.277559997365199
2025-09-19,658.4832153320312,658.4832153320312,3.0623779296875,0.0368379175922974,658.446377414439,0.0055943593905764,-0.0368379175922655,0.0368379175922655,0.9986334052266091,1,HOLD,0.9986334052266091,2025-09,636.205625,True,-17120.016775281925,202.0,115893.59272178839,616.0327244231885,ACCEPTED,15.893592721788389
2025-09-22,661.74462890625,661.74462890625,3.26141357421875,-10.318948476544616,672.0635773827946,-1.559355078347982,10.31894847654462,10.31894847654462,0.6171927737333255,0,BUY,0.6171927737333255,2025-09,636.9954968261719,True,-17122.584777798216,202.0,116549.83026126429,656.2375394759001,Low_Conf(0.62),16.549830261264287
2025-09-23,664.8753662109375,664.8753662109375,3.1307373046875,-13.292689872438723,678.1680560833762,-1.999275435363551,13.2926898724387,13.2926898724387,0.5068743921672036,0,BUY,0.5068743921672036,2025-09,637.8917309570312,True,-17125.153165514886,202.0,117179.67080909449,629.8405478302011,Low_Conf(0.51),17.17967080909449
2025-09-24,661.256103515625,661.256103515625,-3.6192626953125,-5.5439854091647245,666.8000889247897,-0.8384021530674196,5.543985409164748,5.543985409164748,0.7943319823943987,1,BUY,0.7943319823943987,2025-09,638.6919165039062,True,-17127.721938489714,202.0,116446.01097166653,-733.6598374279565,Low_Conf(0.79),16.44601097166653
2025-09-25,659.1522216796875,659.1522216796875,-2.1038818359375,-3.698613793591156,662.8508354732786,-0.5611167909236727,3.698613793591107,3.698613793591107,0.8627906621905739,1,BUY,0.8627906621905739,2025-09,639.5031201171874,True,-17130.29109678049,202.0,116018.45768251638,-427.5532891501498,ACCEPTED,16.01845768251638
2025-09-26,656.1112670898438,656.1112670898438,-3.04095458984375,-0.7729287661240525,656.8841958559678,-0.1178045256793635,0.772928766124096,0.772928766124096,0.971326272465238,1,HOLD,0.971326272465238,2025-09,640.2121423339844,True,-17132.860640445007,202.0,115401.61531170343,-616.8423708129558,ACCEPTED,15.401615311703425
2025-09-29,659.8701782226562,659.8701782226562,3.7589111328125,-1.6989610376844495,661.5691392603406,-0.257468983105216,1.6989610376843984,1.6989610376843984,0.9369727871159118,0,BUY,0.9369727871159118,2025-09,640.9203784179688,True,-17135.430569541073,202.0,116158.34543143549,756.730119732063,ACCEPTED,16.15834543143549
2025-09-30,661.7246704101562,661.7246704101562,1.8544921875,-1.0793329223626815,662.804003332519,-0.1631090649368837,1.0793329223627095,1.0793329223627095,0.9599594432352152,0,BUY,0.9599594432352152,2025-09,641.6748510742187,True,-17138.000884126504,202.0,116530.38253872505,372.03710728956503,ACCEPTED,16.530382538725057
2025-10-01,664.21728515625,664.21728515625,2.49261474609375,-1.2005350884570674,665.4178202447071,-0.1807443310022644,1.200535088457059,1.200535088457059,0.955463145465578,0,HOLD,0.955463145465578,2025-10,642.4555114746094,True,-17140.571584259123,202.0,117031.32001730337,500.93747857831477,ACCEPTED,17.03132001730337
2025-10-02,666.4806518554688,666.4806518554688,2.26336669921875,-3.453240816337667,669.9338926718065,-0.518130692425041,3.4532408163377113,3.4532408163377113,0.8718933870502508,0,BUY,0.8718933870502508,2025-10,643.2796496582031,True,-17143.142669996763,202.0,117485.94900480792,454.6289875045477,ACCEPTED,17.485949004807917
2025-10-03,667.248291015625,667.248291015625,0.76763916015625,-3.6871793632779286,670.9354703789029,-0.5525948006049799,3.687179363277892,3.687179363277892,0.863214851008077,0,BUY,0.863214851008077,2025-10,644.0127514648437,True,-17145.714141397264,202.0,117638.44064375898,152.49163895106176,ACCEPTED,17.63844064375898
2025-10-06,667.2384033203125,667.2384033203125,-0.0098876953125,-4.4283804552956525,671.6667837756081,-0.6636878862576165,4.42838045529561,4.42838045529561,0.8357181409715768,1,BUY,0.8357181409715768,2025-10,644.7414794921875,True,-17148.285998518473,202.0,117633.87147218465,-4.569171574330539,Low_Conf(0.84),17.633871472184648
2025-10-07,669.6312866210938,669.6312866210938,2.39288330078125,-4.880070603699214,674.511357224793,-0.7287698023077241,4.88007060369921,4.88007060369921,0.8189615641522046,0,BUY,0.8189615641522046,2025-10,645.4647705078125,True,-17150.85824141825,202.0,118114.66165604269,480.79018385804375,Low_Conf(0.82),18.114661656042692
2025-10-08,667.1486206054688,667.1486206054688,-2.482666015625,-1.1971020200263447,668.3457226254951,-0.1794355834746264,1.1971020200263638,1.1971020200263638,0.9555905037333826,1,HOLD,0.9555905037333826,2025-10,646.1415893554688,True,-17153.43087015446,202.0,117610.59049215022,-504.0711638924695,ACCEPTED,17.610590492150223
2025-10-09,671.1268920898438,671.1268920898438,3.978271484375,-9.723394220814235,680.850286310658,-1.4488160637604974,9.72339422081427,9.72339422081427,0.6392863497644165,0,BUY,0.6392863497644165,2025-10,646.9313818359375,True,-17156.003884784983,202.0,118411.62831736346,801.0378252132359,Low_Conf(0.64),18.41162831736346
2025-10-10,669.1826171875,669.1826171875,-1.94427490234375,-3.260287754575922,672.4429049420759,-0.4872044896023373,3.26028775457587,3.26028775457587,0.879051463916378,1,BUY,0.879051463916378,2025-10,647.6981982421875,True,-17158.5772853677,202.0,118016.3113865073,-395.3169308561628,ACCEPTED,18.016311386507294
2025-10-13,651.0960693359375,651.0960693359375,-18.0865478515625,9.49249688707381,641.6035724488637,1.4579256939387375,-9.492496887073798,9.492496887073798,0.6478520643895522,0,SELL,0.6478520643895522,2025-10,648.1506127929688,True,-17161.151071960507,202.0,114360.25493389886,-3656.0564526084345,ACCEPTED,14.360254933898862
2025-10-14,661.0865478515625,661.0865478515625,9.990478515625,4.74921397275669,656.3373338788058,0.7183951917023516,-4.749213972756706,4.749213972756706,0.8238160184644403,1,HOLD,0.8238160184644403,2025-10,649.0088562011719,True,-17163.725244621302,202.0,116375.75742139432,2015.5024874954543,ACCEPTED,16.375757421394315
2025-10-15,660.2789306640625,660.2789306640625,-0.8076171875,6.7258921446963,653.5530385193662,1.01864406576352,-6.725892144696331,6.725892144696331,0.7504861932460989,0,HOLD,0.7504861932460989,2025-10,649.6630236816407,True,-17166.299803407997,202.0,116210.04419073263,-165.71323066168407,ACCEPTED,16.21004419073263
2025-10-16,663.2102661132812,663.2102661132812,2.93133544921875,3.818416501068058,659.3918496122132,0.5757474961064376,-3.8184165010681,3.8184165010681,0.858346280841762,1,HOLD,0.858346280841762,2025-10,650.439453125,True,-17168.87474837851,202.0,116799.5990065043,589.5548157716694,ACCEPTED,16.7995990065043
2025-10-17,658.6936645507812,658.6936645507812,-4.5166015625,9.827199453152335,648.8664650976289,1.491922570692149,-9.827199453152389,9.827199453152389,0.6354354348040745,0,SELL,0.6354354348040745,2025-10,651.0298986816406,True,-17171.450079590766,202.0,115884.67015966705,-914.9288468372542,ACCEPTED,15.884670159667047
2025-10-20,662.4326171875,662.4326171875,3.73895263671875,8.201953858400048,654.2306633290999,1.2381567038807968,-8.201953858400088,8.201953858400088,0.6957279887928307,1,SELL,0.6957279887928307,2025-10,651.7056628417969,True,-17174.025797102706,202.0,116637.3628747723,752.6927151052514,ACCEPTED,16.6373628747723
2025-10-21,669.3222045898438,669.3222045898438,6.88958740234375,6.5843475632821065,662.7378570265616,0.9837336215846824,-6.584347563282108,6.584347563282108,0.7557371438373746,1,HOLD,0.7557371438373746,2025-10,652.421181640625,True,-17176.60190097227,202.0,118026.48342617617,1389.1205514038738,ACCEPTED,18.02648342617617
2025-10-22,669.3121948242188,669.3121948242188,-0.010009765625,7.425257946998827,661.8869368772199,1.109386322917502,-7.42525794699884,7.42525794699884,0.7245414680123471,0,SELL,0.7245414680123471,2025-10,653.1615563964843,True,-17179.178391257414,202.0,118021.88496323477,-4.598462941401522,ACCEPTED,18.02188496323477
2025-10-23,665.83251953125,665.83251953125,-3.47967529296875,9.936297085138332,655.8962224461117,1.4923117741580936,-9.936297085138335,9.936297085138335,0.6313881850297655,0,SELL,0.6313881850297655,2025-10,653.6977099609375,True,-17181.755268016102,202.0,117316.4136772964,-705.4712859383726,ACCEPTED,17.316413677296396
2025-10-24,669.7808837890625,669.7808837890625,3.9483642578125,7.767171168817985,662.0137126202445,1.1596585326350013,-7.767171168817981,7.767171168817981,0.7118573411009668,1,SELL,0.7118573411009668,2025-10,654.2690808105468,True,-17184.332531306303,202.0,118111.40599408431,794.9923167879169,ACCEPTED,18.111405994084315
2025-10-27,675.2546997070312,675.2546997070312,5.47381591796875,6.73586607982055,668.5188336272107,0.9975296851311068,-6.735866079820539,6.735866079820539,0.750116185153846,1,HOLD,0.750116185153846,2025-10,654.9487353515625,True,-17186.910181186,202.0,119214.53915963431,1103.1331655499962,ACCEPTED,19.21453915963431
2025-10-28,683.2211303710938,683.2211303710938,7.9664306640625,4.194126569262854,679.0270038018309,0.613875417902371,-4.194126569262835,4.194126569262835,0.8444083753068126,1,HOLD,0.8444083753068126,2025-10,655.8177465820313,True,-17189.488217713177,202.0,120821.18011724776,1606.6409576134465,ACCEPTED,20.821180117247756
2025-10-29,685.0357666015625,685.0357666015625,1.81463623046875,3.29220573765624,681.7435608639063,0.4805888828241411,-3.292205737656218,3.292205737656218,0.8778673864303059,1,HOLD,0.8778673864303059,2025-10,656.7258337402344,True,-17192.066640945835,202.0,121185.15821256979,363.97809532203246,ACCEPTED,21.185158212569792
2025-10-30,685.3648071289062,685.3648071289062,0.32904052734375,2.1156640805336235,683.2491430483726,0.3086916717239175,-2.1156640805336338,2.1156640805336338,0.9215141445640485,1,HOLD,0.9215141445640485,2025-10,657.7099047851563,True,-17194.64545094198,202.0,121249.04558909708,63.887376527287415,ACCEPTED,21.249045589097076
2025-10-31,677.8270874023438,677.8270874023438,-7.5377197265625,4.211660651132378,673.6154267512113,0.6213473508816012,-4.2116606511324335,4.2116606511324335,0.8437579046449141,0,HOLD,0.8437579046449141,2025-10,658.5770275878906,True,-17197.22464775962,202.0,119723.84700751382,-1525.1985815832595,ACCEPTED,19.723847007513818
2025-11-03,680.050537109375,680.050537109375,2.22344970703125,3.284460639307673,676.7660764700673,0.4829730233386201,-3.2844606393076674,3.2844606393076674,0.8781547102426799,1,HOLD,0.8781547102426799,2025-11,659.5395263671875,True,-17199.804231456783,202.0,120170.40426463696,446.557257123146,ACCEPTED,20.17040426463696
2025-11-04,681.3267822265625,681.3267822265625,1.2762451171875,2.7684478593309,678.5583343672316,0.4063318706309572,-2.768447859330877,2.768447859330877,0.8972974961059945,1,BUY,0.8972974961059945,2025-11,660.3334631347657,True,-17202.3842020915,202.0,120425.62580767412,255.22154303715797,ACCEPTED,20.425625807674123
2025-11-05,673.2506103515625,673.2506103515625,-8.076171875,5.089214111459635,668.1613962401028,0.7559167467820216,-5.0892141114596825,5.0892141114596825,0.81120286216048,0,HOLD,0.81120286216048,2025-11,661.022353515625,True,-17204.964559721815,202.0,118791.6587312938,-1633.9670763803151,ACCEPTED,18.791658731293808
2025-11-06,675.583740234375,675.583740234375,2.3331298828125,2.338782377737255,673.2449578566377,0.3461868956357474,-2.3387823777372887,2.3387823777372887,0.9132370127733414,1,BUY,0.9132370127733414,2025-11,661.7044128417969,True,-17207.545304405772,202.0,119260.37022293799,468.71149164417875,ACCEPTED,19.260370222937986
2025-11-07,668.3351440429688,668.3351440429688,-7.24859619140625,6.950696470015874,661.3844475729529,1.0400016416866742,-6.950696470015828,6.950696470015828,0.7421465140216199,0,HOLD,0.7421465140216199,2025-11,662.2122680664063,True,-17210.126436201434,202.0,117793.57266047825,-1466.7975624597311,ACCEPTED,17.793572660478254
2025-11-10,668.9931640625,668.9931640625,0.65802001953125,7.1078678277432426,661.8852962347568,1.0624724152008225,-7.107867827743235,7.107867827743235,0.7363158490428232,1,HOLD,0.7363158490428232,2025-11,662.6877453613281,True,-17212.707955166865,202.0,117923.91118545813,130.3385249798739,ACCEPTED,17.923911185458127
2025-11-11,679.432373046875,679.432373046875,10.439208984375,0.1902129323392185,679.2421601145357,0.0279958594681351,-0.19021293233925,0.19021293233925,0.9929435750944632,1,BUY,0.9929435750944632,2025-11,663.44896484375,True,-17215.28986136014,202.0,120030.0494941086,2106.1383086504793,ACCEPTED,20.030049494108606
2025-11-12,680.9877319335938,680.9877319335938,1.55535888671875,0.8636886631954063,680.1240432703984,0.1268288138969922,-0.8636886631953757,0.8636886631953757,0.9679593068744048,1,BUY,0.9679593068744048,2025-11,664.3363452148437,True,-17217.872154839344,202.0,120341.6496957466,311.60020163799345,ACCEPTED,20.3416496957466
2025-11-13,681.3666381835938,681.3666381835938,0.37890625,1.107852472934428,680.2587857106594,0.1625927086609012,-1.1078524729343826,1.1078524729343826,0.9589014391107128,1,BUY,0.9589014391107128,2025-11,665.1623010253907,True,-17220.45483566257,202.0,120415.60607742336,73.95638167676225,ACCEPTED,20.415606077423362
2025-11-14,670.0599975585938,670.0599975585938,-11.306640625,12.41223768084047,657.6477598777533,1.8524069077493428,-12.412237680840462,12.412237680840462,0.5395369703448396,0,HOLD,0.5395369703448396,2025-11,665.65513671875,True,-17223.037903887922,202.0,118129.08160294802,-2286.5244744753436,ACCEPTED,18.12908160294802
2025-11-17,669.9503784179688,669.9503784179688,-0.109619140625,11.780467288035226,658.1699111299336,1.7584089310993158,-11.780467288035195,11.780467288035195,0.5629740746444605,0,HOLD,0.5629740746444605,2025-11,666.1831665039062,True,-17225.621359573506,202.0,118104.35508085618,-24.72652209183434,ACCEPTED,18.104355080856184
2025-11-18,663.7088012695312,663.7088012695312,-6.2415771484375,20.140289873510177,643.5685113960211,3.0345069757981458,-20.14028987351014,20.14028987351014,0.2528455277967515,0,SELL,0.2528455277967515,2025-11,666.5547448730468,False,-17228.20520277744,202.0,116840.97265366788,-1263.3824271883059,ACCEPTED,16.84097265366788
2025-11-19,658.1353149414062,658.1353149414062,-5.573486328125,22.951066437595134,635.1842485038111,3.487286871946458,-22.95106643759516,22.95106643759516,0.1485727346339097,0,SELL,0.1485727346339097,2025-11,666.7850256347656,False,-17230.789433557857,202.0,115712.5441846062,-1128.4284690616769,ACCEPTED,15.712544184606204
2025-11-20,660.6777954101562,660.6777954101562,2.54248046875,19.920275188526137,640.7575202216301,3.015127090227,-19.920275188526148,19.920275188526148,0.2610075233225651,1,SELL,0.2610075233225651,2025-11,667.0287707519532,False,-17233.37405197289,202.0,116223.54062087867,510.9964362724713,ACCEPTED,16.223540620878673
2025-11-21,650.6075439453125,650.6075439453125,-10.07025146484375,25.80043418941093,624.8071097559016,3.9655909971402994,-25.800434189410907,25.800434189410907,0.0428683047527416,0,SELL,0.0428683047527416,2025-11,666.9633276367188,False,-17235.959058080683,202.0,114186.76481887244,-2036.775802006232,ACCEPTED,14.18676481887244
2025-11-24,657.08837890625,657.08837890625,6.4808349609375,19.79451288248329,637.2938660237667,3.0124582199173955,-19.794512882483332,19.794512882483332,0.2656729908994778,1,SELL,0.2656729908994778,2025-11,667.0318786621094,False,-17238.544451939397,202.0,115493.3080871231,1306.5432682506653,ACCEPTED,15.493308087123106
2025-11-25,666.759765625,666.759765625,9.67138671875,13.544420742818652,653.2153448821814,2.0313794324590853,-13.544420742818602,13.544420742818602,0.4975358053456039,1,HOLD,0.4975358053456039,2025-11,667.2242553710937,False,-17241.13023360719,202.0,117444.3424226428,1951.0343355196965,ACCEPTED,17.4443424226428
2025-11-26,673.03125,673.03125,6.271484375,11.478534263602745,661.5527157363972,1.7054979636685137,-11.478534263602796,11.478534263602796,0.5741750360470683,1,HOLD,0.5741750360470683,2025-11,667.5601574707031,True,-17243.71640314223,202.0,118708.59609685777,1264.2536742149678,ACCEPTED,18.70859609685777
2025-11-28,677.6775512695312,677.6775512695312,4.64630126953125,7.503953686603587,670.1735975829276,1.1073044507001908,-7.503953686603609,7.503953686603609,0.7216220525442321,1,HOLD,0.7216220525442321,2025-11,668.0052917480468,True,-17246.3029606027,202.0,119644.56239584261,935.9662989848439,ACCEPTED,19.644562395842616
2025-12-01,681.3765869140625,681.3765869140625,3.69903564453125,6.512224461337099,674.8643624527253,0.9557452642790092,-6.512224461337155,6.512224461337155,0.7584127308575107,1,BUY,0.7584127308575107,2025-12,668.4631591796875,True,-17248.889906046792,202.0,120389.18065059383,744.6182547512144,Low_Conf(0.76),20.38918065059383
2025-12-02,678.2658081054688,678.2658081054688,-3.11077880859375,11.212883785122289,667.0529243203465,1.653169546677003,-11.212883785122244,11.212883785122244,0.584030005577608,0,SELL,0.584030005577608,2025-12,668.7935827636719,True,-17251.477239532698,202.0,119758.21599777199,-630.9646528218436,ACCEPTED,19.758215997771984
2025-12-03,679.5220947265625,679.5220947265625,1.25628662109375,9.572762532910666,669.9493321936518,1.4087492676397395,-9.5727625329107,9.5727625329107,0.6448744093196417,1,HOLD,0.6448744093196417,2025-12,669.0865173339844,True,-17254.064961118627,202.0,120009.398173647,251.18217587501567,ACCEPTED,20.009398173647
2025-12-04,681.8751220703125,681.8751220703125,2.35302734375,8.768694455232453,673.1064276150801,1.285967792549595,-8.768694455232435,8.768694455232435,0.6747033275708805,1,HOLD,0.6747033275708805,2025-12,669.4988977050781,True,-17256.653070862794,202.0,120482.12158734033,472.7234136933257,ACCEPTED,20.482121587340327
2025-12-05,682.3736572265625,682.3736572265625,0.49853515625,7.429889707996455,674.943767518566,1.088830090275536,-7.4298897079964945,7.4298897079964945,0.7243696412429557,1,HOLD,0.7243696412429557,2025-12,669.9633264160157,True,-17259.241568823425,202.0,120580.23719094219,98.11560360186559,ACCEPTED,20.580237190942192
2025-12-08,683.6697998046875,683.6697998046875,1.296142578125,7.950128982100097,675.7196708225874,1.162860928531772,-7.950128982100068,7.950128982100068,0.7050700629993724,1,HOLD,0.7050700629993724,2025-12,670.5144970703125,True,-17261.83045505875,202.0,120839.46910548813,259.23191454593325,ACCEPTED,20.839469105488124
2025-12-09,681.6159057617188,681.6159057617188,-2.05389404296875,8.431738982754695,673.184166778964,1.2370220400493832,-8.431738982754723,8.431738982754723,0.6872035343591756,0,HOLD,0.6872035343591756,2025-12,670.9494116210938,True,-17264.419729627007,202.0,120421.99323424019,-417.4758712479379,ACCEPTED,20.421993234240187
2025-12-10,681.027587890625,681.027587890625,-0.58831787109375,7.920622739275682,673.1069651513493,1.1630399238022875,-7.9206227392757,7.9206227392757,0.7061646709430811,0,HOLD,0.7061646709430811,2025-12,671.3354699707031,True,-17267.00939258645,202.0,120300.5633613198,-121.42987292038742,ACCEPTED,20.300563361319803
2025-12-11,685.5443115234375,685.5443115234375,4.5167236328125,7.31308216280259,678.2312293606349,1.0667555750774498,-7.31308216280263,7.31308216280263,0.7287029095487643,1,HOLD,0.7287029095487643,2025-12,671.7620104980468,True,-17269.599443995336,202.0,121210.35148373904,909.7881224192388,ACCEPTED,21.21035148373904
2025-12-12,687.1395263671875,687.1395263671875,1.59521484375,6.90104478377482,680.2384815834126,1.004314919891117,-6.901044783774864,6.901044783774864,0.7439884676211141,1,BUY,0.7439884676211141,2025-12,672.1751879882812,True,-17272.189883911935,202.0,121529.99444225994,319.6429585208971,Low_Conf(0.74),21.529994442259937
2025-12-15,679.7514038085938,679.7514038085938,-7.38812255859375,10.741456996027184,669.0099468125666,1.5802037238678204,-10.741456996027182,10.741456996027182,0.6015187624922771,0,SELL,0.6015187624922771,2025-12,672.4252502441407,True,-17274.78071239452,202.0,120035.00285694141,-1494.991585318523,ACCEPTED,20.035002856941414
2025-12-16,678.7244262695312,678.7244262695312,-1.0269775390625,10.65078166288674,668.0736446066445,1.5692350607486698,-10.650781662886745,10.650781662886745,0.6048825909723978,0,HOLD,0.6048825909723978,2025-12,672.654970703125,True,-17277.37192950138,202.0,119824.96217694393,-210.04067999748804,ACCEPTED,19.824962176943924
2025-12-17,676.8699340820312,676.8699340820312,-1.8544921875,10.75714584224778,666.1127882397835,1.5892485839006254,-10.757145842247724,10.757145842247724,0.6009367454661566,0,SELL,0.6009367454661566,2025-12,672.7997436523438,True,-17279.963535290804,202.0,119447.7631492795,-377.199027664421,ACCEPTED,19.447763149279503
2025-12-18,669.4219360351562,669.4219360351562,-7.447998046875,16.066223926290398,653.3557121088659,2.4000145590458577,-16.066223926290377,16.066223926290377,0.4039832031546334,0,SELL,0.4039832031546334,2025-12,672.8452099609375,False,-17282.555529821097,202.0,117940.67554928047,-1507.0875999990385,ACCEPTED,17.940675549280467
2025-12-19,674.4769287109375,674.4769287109375,5.05499267578125,13.070486648911116,661.4064420620264,1.937870087549395,-13.070486648911128,13.070486648911128,0.5151175770090943,1,SELL,0.5151175770090943,2025-12,672.9122106933594,True,-17285.14791315057,202.0,118959.1916864588,1018.5161371783324,ACCEPTED,18.959191686458798
2025-12-22,680.5900268554688,680.5900268554688,6.11309814453125,10.768472663925616,669.8215541915431,1.5822260449038914,-10.76847266392565,10.76847266392565,0.6005165486603676,1,SELL,0.6005165486603676,2025-12,673.1403588867188,True,-17287.740685337543,202.0,120191.44473946714,1232.253053008346,ACCEPTED,20.191444739467144
2025-12-23,684.8300170898438,684.8300170898438,4.239990234375,7.04144290947301,677.7885741803707,1.0282030188155775,-7.041442909473062,7.041442909473062,0.7387800476746698,1,HOLD,0.7387800476746698,2025-12,673.8150378417969,True,-17290.333846440342,202.0,121045.3296057081,853.8848662409582,ACCEPTED,21.0453296057081
2025-12-24,687.9600219726562,687.9600219726562,3.1300048828125,6.227855615989437,681.7321663566668,0.9052641748181364,-6.227855615989483,6.227855615989483,0.7689621050666793,1,BUY,0.7689621050666793,2025-12,674.3525073242188,True,-17292.92739651731,202.0,121674.99704195926,629.6674362511549,Low_Conf(0.77),21.67499704195926
2025-12-26,690.3800048828125,690.3800048828125,2.41998291015625,5.513856209670912,684.8661486731415,0.798669742847905,-5.513856209670962,5.513856209670962,0.7954497004752736,1,BUY,0.7954497004752736,2025-12,674.9545288085938,True,-17295.521335626785,202.0,122161.23965070135,486.24260874208994,Low_Conf(0.80),22.161239650701347
2025-12-29,690.3099975585938,690.3099975585938,-0.07000732421875,4.830365666947416,685.4796318916464,0.6997386223625441,-4.830365666947387,4.830365666947387,0.8208054932127067,0,BUY,0.8208054932127067,2025-12,675.4965234375,True,-17298.115663827128,202.0,122144.5038430088,-16.735807692544768,Low_Conf(0.82),22.144503843008803
2025-12-30,687.8499755859375,687.8499755859375,-2.46002197265625,6.050862160846978,681.7991134250905,0.8796776005832692,-6.050862160847032,6.050862160847032,0.7755281203718671,0,BUY,0.7755281203718671,2025-12,676.0796496582032,True,-17300.7103811767,202.0,121644.98468718267,-499.51915582612855,Low_Conf(0.78),21.644984687182674
