Entry_Date,Exit_Date,Ticker,Direction,Entry_Price,Exit_Price,Shares,P&L,Win
2025-04-10,2025-04-15,ESS,LONG,255.43496704101562,265.6776428222656,65,665.1081518554688,True
2025-04-10,2025-04-15,WBD,LONG,8.100000381469727,8.25,2469,369.97870909309387,True
2025-04-10,2025-04-15,SBUX,LONG,82.85931396484375,81.98762512207031,301,-262.11596333312986,False
2025-04-10,2025-04-15,ADI,LONG,176.22975158691406,177.39566040039062,141,164.22874955749512,True
2025-04-11,2025-04-16,DVN,LONG,27.66107177734375,28.70950698852539,122,127.78118666839599,True
2025-04-11,2025-04-16,PRU,LONG,95.10194396972656,94.89987182617188,35,-7.065452499389648,False
2025-04-11,2025-04-16,BAC,LONG,35.35795211791992,36.71522521972656,95,128.81200372695923,True
2025-04-11,2025-04-16,APA,LONG,14.436898231506348,14.753665924072266,234,74.04951642036438,True
2025-04-15,2025-04-21,PFE,LONG,21.27184295654297,20.89266586303711,1027,-389.02546015548705,False
2025-04-15,2025-04-21,SBUX,LONG,81.98762512207031,79.01997375488281,266,-788.6058684082032,False
2025-04-15,2025-04-21,NXPI,LONG,169.29359436035156,169.16534423828125,129,-16.52772148132324,False
2025-04-15,2025-04-21,BRO,LONG,118.93103790283203,112.85165405273438,183,-1111.4147173233032,False
2025-04-16,2025-04-21,DVN,LONG,28.70950698852539,28.885881423950195,120,21.143767318725587,True
2025-04-16,2025-04-21,BAC,LONG,36.71522521972656,36.311973571777344,94,-37.867749252319335,False
2025-04-16,2025-04-21,TDY,LONG,460.8900146484375,453.3500061035156,7,-52.72727975463867,False
2025-04-16,2025-04-21,APA,LONG,14.753665924072266,14.878453254699707,234,29.171035131454467,True
2025-04-21,2025-04-28,BAC,LONG,36.311973571777344,39.124874114990234,453,1272.9697021293641,True
2025-04-21,2025-04-28,MA,LONG,507.1993408203125,532.2644653320312,38,951.5222567138671,True
2025-04-21,2025-04-28,DVN,LONG,28.885881423950195,30.91416358947754,854,1730.4208163909911,True
2025-04-21,2025-04-28,WFC,LONG,62.95793533325195,68.28884887695312,391,2082.302808391571,True
2025-04-22,2025-04-28,SBUX,LONG,80.06795501708984,82.17372131347656,42,88.35374226379395,True
2025-04-22,2025-04-28,AMGN,SHORT,271.8019714355469,276.38079833984375,12,-54.890976928710934,False
2025-04-22,2025-04-28,C,LONG,63.242427825927734,66.8968734741211,53,193.4919337348938,True
2025-04-22,2025-04-28,PRU,LONG,96.42989349365234,99.70162963867188,35,114.39625431060792,True
2025-04-28,2025-05-05,ECL,LONG,237.2084197998047,253.15597534179688,73,1163.0073830108643,True
2025-04-28,2025-05-05,WELL,LONG,147.1347198486328,148.99053955078125,142,263.262871307373,True
2025-04-28,2025-05-05,MMC,LONG,218.5327911376953,224.58938598632812,120,726.0645904541016,True
2025-04-28,2025-05-05,MA,LONG,532.2644653320312,558.78369140625,49,1298.142635559082,True
2025-04-29,2025-05-05,KVUE,LONG,22.67169952392578,22.9238224029541,158,39.795579471588134,True
2025-04-29,2025-05-05,FAST,LONG,39.74469757080078,40.80415725708008,90,95.25602039337159,True
2025-04-29,2025-05-05,VLO,SHORT,112.90750885009766,116.64112091064453,31,-115.62623190307617,False
2025-04-29,2025-05-05,AFL,LONG,106.86012268066406,104.0557861328125,33,-92.45056297302246,False
2025-05-05,2025-05-12,FTV,LONG,50.75824737548828,55.376731872558594,355,1637.922434463501,True
2025-05-05,2025-05-12,VLO,SHORT,116.64112091064453,127.5389633178711,185,-2014.084744491577,False
2025-05-05,2025-05-12,DOV,LONG,171.5496063232422,182.02976989746094,157,1643.7402954711913,True
2025-05-05,2025-05-12,MA,LONG,558.78369140625,575.8622436523438,48,818.9507373046876,True
2025-05-06,2025-05-12,DGX,LONG,173.7449951171875,173.5377960205078,21,-4.346829849243164,False
2025-05-06,2025-05-12,UAL,LONG,73.5199966430664,78.62000274658203,50,254.74530487060548,True
2025-05-06,2025-05-12,ISRG,LONG,530.4600219726562,561.4299926757812,6,185.63400439453125,True
2025-05-06,2025-05-12,ECL,LONG,250.72462463378906,252.54067993164062,14,25.399349395751955,True
2025-05-12,2025-05-19,DGX,LONG,173.5377960205078,175.72799682617188,106,231.92912411499023,True
2025-05-12,2025-05-19,ED,LONG,100.98236846923828,103.65288543701172,219,584.2583727264405,True
2025-05-12,2025-05-19,LH,LONG,248.89768981933594,247.76695251464844,111,-125.38632897949219,False
2025-05-12,2025-05-19,CHD,LONG,94.24787139892578,95.33202362060547,293,317.3389443511963,True
2025-05-13,2025-05-19,CSGP,SHORT,75.18000030517578,76.91000366210938,49,-84.68539432525635,False
2025-05-13,2025-05-19,MCK,LONG,685.6421508789062,724.14208984375,5,192.30719512939453,True
2025-05-13,2025-05-19,BRO,LONG,108.62006378173828,111.5891342163086,34,100.84744638061524,True
2025-05-13,2025-05-19,VRSN,LONG,273.56329345703125,280.8103942871094,13,94.1180984802246,True
2025-05-19,2025-05-27,DGX,LONG,175.72799682617188,171.34762573242188,106,-463.8550166015625,False
2025-05-19,2025-05-27,GRMN,LONG,202.3551025390625,202.95753479003906,110,66.20128005981445,True
2025-05-19,2025-05-27,FTV,LONG,54.53563690185547,53.213924407958984,513,-677.3604708595276,False
2025-05-19,2025-05-27,AXP,LONG,297.1316223144531,291.63177490234375,94,-516.468671081543,False
2025-05-20,2025-05-27,PODD,LONG,327.4700012207031,326.6400146484375,11,-9.120722442626953,False
2025-05-20,2025-05-27,HSIC,SHORT,73.12999725341797,73.66000366210938,51,-27.003296516418455,False
2025-05-20,2025-05-27,UAL,LONG,76.33000183105469,78.18000030517578,49,90.55927530670166,True
2025-05-20,2025-05-27,MCK,LONG,716.9544677734375,718.1408081054688,5,5.925769958496094,True
2025-05-27,2025-06-02,FTV,LONG,53.213924407958984,52.82279968261719,345,-134.803092212677,False
2025-05-27,2025-06-02,BRO,LONG,111.66883850097656,112.98399353027344,197,258.8264552307129,True
2025-05-27,2025-06-02,SWK,LONG,64.86485290527344,61.70023727416992,424,-1340.4552305603027,False
2025-05-27,2025-06-02,ADP,LONG,320.3452453613281,320.43377685546875,86,7.606094787597656,True
2025-05-28,2025-06-02,UAL,LONG,77.5,81.2300033569336,47,175.13484761810304,True
2025-05-28,2025-06-02,PODD,LONG,323.54998779296875,325.0,11,15.934184143066407,True
2025-05-28,2025-06-02,MLM,LONG,548.2643432617188,540.1603393554688,6,-48.5753994140625,False
2025-05-28,2025-06-02,CPT,LONG,112.2649917602539,114.44055938720703,32,69.5485458984375,True
2025-06-02,2025-06-09,FOXA,SHORT,54.88710403442383,53.85187530517578,331,342.3180486717224,True
2025-06-02,2025-06-09,AXP,LONG,293.1903991699219,299.3752746582031,74,457.2231053466797,True
2025-06-02,2025-06-09,PGR,LONG,271.2803039550781,254.9042510986328,100,-1635.9676803588868,False
2025-06-02,2025-06-09,PODD,LONG,325.0,305.6600036621094,83,-1603.614476348877,False
2025-06-03,2025-06-09,FTV,LONG,54.23622131347656,55.04066848754883,69,55.45134815597534,True
2025-06-03,2025-06-09,SWK,LONG,62.853511810302734,65.68782806396484,60,169.88891624450685,True
2025-06-03,2025-06-09,OXY,SHORT,41.98342514038086,42.52432632446289,89,-48.09206517791748,False
2025-06-03,2025-06-09,MAS,LONG,61.98926544189453,63.11850357055664,60,67.68653343200684,True
2025-06-09,2025-06-16,AXP,LONG,299.3752746582031,292.08843994140625,59,-429.4933250427246,False
2025-06-09,2025-06-16,RCL,LONG,272.2234802246094,263.0032958984375,78,-718.4552030639649,False
2025-06-09,2025-06-16,ODFL,SHORT,161.5865478515625,158.83714294433594,165,453.19815788269045,True
2025-06-09,2025-06-16,MAS,LONG,63.11850357055664,61.900115966796875,423,-514.8625784339905,False
2025-06-10,2025-06-16,TT,LONG,420.7205810546875,425.63934326171875,8,39.31074755859375,True
2025-06-10,2025-06-16,SRE,LONG,74.2354507446289,72.09544372558594,48,-102.61761657714844,False
2025-06-10,2025-06-16,GL,LONG,119.35517120361328,119.89186096191406,30,16.084592056274413,True
2025-06-10,2025-06-16,ALLE,SHORT,139.1563262939453,136.10000610351562,26,79.3848606262207,True
2025-06-16,2025-06-23,TT,LONG,425.63934326171875,425.94866943359375,41,12.669690673828125,True
2025-06-16,2025-06-23,DECK,SHORT,103.62999725341797,100.44000244140625,203,646.9213778915405,True
2025-06-16,2025-06-23,VICI,SHORT,30.774627685546875,31.842771530151367,857,-914.4838755512237,False
2025-06-16,2025-06-23,ETSY,SHORT,53.88999938964844,53.91999816894531,489,-14.654733673095704,False
2025-06-17,2025-06-23,HIG,LONG,124.48916625976562,126.37340545654297,28,52.70593881225586,True
2025-06-17,2025-06-23,AON,LONG,350.07525634765625,359.1961364746094,10,91.11759246826172,True
2025-06-17,2025-06-23,EMN,LONG,73.2833480834961,73.12736511230469,48,-7.479695434570313,False
2025-06-17,2025-06-23,MCHP,LONG,66.62313842773438,67.49910736083984,53,46.37992710113525,True
2025-06-23,2025-06-30,MA,LONG,540.0917358398438,559.6002197265625,32,623.647212890625,True
2025-06-23,2025-06-30,AON,LONG,359.1961364746094,356.0128173828125,58,-184.44787481689454,False
2025-06-23,2025-06-30,V,LONG,342.4678649902344,353.7257080078125,76,854.7404732666016,True
2025-06-23,2025-06-30,CI,LONG,313.6154479980469,327.0813903808594,84,1130.0080209960938,True
2025-06-24,2025-06-30,CTAS,LONG,222.2128448486328,221.88429260253906,16,-5.2515791015625,False
2025-06-24,2025-06-30,BRO,LONG,110.54297637939453,110.4632797241211,33,-2.627359634399414,False
2025-06-24,2025-06-30,MU,SHORT,127.65816497802734,123.00733947753906,28,130.09289089965822,True
2025-06-24,2025-06-30,XRAY,SHORT,15.065383911132812,15.45107650756836,245,-94.40019144058228,False
2025-06-30,2025-07-07,EQIX,LONG,785.8873901367188,767.7584838867188,22,-398.4371015625,False
2025-06-30,2025-07-07,ITT,LONG,156.2083740234375,158.20045471191406,137,272.6421392669678,True
2025-06-30,2025-07-07,DVN,SHORT,31.38836097717285,32.246829986572266,858,-735.8298436546326,False
2025-06-30,2025-07-07,KMX,LONG,67.20999908447266,68.77999877929688,400,627.3718780517578,True
2025-07-01,2025-07-07,D,SHORT,56.35871124267578,55.175811767578125,67,79.17501056671142,True
2025-07-01,2025-07-07,CTAS,LONG,223.31793212890625,216.57786560058594,16,-107.73322338867187,False
2025-07-01,2025-07-07,TECH,SHORT,51.93220901489258,51.393741607666016,72,38.730883666992185,True
2025-07-01,2025-07-07,FANG,SHORT,138.24612426757812,135.99789428710938,27,60.64150726318359,True
2025-07-07,2025-07-14,MA,LONG,562.7669677734375,551.4625244140625,31,-350.0873063964844,False
2025-07-07,2025-07-14,CPAY,LONG,332.1199951171875,326.3900146484375,64,-366.35203125,False
2025-07-07,2025-07-14,COP,SHORT,90.94886779785156,92.54083251953125,295,-469.1599633026123,False
2025-07-07,2025-07-14,SOLV,LONG,76.23999786376953,74.06999969482422,352,-763.0755161132812,False
2025-07-08,2025-07-14,MOH,LONG,231.02000427246094,218.9499969482422,16,-192.9269970703125,False
2025-07-08,2025-07-14,COST,LONG,983.0853271484375,978.1690063476562,3,-14.734213439941406,False
2025-07-08,2025-07-14,ALL,LONG,191.54722595214844,194.32040405273438,19,52.63769352722168,True
2025-07-08,2025-07-14,MCK,LONG,722.5722045898438,714.0503540039062,5,-42.56664367675781,False
2025-07-09,2025-07-14,BIO,SHORT,253.07000732421875,250.80999755859375,1,2.257749755859375,True
2025-07-09,2025-07-14,BR,LONG,236.8275909423828,234.10977172851562,1,-2.7151013946533205,False
2025-07-09,2025-07-14,TSCO,SHORT,56.74870681762695,57.57201385498047,4,-3.2899349212646483,False
2025-07-14,2025-07-21,MA,LONG,551.4625244140625,553.0879516601562,31,50.337856384277345,True
2025-07-14,2025-07-21,TECH,SHORT,52.47067642211914,50.12734603881836,400,936.3948211669922,True
2025-07-14,2025-07-21,MCK,LONG,714.0503540039062,709.6995849609375,36,-156.47105786132812,False
2025-07-14,2025-07-21,COST,LONG,978.1690063476562,944.9122314453125,26,-863.8114713134765,False
2025-07-15,2025-07-21,AIZ,LONG,183.94012451171875,184.6943817138672,21,15.82356184387207,True
2025-07-15,2025-07-21,BRK-B,LONG,470.1300048828125,474.4100036621094,8,34.205750244140624,True
2025-07-15,2025-07-21,IDXX,SHORT,526.6599731445312,520.8699951171875,7,40.489316345214846,True
2025-07-15,2025-07-21,MOH,LONG,214.61000061035156,176.44000244140625,18,-686.3729070739746,False
2025-07-21,2025-07-28,CTAS,LONG,220.34117126464844,219.4053192138672,79,-73.85837969970703,False
2025-07-21,2025-07-28,KMI,LONG,26.526294708251953,26.6241397857666,787,76.92707192802429,True
2025-07-21,2025-07-28,WAB,LONG,209.3580780029297,196.52008056640625,124,-1590.3197704467773,False
2025-07-21,2025-07-28,J,LONG,136.562255859375,142.62437438964844,191,1156.7067746429443,True
2025-07-22,2025-07-28,EQT,LONG,54.01384735107422,51.59843444824219,65,-156.84483684539794,False
2025-07-22,2025-07-28,STZ,SHORT,172.9850311279297,170.26242065429688,20,54.39775726318359,True
2025-07-22,2025-07-28,COST,LONG,938.9788818359375,931.380126953125,3,-22.773468383789062,False
2025-07-22,2025-07-28,FAST,SHORT,46.61635208129883,46.339107513427734,75,20.7725492477417,True
2025-07-28,2025-08-04,BRO,LONG,102.20368957519531,92.35993194580078,169,-1661.931444328308,False
2025-07-28,2025-08-04,CB,LONG,265.989990234375,267.739990234375,78,136.3635,True
2025-07-28,2025-08-04,COST,LONG,931.380126953125,954.0203247070312,27,610.6740540161132,True
2025-07-28,2025-08-04,TMUS,LONG,236.18331909179688,238.97955322265625,109,304.4847307434082,True
2025-07-29,2025-08-04,ABT,SHORT,126.80097198486328,128.7028350830078,29,-55.09887581634521,False
2025-07-29,2025-08-04,UAL,LONG,90.6500015258789,87.01000213623047,40,-145.45437561035158,False
2025-07-29,2025-08-04,TYL,LONG,552.5,602.989990234375,6,302.63700146484376,True
2025-07-29,2025-08-04,WMT,LONG,97.90130615234375,99.15580749511719,37,46.37013313293457,True
2025-08-04,2025-08-11,BR,LONG,246.4490966796875,261.3376159667969,69,1026.2805229797364,True
2025-08-04,2025-08-11,FITB,SHORT,40.71938705444336,40.562129974365234,507,79.64961026000977,True
2025-08-04,2025-08-11,ESS,LONG,249.61680603027344,247.19467163085938,103,-249.23036329650878,False
2025-08-04,2025-08-11,MSI,LONG,437.5180358886719,458.37115478515625,59,1229.1036808776855,True
2025-08-05,2025-08-11,JKHY,LONG,164.86441040039062,157.4261016845703,21,-156.04827854919432,False
2025-08-05,2025-08-11,CB,LONG,267.67999267578125,271.0,13,43.116935119628906,True
2025-08-05,2025-08-11,CARR,LONG,65.84329223632812,64.35542297363281,53,-78.77821385192871,False
2025-08-05,2025-08-11,LUV,LONG,29.62389373779297,28.772403717041016,118,-100.37534662628174,False
2025-08-11,2025-08-18,JKHY,LONG,157.4261016845703,159.72015380859375,111,254.38514598083495,True
2025-08-11,2025-08-18,CARR,LONG,64.35542297363281,65.95240783691406,326,520.0964483642579,True
2025-08-11,2025-08-18,LW,LONG,51.342708587646484,53.9769401550293,511,1344.7462386016846,True
2025-08-11,2025-08-18,MPC,LONG,156.9219512939453,160.95904541015625,167,673.5205226898194,True
2025-08-12,2025-08-18,AJG,LONG,289.2525634765625,293.0940246582031,12,46.05143664550781,True
2025-08-12,2025-08-18,SO,LONG,92.46021270751953,92.09237670898438,37,-13.59632201385498,False
2025-08-12,2025-08-18,VRSN,LONG,261.4561462402344,266.0586242675781,13,59.77238214111328,True
2025-08-12,2025-08-18,MET,LONG,76.01100158691406,77.18254089355469,45,52.6665495300293,True
2025-08-18,2025-08-25,VRSN,LONG,266.0586242675781,265.5701599121094,67,-32.694384704589844,False
2025-08-18,2025-08-25,SO,LONG,92.09237670898438,92.37008666992188,234,64.91914672851563,True
2025-08-18,2025-08-25,MDLZ,LONG,60.786678314208984,60.904632568359375,443,52.20148085403442,True
2025-08-18,2025-08-25,DLTR,SHORT,112.05999755859375,111.80000305175781,240,62.33628295898438,True
2025-08-19,2025-08-25,MMC,LONG,209.9868927001953,206.08441162109375,17,-66.27583616638184,False
2025-08-19,2025-08-25,GL,LONG,136.23890686035156,138.84873962402344,26,67.78779620361328,True
2025-08-19,2025-08-25,BRO,LONG,96.67762756347656,96.5179672241211,37,-5.901525123596191,False
2025-08-19,2025-08-25,VRSK,LONG,269.9842224121094,266.0591125488281,13,-50.975401794433594,False
2025-08-25,2025-09-02,VRSK,LONG,266.0591125488281,263.9969482421875,67,-138.02684353637696,False
2025-08-25,2025-09-02,VRSN,LONG,265.5701599121094,272.35919189453125,81,549.3616789855957,True
2025-08-25,2025-09-02,DAL,LONG,60.22593307495117,60.9437370300293,447,320.53750955200195,True
2025-08-25,2025-09-02,KLAC,LONG,878.0767211914062,844.9323120117188,30,-993.3379431152343,False
2025-08-26,2025-09-02,MDLZ,LONG,60.99310302734375,60.73753356933594,61,-15.574147201538086,False
2025-08-26,2025-09-02,FTV,LONG,48.39666748046875,47.249359130859375,77,-88.25440017700195,False
2025-08-26,2025-09-02,TECH,SHORT,56.7134895324707,53.34803009033203,66,221.8982028579712,True
2025-08-26,2025-09-02,DLTR,SHORT,111.9800033569336,111.3499984741211,33,20.769370971679688,True
2025-09-02,2025-09-08,GEN,LONG,29.36189079284668,29.76997184753418,610,248.68051391601563,True
2025-09-02,2025-09-08,EA,LONG,171.2897186279297,167.90289306640625,125,-422.92984199523926,False
2025-09-02,2025-09-08,F,SHORT,11.586006164550781,11.55634880065918,2320,68.73627914428711,True
2025-09-02,2025-09-08,META,LONG,734.0155029296875,751.179931640625,36,617.3015141601562,True
2025-09-03,2025-09-08,AON,LONG,374.0,370.010009765625,9,-35.874002197265625,False
2025-09-03,2025-09-08,SO,LONG,90.91209411621094,90.08885955810547,40,-32.89645294189453,False
2025-09-03,2025-09-08,PEP,SHORT,145.77423095703125,140.33737182617188,25,135.7855567932129,True
2025-09-03,2025-09-08,VICI,SHORT,32.415382385253906,32.328033447265625,114,9.947821151733399,True
2025-09-08,2025-09-15,OKE,LONG,70.26297760009766,71.49375915527344,256,314.764998046875,True
2025-09-08,2025-09-15,META,LONG,751.179931640625,763.5614624023438,28,346.33617846679687,True
2025-09-08,2025-09-15,SO,LONG,90.08885955810547,91.52703094482422,299,429.5832313842773,True
2025-09-08,2025-09-15,FAST,LONG,47.94078063964844,47.513004302978516,563,-240.59723946762085,False
2025-09-09,2025-09-15,UAL,LONG,105.6500015258789,104.55000305175781,35,-38.461446647644046,False
2025-09-09,2025-09-15,PNW,LONG,86.4817123413086,86.52130126953125,43,1.7006215896606445,True
2025-09-09,2025-09-15,FSLR,SHORT,203.05999755859375,207.0,18,-70.8491239013672,False
2025-09-09,2025-09-15,VRSN,LONG,284.8306579589844,287.07373046875,13,29.13078268432617,True
2025-09-15,2025-09-22,COST,LONG,958.7435913085938,941.9274291992188,18,-302.38822705078127,False
2025-09-15,2025-09-22,SEE,SHORT,33.49082565307617,33.222103118896484,649,174.22652375793456,True
2025-09-15,2025-09-22,VTR,LONG,68.94322967529297,66.25853729248047,394,-1056.7110300292968,False
2025-09-15,2025-09-22,FSLR,SHORT,207.0,219.1999969482422,131,-1596.6014006195069,False
2025-09-16,2025-09-22,STLD,SHORT,138.7602996826172,138.16421508789062,27,16.078189773559572,True
2025-09-16,2025-09-22,SO,LONG,90.61453247070312,91.57662200927734,42,40.36735285949707,True
2025-09-16,2025-09-22,APA,LONG,24.238632202148438,23.348596572875977,157,-139.5958582019806,False
2025-09-16,2025-09-22,SYK,LONG,374.8309020996094,376.4233093261719,10,15.908148193359375,True
2025-09-22,2025-09-29,SEE,SHORT,33.222103118896484,34.933963775634766,530,-906.3788619232178,False
2025-09-22,2025-09-29,ADP,LONG,291.7739562988281,290.7803649902344,72,-71.46703564453125,False
2025-09-22,2025-09-29,CTSH,LONG,67.86311340332031,66.7878189086914,389,-417.87126885223387,False
2025-09-22,2025-09-29,JPM,LONG,309.5321044921875,312.75189208984375,85,273.4082638549805,True
2025-09-23,2025-09-29,ABBV,LONG,219.2526092529297,219.7943115234375,16,8.658569091796876,True
2025-09-23,2025-09-29,CTAS,LONG,200.10963439941406,203.42169189453125,17,56.248672439575195,True
2025-09-23,2025-09-29,HON,LONG,196.1016082763672,196.07350158691406,18,-0.5054144897460937,False
2025-09-23,2025-09-29,HLT,LONG,263.55035400390625,262.13116455078125,13,-18.431013427734374,False
2025-09-29,2025-10-06,CTAS,LONG,203.42169189453125,198.56333923339844,85,-412.54701622009276,False
2025-09-29,2025-10-06,K,LONG,81.39164733886719,82.08679962158203,256,177.781025390625,True
2025-09-29,2025-10-06,HON,LONG,196.07350158691406,195.81117248535156,133,-34.85488073730469,False
2025-09-29,2025-10-06,HLT,LONG,262.13116455078125,260.0323486328125,99,-207.57499310302734,False
2025-09-30,2025-10-06,CTSH,LONG,66.7778549194336,67.50467681884766,53,38.483039108276365,True
2025-09-30,2025-10-06,SEE,SHORT,35.18278121948242,36.03871154785156,101,-86.36251420211792,False
2025-09-30,2025-10-06,LW,SHORT,57.73445510864258,63.022804260253906,61,-322.2667089500427,False
2025-09-30,2025-10-06,COST,LONG,924.3223266601562,909.653076171875,3,-43.9637437133789,False
2025-10-06,2025-10-13,HON,LONG,195.81117248535156,190.10546875,88,-501.59982678222656,False
2025-10-06,2025-10-13,AON,LONG,365.70001220703125,353.3599853515625,56,-690.3504624023437,False
2025-10-06,2025-10-13,HLT,LONG,260.0323486328125,263.2105407714844,99,314.3263807067871,True
2025-10-06,2025-10-13,BWA,SHORT,44.23466873168945,41.05726623535156,585,1856.9216798973084,True
2025-10-07,2025-10-13,FITB,SHORT,43.312400817871094,41.84485626220703,81,118.75223789978027,True
2025-10-07,2025-10-13,MMC,LONG,203.83999633789062,205.36000061035156,17,25.8142325592041,True
2025-10-07,2025-10-13,USB,SHORT,47.045204162597656,45.71803283691406,75,99.43831157684326,True
2025-10-07,2025-10-13,RF,SHORT,25.46208381652832,24.30426597595215,138,159.6190831375122,True
2025-10-13,2025-10-20,EA,LONG,200.10275268554688,200.40248107910156,87,26.050293869018553,True
2025-10-13,2025-10-20,WTW,LONG,335.6916198730469,329.13970947265625,62,-405.81222637939453,False
2025-10-13,2025-10-20,COST,LONG,934.23828125,934.7874755859375,28,15.36206396484375,True
2025-10-13,2025-10-20,LW,LONG,63.430362701416016,65.279296875,413,762.8462038764953,True
2025-10-14,2025-10-20,MCO,LONG,480.2966613769531,473.5201110839844,7,-47.38841619873047,False
2025-10-14,2025-10-20,VLTO,LONG,101.85919189453125,103.84664154052734,34,67.50571467590332,True
2025-10-14,2025-10-20,OKE,LONG,68.51033782958984,67.47647857666016,51,-52.67409507751465,False
2025-10-14,2025-10-20,ALB,SHORT,95.95040130615234,95.85070037841797,36,3.5856441650390627,True
2025-10-20,2025-10-27,AIG,LONG,77.28489685058594,78.89644622802734,226,363.84594914245605,True
2025-10-20,2025-10-27,CTAS,LONG,191.86941528320312,188.2281494140625,109,-396.5010817565918,False
2025-10-20,2025-10-27,ALL,LONG,192.88009643554688,192.29286193847656,136,-79.78402770996094,False
2025-10-20,2025-10-27,CHTR,LONG,251.50999450683594,245.44000244140625,104,-630.6478956298828,False
2025-10-21,2025-10-27,NWSA,LONG,26.3799991607666,26.75,134,49.53053234481811,True
2025-10-21,2025-10-27,JPM,LONG,295.75592041015625,302.7842102050781,12,84.25513806152344,True
2025-10-21,2025-10-27,WAT,LONG,349.2300109863281,351.75,10,25.17469024658203,True
2025-10-21,2025-10-27,TRGP,LONG,150.41073608398438,152.96376037597656,23,58.66083915710449,True
2025-10-27,2025-11-03,MOH,LONG,162.19000244140625,147.02999877929688,107,-1620.4982714538573,False
2025-10-27,2025-11-03,BIO,SHORT,336.1199951171875,311.42999267578125,62,1529.2493712158202,True
2025-10-27,2025-11-03,TECH,SHORT,64.16343688964844,61.177467346191406,407,1214.0743145828246,True
2025-10-27,2025-11-03,SNA,LONG,343.69927978515625,335.2916564941406,75,-629.9411750793457,False
2025-10-28,2025-11-03,AIG,LONG,77.98123931884766,78.54827117919922,45,25.49091728210449,True
2025-10-28,2025-11-03,AAL,LONG,12.710000038146973,13.34000015258789,281,176.85300212574006,True
2025-10-28,2025-11-03,SHW,LONG,353.6236267089844,344.83416748046875,10,-87.8066976928711,False
2025-10-28,2025-11-03,ALL,LONG,189.9539031982422,190.35202026367188,18,7.158941070556641,True
2025-11-03,2025-11-10,DECK,SHORT,81.12000274658203,79.83999633789062,215,274.9261764907837,True
2025-11-03,2025-11-10,MA,LONG,543.2539672851562,552.1306762695312,38,336.97762646484375,True
2025-11-03,2025-11-10,OKE,LONG,65.36000061035156,67.9000015258789,401,1017.5218267593384,True
2025-11-03,2025-11-10,HLT,LONG,258.9429626464844,274.38421630859375,101,1558.0070532531738,True
2025-11-04,2025-11-10,FAST,LONG,41.29999923706055,41.349998474121094,87,4.345583690643311,True
2025-11-04,2025-11-10,MAS,LONG,62.685508728027344,61.470001220703125,57,-69.21464398956299,False
2025-11-04,2025-11-10,VRSN,LONG,239.4407958984375,246.88780212402344,15,111.59338829040527,True
2025-11-04,2025-11-10,FMC,LONG,13.333261489868164,14.009370803833008,270,182.3669652557373,True
2025-11-10,2025-11-17,AIG,LONG,76.51890563964844,76.06130981445312,235,-107.42748390197754,False
2025-11-10,2025-11-17,MMC,LONG,178.1199951171875,180.8699951171875,121,332.41725,True
2025-11-10,2025-11-17,VRSK,LONG,212.4987030029297,218.6459503173828,127,779.9197085266113,True
2025-11-10,2025-11-17,COST,LONG,915.5599975585938,912.5900268554688,29,-86.04302124023438,False
2025-11-11,2025-11-17,CTAS,LONG,185.31515502929688,183.75999450683594,20,-31.072107238769533,False
2025-11-11,2025-11-17,VLTO,LONG,97.76445007324219,97.94422149658203,38,6.824482772827149,True
2025-11-11,2025-11-17,BRO,LONG,80.04000091552734,80.70999908447266,47,31.458424026489258,True
2025-11-11,2025-11-17,META,LONG,626.5690307617188,601.5194091796875,6,-150.1474317626953,False
2025-11-17,2025-11-24,SWKS,LONG,62.44999694824219,63.04999923706055,290,173.8266630935669,True
2025-11-17,2025-11-24,COST,LONG,912.5900268554688,886.1199951171875,23,-608.2019192504882,False
2025-11-17,2025-11-24,EBAY,LONG,81.87116241455078,80.60562133789062,332,-419.7394778137207,False
2025-11-17,2025-11-24,VRSN,LONG,249.4199981689453,249.57000732421875,109,16.334646926879884,True
2025-11-18,2025-11-24,GRMN,LONG,189.03941345214844,191.57850646972656,20,50.73107849121094,True
2025-11-18,2025-11-24,ISRG,LONG,546.77001953125,568.47998046875,7,151.8177568359375,True
2025-11-18,2025-11-24,NTAP,LONG,105.88334655761719,108.43091583251953,36,91.6207814025879,True
2025-11-18,2025-11-24,NXPI,LONG,187.75144958496094,190.708251953125,20,59.07691131591797,True
2025-11-24,2025-12-01,NXPI,LONG,190.708251953125,198.60299682617188,94,741.3639120483399,True
2025-11-24,2025-12-01,VRSK,LONG,219.3843994140625,223.54576110839844,98,407.40563259887693,True
2025-11-24,2025-12-01,EBAY,LONG,80.60562133789062,82.7300033569336,336,713.078566040039,True
2025-11-24,2025-12-01,CARR,LONG,51.52896499633789,54.018287658691406,525,1305.5875033378602,True
2025-11-25,2025-12-01,AMZN,LONG,229.6699981689453,233.8800048828125,16,67.29274731445312,True
2025-11-25,2025-12-01,BRO,LONG,80.51000213623047,81.18000030517578,45,30.119767684936523,True
2025-11-25,2025-12-01,BR,LONG,227.25881958007812,225.59585571289062,16,-26.580814453125,False
2025-11-25,2025-12-01,WDC,LONG,155.28514099121094,163.40859985351562,23,186.6527142791748,True
2025-12-01,2025-12-08,CTAS,LONG,185.42999267578125,182.97999572753906,100,-244.75469512939452,False
2025-12-01,2025-12-08,DUK,LONG,120.75,115.22000122070312,184,-1016.5022556152344,False
2025-12-01,2025-12-08,MRK,LONG,100.96703338623047,98.09160614013672,276,-792.8243020019531,False
2025-12-01,2025-12-08,WDC,LONG,163.40859985351562,169.77999877929688,170,1082.0546795654298,True
2025-12-02,2025-12-08,MSCI,LONG,547.2899780273438,536.9000244140625,6,-62.277381958007815,False
2025-12-02,2025-12-08,MCK,LONG,829.7000122070312,797.9299926757812,4,-126.952998046875,False
2025-12-02,2025-12-08,NVDA,LONG,181.4499053955078,185.5500030517578,20,81.919951171875,True
2025-12-02,2025-12-08,UAL,LONG,104.37999725341797,104.5,36,4.315778778076172,True
2025-12-03,2025-12-08,NCLH,SHORT,18.829999923706055,19.110000610351562,15,-4.195810289382934,False
2025-12-03,2025-12-08,ECL,LONG,263.5909729003906,256.4310607910156,1,-7.152752197265625,False
2025-12-03,2025-12-08,WRB,LONG,70.52352905273438,65.5627670288086,4,-19.823205047607424,False
2025-12-08,2025-12-15,AXP,LONG,361.47698974609375,381.7220458984375,50,1011.2405548095703,True
2025-12-08,2025-12-15,COST,LONG,887.52001953125,860.5599975585938,24,-646.3934868164063,False
2025-12-08,2025-12-15,WRB,LONG,65.5627670288086,69.0999984741211,421,1487.685264038086,True
2025-12-08,2025-12-15,CHD,LONG,81.5999984741211,85.01000213623047,338,1151.4286565551758,True
2025-12-09,2025-12-15,ALB,SHORT,128.90093994140625,132.22000122070312,30,-99.47226654052734,False
2025-12-09,2025-12-15,LRCX,SHORT,165.80999755859375,164.3000030517578,23,34.695143783569335,True
2025-12-09,2025-12-15,XRAY,LONG,10.951568603515625,11.237433433532715,360,102.80842746734619,True
2025-12-09,2025-12-15,SYK,LONG,348.3621520996094,354.4270324707031,11,66.64697039794922,True
2025-12-15,2025-12-22,AXP,LONG,381.7220458984375,380.005859375,49,-84.00904650878907,False
2025-12-15,2025-12-22,BDX,SHORT,200.08999633789062,196.74000549316406,113,378.17041648864745,True
2025-12-15,2025-12-22,BSX,LONG,92.19000244140625,96.43000030517578,307,1300.3776648330688,True
2025-12-15,2025-12-22,CL,LONG,79.43000030517578,79.04000091552734,357,-139.0905523223877,False
2025-12-16,2025-12-22,CMCSA,SHORT,27.540315628051758,27.104930877685547,139,60.457961820602414,True
2025-12-16,2025-12-22,NI,LONG,41.43000030517578,41.45000076293945,92,1.8382020721435546,True
2025-12-16,2025-12-22,BRO,LONG,80.97000122070312,80.37000274658203,47,-28.171728355407716,False
2025-12-16,2025-12-22,PG,LONG,145.2100067138672,142.69000244140625,26,-65.45459097290039,False
2025-12-22,2025-12-29,COST,LONG,850.0,867.8400268554688,22,392.0881102294922,True
2025-12-22,2025-12-29,APA,SHORT,24.40999984741211,24.3799991607666,940,28.172444801330567,True
2025-12-22,2025-12-29,FFIV,LONG,260.3999938964844,259.42999267578125,110,-106.5934341430664,False
2025-12-22,2025-12-29,SRE,LONG,88.08999633789062,88.91000366210938,325,266.23587799072266,True
2025-12-23,2025-12-29,CPRT,LONG,39.150001525878906,39.4900016784668,100,33.96601524353027,True
2025-12-23,2025-12-29,MPC,LONG,166.39999389648438,163.60000610351562,23,-64.33531951904297,False
2025-12-23,2025-12-29,WAB,LONG,219.5500030517578,217.16000366210938,17,-40.589359634399415,False
2025-12-23,2025-12-29,ALB,SHORT,146.6999969482422,144.5800018310547,26,55.06475317382812,True
2025-12-29,2026-01-05,USB,SHORT,53.978179931640625,55.4900016784668,355,-536.1600234031678,False
2025-12-29,2026-01-05,BWA,SHORT,45.790000915527344,47.58000183105469,503,-899.4700900497437,False
2025-12-29,2026-01-05,AZO,LONG,3415.81005859375,3268.300048828125,8,-1178.899998046875,False
2025-12-29,2026-01-05,EXC,LONG,43.630001068115234,43.540000915527344,660,-59.3407006072998,False
2025-12-30,2026-01-05,IDXX,SHORT,682.3200073242188,682.22998046875,6,0.5396209716796875,True
2025-12-30,2026-01-05,NTAP,LONG,107.89353942871094,105.08000183105469,38,-106.80751428222656,False
2025-12-30,2026-01-05,MAS,SHORT,64.19999694824219,63.790000915527344,65,26.623092384338378,True
2025-12-30,2026-01-05,AON,LONG,356.489990234375,351.2900085449219,11,-57.14259878540039,False
2026-01-05,2026-01-12,COST,LONG,875.739990234375,943.0800170898438,21,1412.726423400879,True
2026-01-05,2026-01-12,NTAP,LONG,105.08000183105469,107.02999877929688,213,414.93400062561034,True
2026-01-05,2026-01-12,LNT,LONG,64.9000015258789,65.16999816894531,432,116.52191125488281,True
2026-01-05,2026-01-12,MOH,SHORT,182.8000030517578,181.82000732421875,153,149.78940696716307,True
2026-01-06,2026-01-12,CNC,SHORT,45.7400016784668,46.38999938964844,84,-54.545207931518554,False
2026-01-06,2026-01-12,ADI,SHORT,292.94000244140625,293.8599853515625,13,-11.94781805419922,False
2026-01-06,2026-01-12,COR,LONG,346.1700134277344,342.1600036621094,11,-44.06599731445313,False
2026-01-06,2026-01-12,MPC,LONG,170.4199981689453,175.5399932861328,22,112.52725268554687,True
2026-01-12,2026-01-12,LRCX,SHORT,220.39999389648438,220.39999389648438,86,0.0,False
2026-01-12,2026-01-12,CMCSA,SHORT,28.723278045654297,28.723278045654297,795,0.0,False
2026-01-12,2026-01-12,MMC,LONG,185.6300048828125,185.6300048828125,153,0.0,False
2026-01-12,2026-01-12,AIG,LONG,74.08999633789062,74.08999633789062,385,0.0,False
